{
"type": "FeatureCollection",
"name": "accidents",
"crs": { "type": "name", "properties": { "name": "urn:ogc:def:crs:OGC:1.3:CRS84" } },
"features": [
{"type":"Feature","properties":{"ACC_TYPE":"A1","YEAR":111,"DEAD_CNT":1,"INJ_CNT":0,"LOCATION":8},"geometry":{"type":"Point","coordinates":[120.3125358,22.7978658]}},
{"type":"Feature","properties":{"ACC_TYPE":"A1","YEAR":111,"DEAD_CNT":1,"INJ_CNT":0,"LOCATION":7},"geometry":{"type":"Point","coordinates":[120.3848986,22.6176084]}},
{"type":"Feature","properties":{"ACC_TYPE":"A1","YEAR":111,"DEAD_CNT":1,"INJ_CNT":0,"LOCATION":1},"geometry":{"type":"Point","coordinates":[120.2528,22.85727]}},
{"type":"Feature","properties":{"ACC_TYPE":"A1","YEAR":111,"DEAD_CNT":1,"INJ_CNT":1,"LOCATION":1},"geometry":{"type":"Point","coordinates":[120.2713517,22.73085706]}},
{"type":"Feature","properties":{"ACC_TYPE":"A1","YEAR":111,"DEAD_CNT":1,"INJ_CNT":1,"LOCATION":2},"geometry":{"type":"Point","coordinates":[120.3244303,22.740414]}},
{"type":"Feature","properties":{"ACC_TYPE":"A1","YEAR":111,"DEAD_CNT":1,"INJ_CNT":0,"LOCATION":9},"geometry":{"type":"Point","coordinates":[120.7745695,23.17050379]}},
{"type":"Feature","properties":{"ACC_TYPE":"A1","YEAR":111,"DEAD_CNT":1,"INJ_CNT":1,"LOCATION":7},"geometry":{"type":"Point","coordinates":[120.2890818,22.799041]}},
{"type":"Feature","properties":{"ACC_TYPE":"A1","YEAR":111,"DEAD_CNT":1,"INJ_CNT":0,"LOCATION":1},"geometry":{"type":"Point","coordinates":[120.3077,22.61046]}},
{"type":"Feature","properties":{"ACC_TYPE":"A1","YEAR":111,"DEAD_CNT":1,"INJ_CNT":0,"LOCATION":9},"geometry":{"type":"Point","coordinates":[120.3242,22.69195]}},
{"type":"Feature","properties":{"ACC_TYPE":"A1","YEAR":111,"DEAD_CNT":1,"INJ_CNT":3,"LOCATION":1},"geometry":{"type":"Point","coordinates":[120.2966,22.68684]}},
{"type":"Feature","properties":{"ACC_TYPE":"A1","YEAR":111,"DEAD_CNT":1,"INJ_CNT":0,"LOCATION":2},"geometry":{"type":"Point","coordinates":[120.2956234,22.6894443]}},
{"type":"Feature","properties":{"ACC_TYPE":"A1","YEAR":111,"DEAD_CNT":1,"INJ_CNT":0,"LOCATION":7},"geometry":{"type":"Point","coordinates":[120.30152,22.62716]}},
{"type":"Feature","properties":{"ACC_TYPE":"A1","YEAR":111,"DEAD_CNT":2,"INJ_CNT":1,"LOCATION":9},"geometry":{"type":"Point","coordinates":[120.3804,22.87755]}},
{"type":"Feature","properties":{"ACC_TYPE":"A1","YEAR":111,"DEAD_CNT":1,"INJ_CNT":0,"LOCATION":8},"geometry":{"type":"Point","coordinates":[120.2699848,22.88008899]}},
{"type":"Feature","properties":{"ACC_TYPE":"A1","YEAR":111,"DEAD_CNT":1,"INJ_CNT":1,"LOCATION":1},"geometry":{"type":"Point","coordinates":[120.314856,22.6407775]}},
{"type":"Feature","properties":{"ACC_TYPE":"A1","YEAR":111,"DEAD_CNT":1,"INJ_CNT":1,"LOCATION":8},"geometry":{"type":"Point","coordinates":[120.5176,22.96082]}},
{"type":"Feature","properties":{"ACC_TYPE":"A1","YEAR":112,"DEAD_CNT":1,"INJ_CNT":0,"LOCATION":7},"geometry":{"type":"Point","coordinates":[120.4441219,22.71986999]}},
{"type":"Feature","properties":{"ACC_TYPE":"A1","YEAR":112,"DEAD_CNT":1,"INJ_CNT":2,"LOCATION":9},"geometry":{"type":"Point","coordinates":[120.361,22.795]}},
{"type":"Feature","properties":{"ACC_TYPE":"A1","YEAR":112,"DEAD_CNT":1,"INJ_CNT":0,"LOCATION":7},"geometry":{"type":"Point","coordinates":[120.3642,22.64242]}},
{"type":"Feature","properties":{"ACC_TYPE":"A1","YEAR":112,"DEAD_CNT":1,"INJ_CNT":1,"LOCATION":1},"geometry":{"type":"Point","coordinates":[120.3385,22.6372]}},
{"type":"Feature","properties":{"ACC_TYPE":"A1","YEAR":112,"DEAD_CNT":1,"INJ_CNT":0,"LOCATION":1},"geometry":{"type":"Point","coordinates":[120.3118188,22.7547082]}},
{"type":"Feature","properties":{"ACC_TYPE":"A1","YEAR":112,"DEAD_CNT":1,"INJ_CNT":0,"LOCATION":9},"geometry":{"type":"Point","coordinates":[120.3918621,22.61154111]}},
{"type":"Feature","properties":{"ACC_TYPE":"A1","YEAR":112,"DEAD_CNT":1,"INJ_CNT":1,"LOCATION":9},"geometry":{"type":"Point","coordinates":[120.4801334,22.88935964]}},
{"type":"Feature","properties":{"ACC_TYPE":"A1","YEAR":112,"DEAD_CNT":1,"INJ_CNT":1,"LOCATION":8},"geometry":{"type":"Point","coordinates":[120.3071,22.76451]}},
{"type":"Feature","properties":{"ACC_TYPE":"A1","YEAR":112,"DEAD_CNT":1,"INJ_CNT":0,"LOCATION":9},"geometry":{"type":"Point","coordinates":[120.4239311,22.7213322]}},
{"type":"Feature","properties":{"ACC_TYPE":"A1","YEAR":112,"DEAD_CNT":1,"INJ_CNT":1,"LOCATION":7},"geometry":{"type":"Point","coordinates":[120.3357607,22.6087503]}},
{"type":"Feature","properties":{"ACC_TYPE":"A1","YEAR":112,"DEAD_CNT":1,"INJ_CNT":0,"LOCATION":2},"geometry":{"type":"Point","coordinates":[120.3293,22.59355]}},
{"type":"Feature","properties":{"ACC_TYPE":"A1","YEAR":112,"DEAD_CNT":1,"INJ_CNT":1,"LOCATION":7},"geometry":{"type":"Point","coordinates":[120.6025,23.10745]}},
{"type":"Feature","properties":{"ACC_TYPE":"A1","YEAR":112,"DEAD_CNT":1,"INJ_CNT":0,"LOCATION":9},"geometry":{"type":"Point","coordinates":[120.4183823,22.5909945]}},
{"type":"Feature","properties":{"ACC_TYPE":"A1","YEAR":112,"DEAD_CNT":1,"INJ_CNT":0,"LOCATION":7},"geometry":{"type":"Point","coordinates":[120.2910446,22.6216544]}},
{"type":"Feature","properties":{"ACC_TYPE":"A1","YEAR":112,"DEAD_CNT":1,"INJ_CNT":2,"LOCATION":9},"geometry":{"type":"Point","coordinates":[120.341139,22.641061]}},
{"type":"Feature","properties":{"ACC_TYPE":"A1","YEAR":112,"DEAD_CNT":1,"INJ_CNT":0,"LOCATION":7},"geometry":{"type":"Point","coordinates":[120.1855,22.89454]}},
{"type":"Feature","properties":{"ACC_TYPE":"A1","YEAR":112,"DEAD_CNT":1,"INJ_CNT":0,"LOCATION":9},"geometry":{"type":"Point","coordinates":[120.3114,22.88578]}},
{"type":"Feature","properties":{"ACC_TYPE":"A1","YEAR":112,"DEAD_CNT":1,"INJ_CNT":1,"LOCATION":9},"geometry":{"type":"Point","coordinates":[120.3643,22.76604]}},
{"type":"Feature","properties":{"ACC_TYPE":"A1","YEAR":112,"DEAD_CNT":1,"INJ_CNT":0,"LOCATION":9},"geometry":{"type":"Point","coordinates":[120.4791445,22.9019911]}},
{"type":"Feature","properties":{"ACC_TYPE":"A1","YEAR":113,"DEAD_CNT":1,"INJ_CNT":0,"LOCATION":2},"geometry":{"type":"Point","coordinates":[120.3098464,22.6434987]}},
{"type":"Feature","properties":{"ACC_TYPE":"A1","YEAR":113,"DEAD_CNT":1,"INJ_CNT":0,"LOCATION":14},"geometry":{"type":"Point","coordinates":[120.6147091,22.88087605]}},
{"type":"Feature","properties":{"ACC_TYPE":"A1","YEAR":113,"DEAD_CNT":1,"INJ_CNT":1,"LOCATION":2},"geometry":{"type":"Point","coordinates":[120.3454662,22.6047148]}},
{"type":"Feature","properties":{"ACC_TYPE":"A1","YEAR":113,"DEAD_CNT":1,"INJ_CNT":0,"LOCATION":2},"geometry":{"type":"Point","coordinates":[120.3709598,22.5679209]}},
{"type":"Feature","properties":{"ACC_TYPE":"A1","YEAR":113,"DEAD_CNT":1,"INJ_CNT":0,"LOCATION":1},"geometry":{"type":"Point","coordinates":[120.2782979,22.6517369]}},
{"type":"Feature","properties":{"ACC_TYPE":"A1","YEAR":113,"DEAD_CNT":1,"INJ_CNT":0,"LOCATION":1},"geometry":{"type":"Point","coordinates":[120.3386,22.69275]}},
{"type":"Feature","properties":{"ACC_TYPE":"A1","YEAR":113,"DEAD_CNT":1,"INJ_CNT":1,"LOCATION":1},"geometry":{"type":"Point","coordinates":[120.184356,22.88869473]}},
{"type":"Feature","properties":{"ACC_TYPE":"A1","YEAR":113,"DEAD_CNT":1,"INJ_CNT":0,"LOCATION":7},"geometry":{"type":"Point","coordinates":[120.2956288,22.6179881]}},
{"type":"Feature","properties":{"ACC_TYPE":"A1","YEAR":113,"DEAD_CNT":1,"INJ_CNT":0,"LOCATION":1},"geometry":{"type":"Point","coordinates":[120.3032504,22.66579574]}},
{"type":"Feature","properties":{"ACC_TYPE":"A1","YEAR":113,"DEAD_CNT":1,"INJ_CNT":0,"LOCATION":1},"geometry":{"type":"Point","coordinates":[120.322,22.65817]}},
{"type":"Feature","properties":{"ACC_TYPE":"A1","YEAR":113,"DEAD_CNT":1,"INJ_CNT":1,"LOCATION":9},"geometry":{"type":"Point","coordinates":[120.3182047,22.61621676]}},
{"type":"Feature","properties":{"ACC_TYPE":"A1","YEAR":113,"DEAD_CNT":1,"INJ_CNT":0,"LOCATION":9},"geometry":{"type":"Point","coordinates":[120.5593,22.90767]}},
{"type":"Feature","properties":{"ACC_TYPE":"A1","YEAR":113,"DEAD_CNT":1,"INJ_CNT":0,"LOCATION":1},"geometry":{"type":"Point","coordinates":[120.3582115,22.67636981]}},
{"type":"Feature","properties":{"ACC_TYPE":"A1","YEAR":113,"DEAD_CNT":1,"INJ_CNT":1,"LOCATION":7},"geometry":{"type":"Point","coordinates":[22.9587492,120.5152434]}},
{"type":"Feature","properties":{"ACC_TYPE":"A1","YEAR":113,"DEAD_CNT":1,"INJ_CNT":0,"LOCATION":2},"geometry":{"type":"Point","coordinates":[22.62714934,120.3038617]}},
{"type":"Feature","properties":{"ACC_TYPE":"A1","YEAR":113,"DEAD_CNT":1,"INJ_CNT":0,"LOCATION":1},"geometry":{"type":"Point","coordinates":[22.6360348,120.2932013]}},
{"type":"Feature","properties":{"ACC_TYPE":"A1","YEAR":113,"DEAD_CNT":1,"INJ_CNT":0,"LOCATION":1},"geometry":{"type":"Point","coordinates":[120.3071095,22.6070963]}},
{"type":"Feature","properties":{"ACC_TYPE":"A1","YEAR":113,"DEAD_CNT":1,"INJ_CNT":0,"LOCATION":1},"geometry":{"type":"Point","coordinates":[120.3696431,22.86454203]}},
{"type":"Feature","properties":{"ACC_TYPE":"A1","YEAR":113,"DEAD_CNT":1,"INJ_CNT":1,"LOCATION":8},"geometry":{"type":"Point","coordinates":[120.4961975,22.92021]}},
{"type":"Feature","properties":{"ACC_TYPE":"A1","YEAR":113,"DEAD_CNT":1,"INJ_CNT":0,"LOCATION":1},"geometry":{"type":"Point","coordinates":[120.3037875,22.62045785]}},
{"type":"Feature","properties":{"ACC_TYPE":"A2","YEAR":111,"DEAD_CNT":0,"INJ_CNT":3,"LOCATION":9},"geometry":{"type":"Point","coordinates":[120.3851177,22.497299]}},
{"type":"Feature","properties":{"ACC_TYPE":"A2","YEAR":111,"DEAD_CNT":0,"INJ_CNT":2,"LOCATION":8},"geometry":{"type":"Point","coordinates":[120.2974543,22.58879618]}},
{"type":"Feature","properties":{"ACC_TYPE":"A2","YEAR":111,"DEAD_CNT":0,"INJ_CNT":1,"LOCATION":1},"geometry":{"type":"Point","coordinates":[120.3169348,22.6347905]}},
{"type":"Feature","properties":{"ACC_TYPE":"A2","YEAR":111,"DEAD_CNT":0,"INJ_CNT":1,"LOCATION":1},"geometry":{"type":"Point","coordinates":[120.2963248,22.6431258]}},
{"type":"Feature","properties":{"ACC_TYPE":"A2","YEAR":111,"DEAD_CNT":0,"INJ_CNT":2,"LOCATION":9},"geometry":{"type":"Point","coordinates":[120.4037229,22.6124893]}},
{"type":"Feature","properties":{"ACC_TYPE":"A2","YEAR":111,"DEAD_CNT":0,"INJ_CNT":1,"LOCATION":7},"geometry":{"type":"Point","coordinates":[120.3550464,22.6787207]}},
{"type":"Feature","properties":{"ACC_TYPE":"A2","YEAR":111,"DEAD_CNT":0,"INJ_CNT":1,"LOCATION":2},"geometry":{"type":"Point","coordinates":[120.2917182,22.7272071]}},
{"type":"Feature","properties":{"ACC_TYPE":"A2","YEAR":111,"DEAD_CNT":0,"INJ_CNT":1,"LOCATION":1},"geometry":{"type":"Point","coordinates":[120.3504831,22.6408176]}},
{"type":"Feature","properties":{"ACC_TYPE":"A2","YEAR":111,"DEAD_CNT":0,"INJ_CNT":1,"LOCATION":1},"geometry":{"type":"Point","coordinates":[120.3110626,22.6893682]}},
{"type":"Feature","properties":{"ACC_TYPE":"A2","YEAR":111,"DEAD_CNT":0,"INJ_CNT":2,"LOCATION":9},"geometry":{"type":"Point","coordinates":[120.3009885,22.6320207]}},
{"type":"Feature","properties":{"ACC_TYPE":"A2","YEAR":111,"DEAD_CNT":0,"INJ_CNT":1,"LOCATION":1},"geometry":{"type":"Point","coordinates":[120.3733,22.62536]}},
{"type":"Feature","properties":{"ACC_TYPE":"A2","YEAR":111,"DEAD_CNT":0,"INJ_CNT":1,"LOCATION":9},"geometry":{"type":"Point","coordinates":[120.3363219,22.5687682]}},
{"type":"Feature","properties":{"ACC_TYPE":"A2","YEAR":111,"DEAD_CNT":0,"INJ_CNT":1,"LOCATION":1},"geometry":{"type":"Point","coordinates":[120.3344829,22.6162066]}},
{"type":"Feature","properties":{"ACC_TYPE":"A2","YEAR":111,"DEAD_CNT":0,"INJ_CNT":2,"LOCATION":8},"geometry":{"type":"Point","coordinates":[120.3066052,22.6575632]}},
{"type":"Feature","properties":{"ACC_TYPE":"A2","YEAR":111,"DEAD_CNT":0,"INJ_CNT":2,"LOCATION":1},"geometry":{"type":"Point","coordinates":[120.3208,22.571]}},
{"type":"Feature","properties":{"ACC_TYPE":"A2","YEAR":111,"DEAD_CNT":0,"INJ_CNT":2,"LOCATION":8},"geometry":{"type":"Point","coordinates":[120.296213,22.669838]}},
{"type":"Feature","properties":{"ACC_TYPE":"A2","YEAR":111,"DEAD_CNT":0,"INJ_CNT":1,"LOCATION":1},"geometry":{"type":"Point","coordinates":[120.3349148,22.5973645]}},
{"type":"Feature","properties":{"ACC_TYPE":"A2","YEAR":111,"DEAD_CNT":0,"INJ_CNT":1,"LOCATION":9},"geometry":{"type":"Point","coordinates":[120.3919443,22.65841636]}},
{"type":"Feature","properties":{"ACC_TYPE":"A2","YEAR":111,"DEAD_CNT":0,"INJ_CNT":2,"LOCATION":9},"geometry":{"type":"Point","coordinates":[120.3649072,22.63637094]}},
{"type":"Feature","properties":{"ACC_TYPE":"A2","YEAR":111,"DEAD_CNT":0,"INJ_CNT":2,"LOCATION":9},"geometry":{"type":"Point","coordinates":[120.3356498,22.5997104]}},
{"type":"Feature","properties":{"ACC_TYPE":"A2","YEAR":111,"DEAD_CNT":0,"INJ_CNT":1,"LOCATION":1},"geometry":{"type":"Point","coordinates":[120.2653783,22.7605744]}},
{"type":"Feature","properties":{"ACC_TYPE":"A2","YEAR":111,"DEAD_CNT":0,"INJ_CNT":2,"LOCATION":1},"geometry":{"type":"Point","coordinates":[120.3099198,22.58745511]}},
{"type":"Feature","properties":{"ACC_TYPE":"A2","YEAR":111,"DEAD_CNT":0,"INJ_CNT":2,"LOCATION":8},"geometry":{"type":"Point","coordinates":[120.3432784,22.6499122]}},
{"type":"Feature","properties":{"ACC_TYPE":"A2","YEAR":111,"DEAD_CNT":0,"INJ_CNT":3,"LOCATION":8},"geometry":{"type":"Point","coordinates":[120.3362186,22.6125104]}},
{"type":"Feature","properties":{"ACC_TYPE":"A2","YEAR":111,"DEAD_CNT":0,"INJ_CNT":1,"LOCATION":13},"geometry":{"type":"Point","coordinates":[120.701157,23.1093348]}},
{"type":"Feature","properties":{"ACC_TYPE":"A2","YEAR":111,"DEAD_CNT":0,"INJ_CNT":1,"LOCATION":1},"geometry":{"type":"Point","coordinates":[120.3594,22.56991]}},
{"type":"Feature","properties":{"ACC_TYPE":"A2","YEAR":111,"DEAD_CNT":0,"INJ_CNT":1,"LOCATION":9},"geometry":{"type":"Point","coordinates":[120.4054906,22.6106722]}},
{"type":"Feature","properties":{"ACC_TYPE":"A2","YEAR":111,"DEAD_CNT":0,"INJ_CNT":2,"LOCATION":7},"geometry":{"type":"Point","coordinates":[120.293528,22.641686]}},
{"type":"Feature","properties":{"ACC_TYPE":"A2","YEAR":111,"DEAD_CNT":0,"INJ_CNT":2,"LOCATION":9},"geometry":{"type":"Point","coordinates":[120.3556638,22.7538707]}},
{"type":"Feature","properties":{"ACC_TYPE":"A2","YEAR":111,"DEAD_CNT":0,"INJ_CNT":2,"LOCATION":8},"geometry":{"type":"Point","coordinates":[120.3379775,22.6398955]}},
{"type":"Feature","properties":{"ACC_TYPE":"A2","YEAR":111,"DEAD_CNT":0,"INJ_CNT":1,"LOCATION":1},"geometry":{"type":"Point","coordinates":[120.3218216,22.6793754]}},
{"type":"Feature","properties":{"ACC_TYPE":"A2","YEAR":111,"DEAD_CNT":0,"INJ_CNT":1,"LOCATION":1},"geometry":{"type":"Point","coordinates":[120.3925,22.63637]}},
{"type":"Feature","properties":{"ACC_TYPE":"A2","YEAR":111,"DEAD_CNT":0,"INJ_CNT":1,"LOCATION":8},"geometry":{"type":"Point","coordinates":[120.3623129,22.6363931]}},
{"type":"Feature","properties":{"ACC_TYPE":"A2","YEAR":111,"DEAD_CNT":0,"INJ_CNT":1,"LOCATION":2},"geometry":{"type":"Point","coordinates":[120.3657171,22.58976554]}},
{"type":"Feature","properties":{"ACC_TYPE":"A2","YEAR":111,"DEAD_CNT":0,"INJ_CNT":1,"LOCATION":1},"geometry":{"type":"Point","coordinates":[120.3171243,22.7430672]}},
{"type":"Feature","properties":{"ACC_TYPE":"A2","YEAR":111,"DEAD_CNT":0,"INJ_CNT":2,"LOCATION":9},"geometry":{"type":"Point","coordinates":[120.3301898,22.63660887]}},
{"type":"Feature","properties":{"ACC_TYPE":"A2","YEAR":111,"DEAD_CNT":0,"INJ_CNT":1,"LOCATION":1},"geometry":{"type":"Point","coordinates":[120.3027094,22.6889406]}},
{"type":"Feature","properties":{"ACC_TYPE":"A2","YEAR":111,"DEAD_CNT":0,"INJ_CNT":1,"LOCATION":2},"geometry":{"type":"Point","coordinates":[120.2883915,22.661311]}},
{"type":"Feature","properties":{"ACC_TYPE":"A2","YEAR":111,"DEAD_CNT":0,"INJ_CNT":1,"LOCATION":20},"geometry":{"type":"Point","coordinates":[120.3566692,22.5670274]}},
{"type":"Feature","properties":{"ACC_TYPE":"A2","YEAR":111,"DEAD_CNT":0,"INJ_CNT":2,"LOCATION":1},"geometry":{"type":"Point","coordinates":[120.3531479,22.7091484]}},
{"type":"Feature","properties":{"ACC_TYPE":"A2","YEAR":111,"DEAD_CNT":0,"INJ_CNT":1,"LOCATION":9},"geometry":{"type":"Point","coordinates":[120.2745982,22.6231123]}},
{"type":"Feature","properties":{"ACC_TYPE":"A2","YEAR":111,"DEAD_CNT":0,"INJ_CNT":2,"LOCATION":8},"geometry":{"type":"Point","coordinates":[120.2968069,22.7232075]}},
{"type":"Feature","properties":{"ACC_TYPE":"A2","YEAR":111,"DEAD_CNT":0,"INJ_CNT":2,"LOCATION":9},"geometry":{"type":"Point","coordinates":[120.2954,22.79672]}},
{"type":"Feature","properties":{"ACC_TYPE":"A2","YEAR":111,"DEAD_CNT":0,"INJ_CNT":1,"LOCATION":9},"geometry":{"type":"Point","coordinates":[120.3133533,22.58677856]}},
{"type":"Feature","properties":{"ACC_TYPE":"A2","YEAR":111,"DEAD_CNT":0,"INJ_CNT":2,"LOCATION":9},"geometry":{"type":"Point","coordinates":[120.2792,22.80256]}},
{"type":"Feature","properties":{"ACC_TYPE":"A2","YEAR":111,"DEAD_CNT":0,"INJ_CNT":2,"LOCATION":9},"geometry":{"type":"Point","coordinates":[120.2901,22.64891]}},
{"type":"Feature","properties":{"ACC_TYPE":"A2","YEAR":111,"DEAD_CNT":0,"INJ_CNT":2,"LOCATION":1},"geometry":{"type":"Point","coordinates":[120.307388,22.6181426]}},
{"type":"Feature","properties":{"ACC_TYPE":"A2","YEAR":111,"DEAD_CNT":0,"INJ_CNT":2,"LOCATION":8},"geometry":{"type":"Point","coordinates":[120.30152,22.62716]}},
{"type":"Feature","properties":{"ACC_TYPE":"A2","YEAR":111,"DEAD_CNT":0,"INJ_CNT":1,"LOCATION":13},"geometry":{"type":"Point","coordinates":[120.4281,22.68696]}},
{"type":"Feature","properties":{"ACC_TYPE":"A2","YEAR":111,"DEAD_CNT":0,"INJ_CNT":2,"LOCATION":1},"geometry":{"type":"Point","coordinates":[120.2847179,22.7973735]}},
{"type":"Feature","properties":{"ACC_TYPE":"A2","YEAR":111,"DEAD_CNT":0,"INJ_CNT":1,"LOCATION":1},"geometry":{"type":"Point","coordinates":[120.2627763,22.85474073]}},
{"type":"Feature","properties":{"ACC_TYPE":"A2","YEAR":111,"DEAD_CNT":0,"INJ_CNT":2,"LOCATION":1},"geometry":{"type":"Point","coordinates":[120.3735,22.5722]}},
{"type":"Feature","properties":{"ACC_TYPE":"A2","YEAR":111,"DEAD_CNT":0,"INJ_CNT":2,"LOCATION":2},"geometry":{"type":"Point","coordinates":[120.3476281,22.6280017]}},
{"type":"Feature","properties":{"ACC_TYPE":"A2","YEAR":111,"DEAD_CNT":0,"INJ_CNT":2,"LOCATION":9},"geometry":{"type":"Point","coordinates":[120.2892,22.68711]}},
{"type":"Feature","properties":{"ACC_TYPE":"A2","YEAR":111,"DEAD_CNT":0,"INJ_CNT":2,"LOCATION":9},"geometry":{"type":"Point","coordinates":[120.30152,22.62716]}},
{"type":"Feature","properties":{"ACC_TYPE":"A2","YEAR":111,"DEAD_CNT":0,"INJ_CNT":1,"LOCATION":1},"geometry":{"type":"Point","coordinates":[120.2844,22.63676]}},
{"type":"Feature","properties":{"ACC_TYPE":"A2","YEAR":111,"DEAD_CNT":0,"INJ_CNT":1,"LOCATION":1},"geometry":{"type":"Point","coordinates":[120.3024836,22.6017666]}},
{"type":"Feature","properties":{"ACC_TYPE":"A2","YEAR":111,"DEAD_CNT":0,"INJ_CNT":2,"LOCATION":9},"geometry":{"type":"Point","coordinates":[120.3811,22.5436]}},
{"type":"Feature","properties":{"ACC_TYPE":"A2","YEAR":111,"DEAD_CNT":0,"INJ_CNT":2,"LOCATION":1},"geometry":{"type":"Point","coordinates":[120.3224658,22.6468437]}},
{"type":"Feature","properties":{"ACC_TYPE":"A2","YEAR":111,"DEAD_CNT":0,"INJ_CNT":1,"LOCATION":1},"geometry":{"type":"Point","coordinates":[120.3228916,22.5803004]}},
{"type":"Feature","properties":{"ACC_TYPE":"A2","YEAR":111,"DEAD_CNT":0,"INJ_CNT":2,"LOCATION":1},"geometry":{"type":"Point","coordinates":[120.4527,22.91708]}},
{"type":"Feature","properties":{"ACC_TYPE":"A2","YEAR":111,"DEAD_CNT":0,"INJ_CNT":2,"LOCATION":9},"geometry":{"type":"Point","coordinates":[120.2792379,22.6511287]}},
{"type":"Feature","properties":{"ACC_TYPE":"A2","YEAR":111,"DEAD_CNT":0,"INJ_CNT":2,"LOCATION":13},"geometry":{"type":"Point","coordinates":[120.3928587,22.6126779]}},
{"type":"Feature","properties":{"ACC_TYPE":"A2","YEAR":111,"DEAD_CNT":0,"INJ_CNT":1,"LOCATION":2},"geometry":{"type":"Point","coordinates":[120.2873378,22.718248]}},
{"type":"Feature","properties":{"ACC_TYPE":"A2","YEAR":111,"DEAD_CNT":0,"INJ_CNT":3,"LOCATION":1},"geometry":{"type":"Point","coordinates":[120.3358037,22.6300171]}},
{"type":"Feature","properties":{"ACC_TYPE":"A2","YEAR":111,"DEAD_CNT":0,"INJ_CNT":2,"LOCATION":8},"geometry":{"type":"Point","coordinates":[120.3079802,22.5925882]}},
{"type":"Feature","properties":{"ACC_TYPE":"A2","YEAR":111,"DEAD_CNT":0,"INJ_CNT":2,"LOCATION":1},"geometry":{"type":"Point","coordinates":[120.342606,22.70574407]}},
{"type":"Feature","properties":{"ACC_TYPE":"A2","YEAR":111,"DEAD_CNT":0,"INJ_CNT":2,"LOCATION":1},"geometry":{"type":"Point","coordinates":[120.3635864,22.5683114]}},
{"type":"Feature","properties":{"ACC_TYPE":"A2","YEAR":111,"DEAD_CNT":0,"INJ_CNT":2,"LOCATION":8},"geometry":{"type":"Point","coordinates":[120.3610523,22.6290007]}},
{"type":"Feature","properties":{"ACC_TYPE":"A2","YEAR":111,"DEAD_CNT":0,"INJ_CNT":1,"LOCATION":7},"geometry":{"type":"Point","coordinates":[120.3321756,22.642081]}},
{"type":"Feature","properties":{"ACC_TYPE":"A2","YEAR":111,"DEAD_CNT":0,"INJ_CNT":1,"LOCATION":9},"geometry":{"type":"Point","coordinates":[120.3033,22.62222]}},
{"type":"Feature","properties":{"ACC_TYPE":"A2","YEAR":111,"DEAD_CNT":0,"INJ_CNT":3,"LOCATION":8},"geometry":{"type":"Point","coordinates":[120.3254,22.58515]}},
{"type":"Feature","properties":{"ACC_TYPE":"A2","YEAR":111,"DEAD_CNT":0,"INJ_CNT":1,"LOCATION":9},"geometry":{"type":"Point","coordinates":[120.4111445,22.5890928]}},
{"type":"Feature","properties":{"ACC_TYPE":"A2","YEAR":111,"DEAD_CNT":0,"INJ_CNT":2,"LOCATION":8},"geometry":{"type":"Point","coordinates":[120.3257271,22.6335515]}},
{"type":"Feature","properties":{"ACC_TYPE":"A2","YEAR":111,"DEAD_CNT":0,"INJ_CNT":1,"LOCATION":1},"geometry":{"type":"Point","coordinates":[120.3082,22.75082]}},
{"type":"Feature","properties":{"ACC_TYPE":"A2","YEAR":111,"DEAD_CNT":0,"INJ_CNT":2,"LOCATION":1},"geometry":{"type":"Point","coordinates":[120.3389964,22.62965972]}},
{"type":"Feature","properties":{"ACC_TYPE":"A2","YEAR":111,"DEAD_CNT":0,"INJ_CNT":1,"LOCATION":1},"geometry":{"type":"Point","coordinates":[120.3196508,22.6820516]}},
{"type":"Feature","properties":{"ACC_TYPE":"A2","YEAR":111,"DEAD_CNT":0,"INJ_CNT":1,"LOCATION":8},"geometry":{"type":"Point","coordinates":[120.298505,22.7955512]}},
{"type":"Feature","properties":{"ACC_TYPE":"A2","YEAR":111,"DEAD_CNT":0,"INJ_CNT":2,"LOCATION":1},"geometry":{"type":"Point","coordinates":[120.2769,22.64971]}},
{"type":"Feature","properties":{"ACC_TYPE":"A2","YEAR":111,"DEAD_CNT":0,"INJ_CNT":1,"LOCATION":1},"geometry":{"type":"Point","coordinates":[120.3654441,22.5726124]}},
{"type":"Feature","properties":{"ACC_TYPE":"A2","YEAR":111,"DEAD_CNT":0,"INJ_CNT":1,"LOCATION":2},"geometry":{"type":"Point","coordinates":[120.1854173,22.88895189]}},
{"type":"Feature","properties":{"ACC_TYPE":"A2","YEAR":111,"DEAD_CNT":0,"INJ_CNT":1,"LOCATION":1},"geometry":{"type":"Point","coordinates":[120.3466149,22.5839335]}},
{"type":"Feature","properties":{"ACC_TYPE":"A2","YEAR":111,"DEAD_CNT":0,"INJ_CNT":2,"LOCATION":1},"geometry":{"type":"Point","coordinates":[120.3402214,22.6523281]}},
{"type":"Feature","properties":{"ACC_TYPE":"A2","YEAR":111,"DEAD_CNT":0,"INJ_CNT":1,"LOCATION":2},"geometry":{"type":"Point","coordinates":[120.3264,22.64349]}},
{"type":"Feature","properties":{"ACC_TYPE":"A2","YEAR":111,"DEAD_CNT":0,"INJ_CNT":2,"LOCATION":9},"geometry":{"type":"Point","coordinates":[120.3806005,22.62110736]}},
{"type":"Feature","properties":{"ACC_TYPE":"A2","YEAR":111,"DEAD_CNT":0,"INJ_CNT":1,"LOCATION":9},"geometry":{"type":"Point","coordinates":[120.3613191,22.57221309]}},
{"type":"Feature","properties":{"ACC_TYPE":"A2","YEAR":111,"DEAD_CNT":0,"INJ_CNT":2,"LOCATION":1},"geometry":{"type":"Point","coordinates":[120.3156,22.65879]}},
{"type":"Feature","properties":{"ACC_TYPE":"A2","YEAR":111,"DEAD_CNT":0,"INJ_CNT":1,"LOCATION":1},"geometry":{"type":"Point","coordinates":[120.3292374,22.6424923]}},
{"type":"Feature","properties":{"ACC_TYPE":"A2","YEAR":111,"DEAD_CNT":0,"INJ_CNT":1,"LOCATION":1},"geometry":{"type":"Point","coordinates":[120.5377883,22.9018586]}},
{"type":"Feature","properties":{"ACC_TYPE":"A2","YEAR":111,"DEAD_CNT":0,"INJ_CNT":2,"LOCATION":8},"geometry":{"type":"Point","coordinates":[120.3026,22.67555]}},
{"type":"Feature","properties":{"ACC_TYPE":"A2","YEAR":111,"DEAD_CNT":0,"INJ_CNT":2,"LOCATION":9},"geometry":{"type":"Point","coordinates":[120.3191661,22.6590247]}},
{"type":"Feature","properties":{"ACC_TYPE":"A2","YEAR":111,"DEAD_CNT":0,"INJ_CNT":2,"LOCATION":9},"geometry":{"type":"Point","coordinates":[120.3085053,22.62256354]}},
{"type":"Feature","properties":{"ACC_TYPE":"A2","YEAR":111,"DEAD_CNT":0,"INJ_CNT":2,"LOCATION":9},"geometry":{"type":"Point","coordinates":[120.2943081,22.7945336]}},
{"type":"Feature","properties":{"ACC_TYPE":"A2","YEAR":111,"DEAD_CNT":0,"INJ_CNT":1,"LOCATION":1},"geometry":{"type":"Point","coordinates":[120.3456307,22.61003985]}},
{"type":"Feature","properties":{"ACC_TYPE":"A2","YEAR":111,"DEAD_CNT":0,"INJ_CNT":2,"LOCATION":8},"geometry":{"type":"Point","coordinates":[120.3255,22.6242]}},
{"type":"Feature","properties":{"ACC_TYPE":"A2","YEAR":111,"DEAD_CNT":0,"INJ_CNT":2,"LOCATION":1},"geometry":{"type":"Point","coordinates":[120.3242,22.72528]}},
{"type":"Feature","properties":{"ACC_TYPE":"A2","YEAR":111,"DEAD_CNT":0,"INJ_CNT":2,"LOCATION":8},"geometry":{"type":"Point","coordinates":[120.3619949,22.56762164]}},
{"type":"Feature","properties":{"ACC_TYPE":"A2","YEAR":111,"DEAD_CNT":0,"INJ_CNT":1,"LOCATION":2},"geometry":{"type":"Point","coordinates":[120.326549,22.72795745]}},
{"type":"Feature","properties":{"ACC_TYPE":"A2","YEAR":111,"DEAD_CNT":0,"INJ_CNT":2,"LOCATION":9},"geometry":{"type":"Point","coordinates":[120.3004908,22.79195156]}},
{"type":"Feature","properties":{"ACC_TYPE":"A2","YEAR":111,"DEAD_CNT":0,"INJ_CNT":2,"LOCATION":8},"geometry":{"type":"Point","coordinates":[120.3059882,22.7904647]}},
{"type":"Feature","properties":{"ACC_TYPE":"A2","YEAR":111,"DEAD_CNT":0,"INJ_CNT":2,"LOCATION":8},"geometry":{"type":"Point","coordinates":[120.3249587,22.635527]}},
{"type":"Feature","properties":{"ACC_TYPE":"A2","YEAR":111,"DEAD_CNT":0,"INJ_CNT":2,"LOCATION":7},"geometry":{"type":"Point","coordinates":[120.3342967,22.59434563]}},
{"type":"Feature","properties":{"ACC_TYPE":"A2","YEAR":111,"DEAD_CNT":0,"INJ_CNT":2,"LOCATION":8},"geometry":{"type":"Point","coordinates":[120.2491552,22.85051669]}},
{"type":"Feature","properties":{"ACC_TYPE":"A2","YEAR":111,"DEAD_CNT":0,"INJ_CNT":1,"LOCATION":7},"geometry":{"type":"Point","coordinates":[120.2911,22.70188]}},
{"type":"Feature","properties":{"ACC_TYPE":"A2","YEAR":111,"DEAD_CNT":0,"INJ_CNT":2,"LOCATION":1},"geometry":{"type":"Point","coordinates":[120.3571,22.61873]}},
{"type":"Feature","properties":{"ACC_TYPE":"A2","YEAR":111,"DEAD_CNT":0,"INJ_CNT":3,"LOCATION":2},"geometry":{"type":"Point","coordinates":[120.3147,22.62393]}},
{"type":"Feature","properties":{"ACC_TYPE":"A2","YEAR":111,"DEAD_CNT":0,"INJ_CNT":1,"LOCATION":1},"geometry":{"type":"Point","coordinates":[120.3020799,22.67678601]}},
{"type":"Feature","properties":{"ACC_TYPE":"A2","YEAR":111,"DEAD_CNT":0,"INJ_CNT":1,"LOCATION":9},"geometry":{"type":"Point","coordinates":[120.3701223,22.5896997]}},
{"type":"Feature","properties":{"ACC_TYPE":"A2","YEAR":111,"DEAD_CNT":0,"INJ_CNT":1,"LOCATION":1},"geometry":{"type":"Point","coordinates":[120.3030353,22.6440017]}},
{"type":"Feature","properties":{"ACC_TYPE":"A2","YEAR":111,"DEAD_CNT":0,"INJ_CNT":2,"LOCATION":9},"geometry":{"type":"Point","coordinates":[120.4087008,22.6095988]}},
{"type":"Feature","properties":{"ACC_TYPE":"A2","YEAR":111,"DEAD_CNT":0,"INJ_CNT":1,"LOCATION":1},"geometry":{"type":"Point","coordinates":[120.2944,22.79642]}},
{"type":"Feature","properties":{"ACC_TYPE":"A2","YEAR":111,"DEAD_CNT":0,"INJ_CNT":1,"LOCATION":1},"geometry":{"type":"Point","coordinates":[120.30152,22.62716]}},
{"type":"Feature","properties":{"ACC_TYPE":"A2","YEAR":111,"DEAD_CNT":0,"INJ_CNT":1,"LOCATION":1},"geometry":{"type":"Point","coordinates":[120.3179736,22.63019806]}},
{"type":"Feature","properties":{"ACC_TYPE":"A2","YEAR":111,"DEAD_CNT":0,"INJ_CNT":2,"LOCATION":7},"geometry":{"type":"Point","coordinates":[120.3433,22.62831]}},
{"type":"Feature","properties":{"ACC_TYPE":"A2","YEAR":111,"DEAD_CNT":0,"INJ_CNT":1,"LOCATION":1},"geometry":{"type":"Point","coordinates":[120.3242319,22.6240749]}},
{"type":"Feature","properties":{"ACC_TYPE":"A2","YEAR":111,"DEAD_CNT":0,"INJ_CNT":2,"LOCATION":1},"geometry":{"type":"Point","coordinates":[120.2376131,22.8321879]}},
{"type":"Feature","properties":{"ACC_TYPE":"A2","YEAR":111,"DEAD_CNT":0,"INJ_CNT":3,"LOCATION":8},"geometry":{"type":"Point","coordinates":[120.3252718,22.6641717]}},
{"type":"Feature","properties":{"ACC_TYPE":"A2","YEAR":111,"DEAD_CNT":0,"INJ_CNT":1,"LOCATION":13},"geometry":{"type":"Point","coordinates":[120.33287,22.596127]}},
{"type":"Feature","properties":{"ACC_TYPE":"A2","YEAR":111,"DEAD_CNT":0,"INJ_CNT":1,"LOCATION":9},"geometry":{"type":"Point","coordinates":[120.259926,22.7640117]}},
{"type":"Feature","properties":{"ACC_TYPE":"A2","YEAR":111,"DEAD_CNT":0,"INJ_CNT":1,"LOCATION":8},"geometry":{"type":"Point","coordinates":[120.3144,22.58955]}},
{"type":"Feature","properties":{"ACC_TYPE":"A2","YEAR":111,"DEAD_CNT":0,"INJ_CNT":2,"LOCATION":9},"geometry":{"type":"Point","coordinates":[120.3496972,22.6188204]}},
{"type":"Feature","properties":{"ACC_TYPE":"A2","YEAR":111,"DEAD_CNT":0,"INJ_CNT":1,"LOCATION":9},"geometry":{"type":"Point","coordinates":[120.4155621,22.6413191]}},
{"type":"Feature","properties":{"ACC_TYPE":"A2","YEAR":111,"DEAD_CNT":0,"INJ_CNT":1,"LOCATION":1},"geometry":{"type":"Point","coordinates":[120.3069234,22.6654518]}},
{"type":"Feature","properties":{"ACC_TYPE":"A2","YEAR":111,"DEAD_CNT":0,"INJ_CNT":2,"LOCATION":2},"geometry":{"type":"Point","coordinates":[120.3327406,22.612328]}},
{"type":"Feature","properties":{"ACC_TYPE":"A2","YEAR":111,"DEAD_CNT":0,"INJ_CNT":2,"LOCATION":8},"geometry":{"type":"Point","coordinates":[120.3026256,22.6127307]}},
{"type":"Feature","properties":{"ACC_TYPE":"A2","YEAR":111,"DEAD_CNT":0,"INJ_CNT":2,"LOCATION":8},"geometry":{"type":"Point","coordinates":[120.3265121,22.6254806]}},
{"type":"Feature","properties":{"ACC_TYPE":"A2","YEAR":111,"DEAD_CNT":0,"INJ_CNT":1,"LOCATION":1},"geometry":{"type":"Point","coordinates":[120.3367096,22.6417402]}},
{"type":"Feature","properties":{"ACC_TYPE":"A2","YEAR":111,"DEAD_CNT":0,"INJ_CNT":1,"LOCATION":1},"geometry":{"type":"Point","coordinates":[120.3485958,22.7348909]}},
{"type":"Feature","properties":{"ACC_TYPE":"A2","YEAR":111,"DEAD_CNT":0,"INJ_CNT":1,"LOCATION":1},"geometry":{"type":"Point","coordinates":[120.30152,22.62716]}},
{"type":"Feature","properties":{"ACC_TYPE":"A2","YEAR":111,"DEAD_CNT":0,"INJ_CNT":2,"LOCATION":8},"geometry":{"type":"Point","coordinates":[120.3357,22.60377]}},
{"type":"Feature","properties":{"ACC_TYPE":"A2","YEAR":111,"DEAD_CNT":0,"INJ_CNT":1,"LOCATION":1},"geometry":{"type":"Point","coordinates":[120.3620525,22.67832504]}},
{"type":"Feature","properties":{"ACC_TYPE":"A2","YEAR":111,"DEAD_CNT":0,"INJ_CNT":1,"LOCATION":1},"geometry":{"type":"Point","coordinates":[120.2950046,22.6261454]}},
{"type":"Feature","properties":{"ACC_TYPE":"A2","YEAR":111,"DEAD_CNT":0,"INJ_CNT":2,"LOCATION":1},"geometry":{"type":"Point","coordinates":[120.3269035,22.59068225]}},
{"type":"Feature","properties":{"ACC_TYPE":"A2","YEAR":111,"DEAD_CNT":0,"INJ_CNT":1,"LOCATION":9},"geometry":{"type":"Point","coordinates":[120.5098,22.8917]}},
{"type":"Feature","properties":{"ACC_TYPE":"A2","YEAR":111,"DEAD_CNT":0,"INJ_CNT":1,"LOCATION":1},"geometry":{"type":"Point","coordinates":[120.3765854,22.6265863]}},
{"type":"Feature","properties":{"ACC_TYPE":"A2","YEAR":111,"DEAD_CNT":0,"INJ_CNT":1,"LOCATION":1},"geometry":{"type":"Point","coordinates":[120.4835,22.8928]}},
{"type":"Feature","properties":{"ACC_TYPE":"A2","YEAR":111,"DEAD_CNT":0,"INJ_CNT":1,"LOCATION":1},"geometry":{"type":"Point","coordinates":[120.3065563,22.6473557]}},
{"type":"Feature","properties":{"ACC_TYPE":"A2","YEAR":111,"DEAD_CNT":0,"INJ_CNT":1,"LOCATION":1},"geometry":{"type":"Point","coordinates":[120.3597348,22.6258984]}},
{"type":"Feature","properties":{"ACC_TYPE":"A2","YEAR":111,"DEAD_CNT":0,"INJ_CNT":1,"LOCATION":9},"geometry":{"type":"Point","coordinates":[120.353992,22.6274342]}},
{"type":"Feature","properties":{"ACC_TYPE":"A2","YEAR":111,"DEAD_CNT":0,"INJ_CNT":1,"LOCATION":1},"geometry":{"type":"Point","coordinates":[120.3946875,22.6127688]}},
{"type":"Feature","properties":{"ACC_TYPE":"A2","YEAR":111,"DEAD_CNT":0,"INJ_CNT":1,"LOCATION":9},"geometry":{"type":"Point","coordinates":[120.2893794,22.7229246]}},
{"type":"Feature","properties":{"ACC_TYPE":"A2","YEAR":111,"DEAD_CNT":0,"INJ_CNT":2,"LOCATION":1},"geometry":{"type":"Point","coordinates":[120.3104393,22.6199088]}},
{"type":"Feature","properties":{"ACC_TYPE":"A2","YEAR":111,"DEAD_CNT":0,"INJ_CNT":1,"LOCATION":1},"geometry":{"type":"Point","coordinates":[120.3048474,22.6014323]}},
{"type":"Feature","properties":{"ACC_TYPE":"A2","YEAR":111,"DEAD_CNT":0,"INJ_CNT":2,"LOCATION":2},"geometry":{"type":"Point","coordinates":[120.2908921,22.62074298]}},
{"type":"Feature","properties":{"ACC_TYPE":"A2","YEAR":111,"DEAD_CNT":0,"INJ_CNT":1,"LOCATION":2},"geometry":{"type":"Point","coordinates":[120.3571865,22.5838042]}},
{"type":"Feature","properties":{"ACC_TYPE":"A2","YEAR":111,"DEAD_CNT":0,"INJ_CNT":1,"LOCATION":9},"geometry":{"type":"Point","coordinates":[120.3584263,22.6474191]}},
{"type":"Feature","properties":{"ACC_TYPE":"A2","YEAR":111,"DEAD_CNT":0,"INJ_CNT":2,"LOCATION":9},"geometry":{"type":"Point","coordinates":[120.3096822,22.7482865]}},
{"type":"Feature","properties":{"ACC_TYPE":"A2","YEAR":111,"DEAD_CNT":0,"INJ_CNT":1,"LOCATION":1},"geometry":{"type":"Point","coordinates":[120.3095232,22.7563996]}},
{"type":"Feature","properties":{"ACC_TYPE":"A2","YEAR":111,"DEAD_CNT":0,"INJ_CNT":1,"LOCATION":9},"geometry":{"type":"Point","coordinates":[120.3059965,22.71836986]}},
{"type":"Feature","properties":{"ACC_TYPE":"A2","YEAR":111,"DEAD_CNT":0,"INJ_CNT":1,"LOCATION":8},"geometry":{"type":"Point","coordinates":[120.3552514,22.5820327]}},
{"type":"Feature","properties":{"ACC_TYPE":"A2","YEAR":111,"DEAD_CNT":0,"INJ_CNT":2,"LOCATION":2},"geometry":{"type":"Point","coordinates":[120.3080198,22.6293574]}},
{"type":"Feature","properties":{"ACC_TYPE":"A2","YEAR":111,"DEAD_CNT":0,"INJ_CNT":1,"LOCATION":1},"geometry":{"type":"Point","coordinates":[120.3097,22.64511]}},
{"type":"Feature","properties":{"ACC_TYPE":"A2","YEAR":111,"DEAD_CNT":0,"INJ_CNT":1,"LOCATION":2},"geometry":{"type":"Point","coordinates":[120.3305419,22.7284941]}},
{"type":"Feature","properties":{"ACC_TYPE":"A2","YEAR":111,"DEAD_CNT":0,"INJ_CNT":3,"LOCATION":9},"geometry":{"type":"Point","coordinates":[120.3358209,22.64806371]}},
{"type":"Feature","properties":{"ACC_TYPE":"A2","YEAR":111,"DEAD_CNT":0,"INJ_CNT":3,"LOCATION":1},"geometry":{"type":"Point","coordinates":[120.2849311,22.7902712]}},
{"type":"Feature","properties":{"ACC_TYPE":"A2","YEAR":111,"DEAD_CNT":0,"INJ_CNT":1,"LOCATION":1},"geometry":{"type":"Point","coordinates":[120.30152,22.62716]}},
{"type":"Feature","properties":{"ACC_TYPE":"A2","YEAR":111,"DEAD_CNT":0,"INJ_CNT":1,"LOCATION":1},"geometry":{"type":"Point","coordinates":[120.3474,22.7056]}},
{"type":"Feature","properties":{"ACC_TYPE":"A2","YEAR":111,"DEAD_CNT":0,"INJ_CNT":1,"LOCATION":1},"geometry":{"type":"Point","coordinates":[120.3198,22.68197]}},
{"type":"Feature","properties":{"ACC_TYPE":"A2","YEAR":111,"DEAD_CNT":0,"INJ_CNT":2,"LOCATION":2},"geometry":{"type":"Point","coordinates":[120.3137934,22.63449342]}},
{"type":"Feature","properties":{"ACC_TYPE":"A2","YEAR":111,"DEAD_CNT":0,"INJ_CNT":1,"LOCATION":1},"geometry":{"type":"Point","coordinates":[120.3040853,22.64538722]}},
{"type":"Feature","properties":{"ACC_TYPE":"A2","YEAR":111,"DEAD_CNT":0,"INJ_CNT":2,"LOCATION":8},"geometry":{"type":"Point","coordinates":[120.3174014,22.6323043]}},
{"type":"Feature","properties":{"ACC_TYPE":"A2","YEAR":111,"DEAD_CNT":0,"INJ_CNT":1,"LOCATION":8},"geometry":{"type":"Point","coordinates":[120.2987344,22.5725542]}},
{"type":"Feature","properties":{"ACC_TYPE":"A2","YEAR":111,"DEAD_CNT":0,"INJ_CNT":2,"LOCATION":9},"geometry":{"type":"Point","coordinates":[120.3483887,22.72813802]}},
{"type":"Feature","properties":{"ACC_TYPE":"A2","YEAR":111,"DEAD_CNT":0,"INJ_CNT":2,"LOCATION":9},"geometry":{"type":"Point","coordinates":[120.3269171,22.72660879]}},
{"type":"Feature","properties":{"ACC_TYPE":"A2","YEAR":111,"DEAD_CNT":0,"INJ_CNT":1,"LOCATION":9},"geometry":{"type":"Point","coordinates":[120.5385,22.90514]}},
{"type":"Feature","properties":{"ACC_TYPE":"A2","YEAR":111,"DEAD_CNT":0,"INJ_CNT":2,"LOCATION":1},"geometry":{"type":"Point","coordinates":[120.3183097,22.617055]}},
{"type":"Feature","properties":{"ACC_TYPE":"A2","YEAR":111,"DEAD_CNT":0,"INJ_CNT":2,"LOCATION":1},"geometry":{"type":"Point","coordinates":[120.3335896,22.6056626]}},
{"type":"Feature","properties":{"ACC_TYPE":"A2","YEAR":111,"DEAD_CNT":0,"INJ_CNT":2,"LOCATION":1},"geometry":{"type":"Point","coordinates":[120.3223711,22.66191188]}},
{"type":"Feature","properties":{"ACC_TYPE":"A2","YEAR":111,"DEAD_CNT":0,"INJ_CNT":1,"LOCATION":9},"geometry":{"type":"Point","coordinates":[120.3365,22.56395]}},
{"type":"Feature","properties":{"ACC_TYPE":"A2","YEAR":111,"DEAD_CNT":0,"INJ_CNT":3,"LOCATION":1},"geometry":{"type":"Point","coordinates":[120.3288382,22.7312655]}},
{"type":"Feature","properties":{"ACC_TYPE":"A2","YEAR":111,"DEAD_CNT":0,"INJ_CNT":1,"LOCATION":9},"geometry":{"type":"Point","coordinates":[120.3122499,22.7547056]}},
{"type":"Feature","properties":{"ACC_TYPE":"A2","YEAR":111,"DEAD_CNT":0,"INJ_CNT":2,"LOCATION":1},"geometry":{"type":"Point","coordinates":[120.3281109,22.5938138]}},
{"type":"Feature","properties":{"ACC_TYPE":"A2","YEAR":111,"DEAD_CNT":0,"INJ_CNT":1,"LOCATION":1},"geometry":{"type":"Point","coordinates":[120.3003402,22.6309226]}},
{"type":"Feature","properties":{"ACC_TYPE":"A2","YEAR":111,"DEAD_CNT":0,"INJ_CNT":2,"LOCATION":9},"geometry":{"type":"Point","coordinates":[120.3931805,22.61226887]}},
{"type":"Feature","properties":{"ACC_TYPE":"A2","YEAR":111,"DEAD_CNT":0,"INJ_CNT":2,"LOCATION":1},"geometry":{"type":"Point","coordinates":[120.3000909,22.6638351]}},
{"type":"Feature","properties":{"ACC_TYPE":"A2","YEAR":111,"DEAD_CNT":0,"INJ_CNT":1,"LOCATION":9},"geometry":{"type":"Point","coordinates":[120.3175965,22.74336357]}},
{"type":"Feature","properties":{"ACC_TYPE":"A2","YEAR":111,"DEAD_CNT":0,"INJ_CNT":1,"LOCATION":8},"geometry":{"type":"Point","coordinates":[120.3565058,22.67639402]}},
{"type":"Feature","properties":{"ACC_TYPE":"A2","YEAR":111,"DEAD_CNT":0,"INJ_CNT":2,"LOCATION":18},"geometry":{"type":"Point","coordinates":[120.3281045,22.639526]}},
{"type":"Feature","properties":{"ACC_TYPE":"A2","YEAR":111,"DEAD_CNT":0,"INJ_CNT":1,"LOCATION":2},"geometry":{"type":"Point","coordinates":[120.2958283,22.7934184]}},
{"type":"Feature","properties":{"ACC_TYPE":"A2","YEAR":111,"DEAD_CNT":0,"INJ_CNT":2,"LOCATION":1},"geometry":{"type":"Point","coordinates":[120.3336655,22.6889835]}},
{"type":"Feature","properties":{"ACC_TYPE":"A2","YEAR":111,"DEAD_CNT":0,"INJ_CNT":1,"LOCATION":1},"geometry":{"type":"Point","coordinates":[120.2967102,22.6217249]}},
{"type":"Feature","properties":{"ACC_TYPE":"A2","YEAR":111,"DEAD_CNT":0,"INJ_CNT":3,"LOCATION":9},"geometry":{"type":"Point","coordinates":[120.3254681,22.5932643]}},
{"type":"Feature","properties":{"ACC_TYPE":"A2","YEAR":111,"DEAD_CNT":0,"INJ_CNT":2,"LOCATION":2},"geometry":{"type":"Point","coordinates":[120.3089782,22.6172972]}},
{"type":"Feature","properties":{"ACC_TYPE":"A2","YEAR":111,"DEAD_CNT":0,"INJ_CNT":1,"LOCATION":9},"geometry":{"type":"Point","coordinates":[120.3721711,22.6300754]}},
{"type":"Feature","properties":{"ACC_TYPE":"A2","YEAR":111,"DEAD_CNT":0,"INJ_CNT":1,"LOCATION":1},"geometry":{"type":"Point","coordinates":[120.2964382,22.6378786]}},
{"type":"Feature","properties":{"ACC_TYPE":"A2","YEAR":111,"DEAD_CNT":0,"INJ_CNT":2,"LOCATION":9},"geometry":{"type":"Point","coordinates":[120.335168,22.597721]}},
{"type":"Feature","properties":{"ACC_TYPE":"A2","YEAR":111,"DEAD_CNT":0,"INJ_CNT":2,"LOCATION":9},"geometry":{"type":"Point","coordinates":[120.3963057,22.60355308]}},
{"type":"Feature","properties":{"ACC_TYPE":"A2","YEAR":111,"DEAD_CNT":0,"INJ_CNT":1,"LOCATION":2},"geometry":{"type":"Point","coordinates":[120.2904051,22.6708094]}},
{"type":"Feature","properties":{"ACC_TYPE":"A2","YEAR":111,"DEAD_CNT":0,"INJ_CNT":2,"LOCATION":1},"geometry":{"type":"Point","coordinates":[120.3193,22.6187]}},
{"type":"Feature","properties":{"ACC_TYPE":"A2","YEAR":111,"DEAD_CNT":0,"INJ_CNT":1,"LOCATION":9},"geometry":{"type":"Point","coordinates":[120.3682484,22.56207986]}},
{"type":"Feature","properties":{"ACC_TYPE":"A2","YEAR":111,"DEAD_CNT":0,"INJ_CNT":1,"LOCATION":7},"geometry":{"type":"Point","coordinates":[120.3248,22.72622]}},
{"type":"Feature","properties":{"ACC_TYPE":"A2","YEAR":111,"DEAD_CNT":0,"INJ_CNT":1,"LOCATION":1},"geometry":{"type":"Point","coordinates":[120.3281907,22.6329768]}},
{"type":"Feature","properties":{"ACC_TYPE":"A2","YEAR":111,"DEAD_CNT":0,"INJ_CNT":1,"LOCATION":1},"geometry":{"type":"Point","coordinates":[120.3022945,22.6378199]}},
{"type":"Feature","properties":{"ACC_TYPE":"A2","YEAR":111,"DEAD_CNT":0,"INJ_CNT":1,"LOCATION":1},"geometry":{"type":"Point","coordinates":[120.3574118,22.6306045]}},
{"type":"Feature","properties":{"ACC_TYPE":"A2","YEAR":111,"DEAD_CNT":0,"INJ_CNT":1,"LOCATION":1},"geometry":{"type":"Point","coordinates":[120.3546722,22.5675325]}},
{"type":"Feature","properties":{"ACC_TYPE":"A2","YEAR":111,"DEAD_CNT":0,"INJ_CNT":1,"LOCATION":1},"geometry":{"type":"Point","coordinates":[120.3194,22.66185]}},
{"type":"Feature","properties":{"ACC_TYPE":"A2","YEAR":111,"DEAD_CNT":0,"INJ_CNT":1,"LOCATION":22},"geometry":{"type":"Point","coordinates":[120.3195,22.66414]}},
{"type":"Feature","properties":{"ACC_TYPE":"A2","YEAR":111,"DEAD_CNT":0,"INJ_CNT":1,"LOCATION":2},"geometry":{"type":"Point","coordinates":[120.3547756,22.5848568]}},
{"type":"Feature","properties":{"ACC_TYPE":"A2","YEAR":111,"DEAD_CNT":0,"INJ_CNT":2,"LOCATION":1},"geometry":{"type":"Point","coordinates":[120.3106,22.61129]}},
{"type":"Feature","properties":{"ACC_TYPE":"A2","YEAR":111,"DEAD_CNT":0,"INJ_CNT":2,"LOCATION":1},"geometry":{"type":"Point","coordinates":[120.3572,22.627]}},
{"type":"Feature","properties":{"ACC_TYPE":"A2","YEAR":111,"DEAD_CNT":0,"INJ_CNT":1,"LOCATION":1},"geometry":{"type":"Point","coordinates":[120.2924568,22.6589196]}},
{"type":"Feature","properties":{"ACC_TYPE":"A2","YEAR":111,"DEAD_CNT":0,"INJ_CNT":1,"LOCATION":1},"geometry":{"type":"Point","coordinates":[120.3196508,22.6820516]}},
{"type":"Feature","properties":{"ACC_TYPE":"A2","YEAR":111,"DEAD_CNT":0,"INJ_CNT":2,"LOCATION":1},"geometry":{"type":"Point","coordinates":[120.3167868,22.58376615]}},
{"type":"Feature","properties":{"ACC_TYPE":"A2","YEAR":111,"DEAD_CNT":0,"INJ_CNT":2,"LOCATION":1},"geometry":{"type":"Point","coordinates":[120.3427534,22.6352123]}},
{"type":"Feature","properties":{"ACC_TYPE":"A2","YEAR":111,"DEAD_CNT":0,"INJ_CNT":1,"LOCATION":1},"geometry":{"type":"Point","coordinates":[120.3281189,22.6028074]}},
{"type":"Feature","properties":{"ACC_TYPE":"A2","YEAR":111,"DEAD_CNT":0,"INJ_CNT":2,"LOCATION":1},"geometry":{"type":"Point","coordinates":[120.2749419,22.7299139]}},
{"type":"Feature","properties":{"ACC_TYPE":"A2","YEAR":111,"DEAD_CNT":0,"INJ_CNT":2,"LOCATION":9},"geometry":{"type":"Point","coordinates":[120.2591625,22.7374681]}},
{"type":"Feature","properties":{"ACC_TYPE":"A2","YEAR":111,"DEAD_CNT":0,"INJ_CNT":1,"LOCATION":1},"geometry":{"type":"Point","coordinates":[120.2939824,22.6287874]}},
{"type":"Feature","properties":{"ACC_TYPE":"A2","YEAR":111,"DEAD_CNT":0,"INJ_CNT":1,"LOCATION":1},"geometry":{"type":"Point","coordinates":[120.3015574,22.62157885]}},
{"type":"Feature","properties":{"ACC_TYPE":"A2","YEAR":111,"DEAD_CNT":0,"INJ_CNT":1,"LOCATION":8},"geometry":{"type":"Point","coordinates":[120.3272,22.58318]}},
{"type":"Feature","properties":{"ACC_TYPE":"A2","YEAR":111,"DEAD_CNT":0,"INJ_CNT":1,"LOCATION":1},"geometry":{"type":"Point","coordinates":[120.3285598,22.7300075]}},
{"type":"Feature","properties":{"ACC_TYPE":"A2","YEAR":111,"DEAD_CNT":0,"INJ_CNT":1,"LOCATION":2},"geometry":{"type":"Point","coordinates":[120.2975348,22.646633]}},
{"type":"Feature","properties":{"ACC_TYPE":"A2","YEAR":111,"DEAD_CNT":0,"INJ_CNT":1,"LOCATION":9},"geometry":{"type":"Point","coordinates":[120.3230144,22.5954848]}},
{"type":"Feature","properties":{"ACC_TYPE":"A2","YEAR":111,"DEAD_CNT":0,"INJ_CNT":1,"LOCATION":9},"geometry":{"type":"Point","coordinates":[120.2944655,22.741093]}},
{"type":"Feature","properties":{"ACC_TYPE":"A2","YEAR":111,"DEAD_CNT":0,"INJ_CNT":2,"LOCATION":2},"geometry":{"type":"Point","coordinates":[120.3243758,22.6714522]}},
{"type":"Feature","properties":{"ACC_TYPE":"A2","YEAR":111,"DEAD_CNT":0,"INJ_CNT":1,"LOCATION":18},"geometry":{"type":"Point","coordinates":[120.3011203,22.6658171]}},
{"type":"Feature","properties":{"ACC_TYPE":"A2","YEAR":111,"DEAD_CNT":0,"INJ_CNT":1,"LOCATION":7},"geometry":{"type":"Point","coordinates":[120.329393,22.63579772]}},
{"type":"Feature","properties":{"ACC_TYPE":"A2","YEAR":111,"DEAD_CNT":0,"INJ_CNT":1,"LOCATION":20},"geometry":{"type":"Point","coordinates":[120.2999,22.66554]}},
{"type":"Feature","properties":{"ACC_TYPE":"A2","YEAR":111,"DEAD_CNT":0,"INJ_CNT":1,"LOCATION":9},"geometry":{"type":"Point","coordinates":[120.5613,22.91392]}},
{"type":"Feature","properties":{"ACC_TYPE":"A2","YEAR":111,"DEAD_CNT":0,"INJ_CNT":1,"LOCATION":9},"geometry":{"type":"Point","coordinates":[120.3627402,22.6200137]}},
{"type":"Feature","properties":{"ACC_TYPE":"A2","YEAR":111,"DEAD_CNT":0,"INJ_CNT":2,"LOCATION":13},"geometry":{"type":"Point","coordinates":[120.439858,22.773238]}},
{"type":"Feature","properties":{"ACC_TYPE":"A2","YEAR":111,"DEAD_CNT":0,"INJ_CNT":3,"LOCATION":1},"geometry":{"type":"Point","coordinates":[120.3225216,22.5955305]}},
{"type":"Feature","properties":{"ACC_TYPE":"A2","YEAR":111,"DEAD_CNT":0,"INJ_CNT":1,"LOCATION":1},"geometry":{"type":"Point","coordinates":[120.3191222,22.6492972]}},
{"type":"Feature","properties":{"ACC_TYPE":"A2","YEAR":111,"DEAD_CNT":0,"INJ_CNT":1,"LOCATION":9},"geometry":{"type":"Point","coordinates":[120.3306081,22.72742368]}},
{"type":"Feature","properties":{"ACC_TYPE":"A2","YEAR":111,"DEAD_CNT":0,"INJ_CNT":2,"LOCATION":9},"geometry":{"type":"Point","coordinates":[120.3341766,22.632897]}},
{"type":"Feature","properties":{"ACC_TYPE":"A2","YEAR":111,"DEAD_CNT":0,"INJ_CNT":1,"LOCATION":1},"geometry":{"type":"Point","coordinates":[120.3693744,22.6298875]}},
{"type":"Feature","properties":{"ACC_TYPE":"A2","YEAR":111,"DEAD_CNT":0,"INJ_CNT":2,"LOCATION":7},"geometry":{"type":"Point","coordinates":[120.3089,22.67805]}},
{"type":"Feature","properties":{"ACC_TYPE":"A2","YEAR":111,"DEAD_CNT":0,"INJ_CNT":1,"LOCATION":7},"geometry":{"type":"Point","coordinates":[120.3514543,22.6434582]}},
{"type":"Feature","properties":{"ACC_TYPE":"A2","YEAR":111,"DEAD_CNT":0,"INJ_CNT":1,"LOCATION":1},"geometry":{"type":"Point","coordinates":[120.3065468,22.6589511]}},
{"type":"Feature","properties":{"ACC_TYPE":"A2","YEAR":111,"DEAD_CNT":0,"INJ_CNT":1,"LOCATION":8},"geometry":{"type":"Point","coordinates":[120.308176,22.664702]}},
{"type":"Feature","properties":{"ACC_TYPE":"A2","YEAR":111,"DEAD_CNT":0,"INJ_CNT":2,"LOCATION":2},"geometry":{"type":"Point","coordinates":[120.1842147,22.90034749]}},
{"type":"Feature","properties":{"ACC_TYPE":"A2","YEAR":111,"DEAD_CNT":0,"INJ_CNT":1,"LOCATION":9},"geometry":{"type":"Point","coordinates":[120.578,23.0671]}},
{"type":"Feature","properties":{"ACC_TYPE":"A2","YEAR":111,"DEAD_CNT":0,"INJ_CNT":1,"LOCATION":1},"geometry":{"type":"Point","coordinates":[120.2923536,22.6903763]}},
{"type":"Feature","properties":{"ACC_TYPE":"A2","YEAR":111,"DEAD_CNT":0,"INJ_CNT":1,"LOCATION":9},"geometry":{"type":"Point","coordinates":[120.4118742,22.6879709]}},
{"type":"Feature","properties":{"ACC_TYPE":"A2","YEAR":111,"DEAD_CNT":0,"INJ_CNT":1,"LOCATION":2},"geometry":{"type":"Point","coordinates":[120.2920502,22.718072]}},
{"type":"Feature","properties":{"ACC_TYPE":"A2","YEAR":111,"DEAD_CNT":0,"INJ_CNT":1,"LOCATION":8},"geometry":{"type":"Point","coordinates":[120.366876,22.623449]}},
{"type":"Feature","properties":{"ACC_TYPE":"A2","YEAR":111,"DEAD_CNT":0,"INJ_CNT":1,"LOCATION":1},"geometry":{"type":"Point","coordinates":[120.3255397,22.6394479]}},
{"type":"Feature","properties":{"ACC_TYPE":"A2","YEAR":111,"DEAD_CNT":0,"INJ_CNT":2,"LOCATION":1},"geometry":{"type":"Point","coordinates":[120.3049026,22.6362782]}},
{"type":"Feature","properties":{"ACC_TYPE":"A2","YEAR":111,"DEAD_CNT":0,"INJ_CNT":2,"LOCATION":1},"geometry":{"type":"Point","coordinates":[120.35,22.63484]}},
{"type":"Feature","properties":{"ACC_TYPE":"A2","YEAR":111,"DEAD_CNT":0,"INJ_CNT":2,"LOCATION":8},"geometry":{"type":"Point","coordinates":[120.3562202,22.61976]}},
{"type":"Feature","properties":{"ACC_TYPE":"A2","YEAR":111,"DEAD_CNT":0,"INJ_CNT":1,"LOCATION":8},"geometry":{"type":"Point","coordinates":[120.2972061,22.6259164]}},
{"type":"Feature","properties":{"ACC_TYPE":"A2","YEAR":111,"DEAD_CNT":0,"INJ_CNT":2,"LOCATION":8},"geometry":{"type":"Point","coordinates":[120.2843567,22.7949189]}},
{"type":"Feature","properties":{"ACC_TYPE":"A2","YEAR":111,"DEAD_CNT":0,"INJ_CNT":2,"LOCATION":9},"geometry":{"type":"Point","coordinates":[120.2820916,22.71762725]}},
{"type":"Feature","properties":{"ACC_TYPE":"A2","YEAR":111,"DEAD_CNT":0,"INJ_CNT":1,"LOCATION":9},"geometry":{"type":"Point","coordinates":[120.3417375,22.6089363]}},
{"type":"Feature","properties":{"ACC_TYPE":"A2","YEAR":111,"DEAD_CNT":0,"INJ_CNT":1,"LOCATION":1},"geometry":{"type":"Point","coordinates":[120.2934109,22.66104304]}},
{"type":"Feature","properties":{"ACC_TYPE":"A2","YEAR":111,"DEAD_CNT":0,"INJ_CNT":2,"LOCATION":1},"geometry":{"type":"Point","coordinates":[120.332421,22.6029193]}},
{"type":"Feature","properties":{"ACC_TYPE":"A2","YEAR":111,"DEAD_CNT":0,"INJ_CNT":2,"LOCATION":9},"geometry":{"type":"Point","coordinates":[120.6637465,23.03210224]}},
{"type":"Feature","properties":{"ACC_TYPE":"A2","YEAR":111,"DEAD_CNT":0,"INJ_CNT":1,"LOCATION":1},"geometry":{"type":"Point","coordinates":[120.3081657,22.6147417]}},
{"type":"Feature","properties":{"ACC_TYPE":"A2","YEAR":111,"DEAD_CNT":0,"INJ_CNT":1,"LOCATION":9},"geometry":{"type":"Point","coordinates":[120.3623,22.61865]}},
{"type":"Feature","properties":{"ACC_TYPE":"A2","YEAR":111,"DEAD_CNT":0,"INJ_CNT":2,"LOCATION":2},"geometry":{"type":"Point","coordinates":[120.4830846,22.8835113]}},
{"type":"Feature","properties":{"ACC_TYPE":"A2","YEAR":111,"DEAD_CNT":0,"INJ_CNT":2,"LOCATION":9},"geometry":{"type":"Point","coordinates":[120.3033342,22.6238894]}},
{"type":"Feature","properties":{"ACC_TYPE":"A2","YEAR":111,"DEAD_CNT":0,"INJ_CNT":1,"LOCATION":9},"geometry":{"type":"Point","coordinates":[120.3065613,22.6866966]}},
{"type":"Feature","properties":{"ACC_TYPE":"A2","YEAR":111,"DEAD_CNT":0,"INJ_CNT":1,"LOCATION":1},"geometry":{"type":"Point","coordinates":[120.284472,22.6304703]}},
{"type":"Feature","properties":{"ACC_TYPE":"A2","YEAR":111,"DEAD_CNT":0,"INJ_CNT":2,"LOCATION":9},"geometry":{"type":"Point","coordinates":[120.3423475,22.63406482]}},
{"type":"Feature","properties":{"ACC_TYPE":"A2","YEAR":111,"DEAD_CNT":0,"INJ_CNT":2,"LOCATION":9},"geometry":{"type":"Point","coordinates":[120.3508374,22.7349233]}},
{"type":"Feature","properties":{"ACC_TYPE":"A2","YEAR":111,"DEAD_CNT":0,"INJ_CNT":1,"LOCATION":2},"geometry":{"type":"Point","coordinates":[120.2915183,22.6801451]}},
{"type":"Feature","properties":{"ACC_TYPE":"A2","YEAR":111,"DEAD_CNT":0,"INJ_CNT":1,"LOCATION":1},"geometry":{"type":"Point","coordinates":[120.293332,22.62716]}},
{"type":"Feature","properties":{"ACC_TYPE":"A2","YEAR":111,"DEAD_CNT":0,"INJ_CNT":2,"LOCATION":1},"geometry":{"type":"Point","coordinates":[120.3920758,22.6170393]}},
{"type":"Feature","properties":{"ACC_TYPE":"A2","YEAR":111,"DEAD_CNT":0,"INJ_CNT":2,"LOCATION":7},"geometry":{"type":"Point","coordinates":[120.2961678,22.71033679]}},
{"type":"Feature","properties":{"ACC_TYPE":"A2","YEAR":111,"DEAD_CNT":0,"INJ_CNT":2,"LOCATION":7},"geometry":{"type":"Point","coordinates":[120.3272204,22.7400539]}},
{"type":"Feature","properties":{"ACC_TYPE":"A2","YEAR":111,"DEAD_CNT":0,"INJ_CNT":1,"LOCATION":1},"geometry":{"type":"Point","coordinates":[120.2945338,22.7091262]}},
{"type":"Feature","properties":{"ACC_TYPE":"A2","YEAR":111,"DEAD_CNT":0,"INJ_CNT":4,"LOCATION":8},"geometry":{"type":"Point","coordinates":[120.3245,22.73586]}},
{"type":"Feature","properties":{"ACC_TYPE":"A2","YEAR":111,"DEAD_CNT":0,"INJ_CNT":2,"LOCATION":8},"geometry":{"type":"Point","coordinates":[120.352168,22.73134808]}},
{"type":"Feature","properties":{"ACC_TYPE":"A2","YEAR":111,"DEAD_CNT":0,"INJ_CNT":2,"LOCATION":8},"geometry":{"type":"Point","coordinates":[120.3249,22.60586]}},
{"type":"Feature","properties":{"ACC_TYPE":"A2","YEAR":111,"DEAD_CNT":0,"INJ_CNT":2,"LOCATION":7},"geometry":{"type":"Point","coordinates":[120.2957637,22.71788287]}},
{"type":"Feature","properties":{"ACC_TYPE":"A2","YEAR":111,"DEAD_CNT":0,"INJ_CNT":2,"LOCATION":9},"geometry":{"type":"Point","coordinates":[120.3031427,22.62426187]}},
{"type":"Feature","properties":{"ACC_TYPE":"A2","YEAR":111,"DEAD_CNT":0,"INJ_CNT":2,"LOCATION":2},"geometry":{"type":"Point","coordinates":[120.2976241,22.7236154]}},
{"type":"Feature","properties":{"ACC_TYPE":"A2","YEAR":111,"DEAD_CNT":0,"INJ_CNT":2,"LOCATION":9},"geometry":{"type":"Point","coordinates":[120.2476407,22.7852228]}},
{"type":"Feature","properties":{"ACC_TYPE":"A2","YEAR":111,"DEAD_CNT":0,"INJ_CNT":1,"LOCATION":8},"geometry":{"type":"Point","coordinates":[120.3084423,22.6359325]}},
{"type":"Feature","properties":{"ACC_TYPE":"A2","YEAR":111,"DEAD_CNT":0,"INJ_CNT":2,"LOCATION":7},"geometry":{"type":"Point","coordinates":[120.3294087,22.6358686]}},
{"type":"Feature","properties":{"ACC_TYPE":"A2","YEAR":111,"DEAD_CNT":0,"INJ_CNT":2,"LOCATION":22},"geometry":{"type":"Point","coordinates":[120.3206113,22.7285576]}},
{"type":"Feature","properties":{"ACC_TYPE":"A2","YEAR":111,"DEAD_CNT":0,"INJ_CNT":1,"LOCATION":12},"geometry":{"type":"Point","coordinates":[120.3367,22.55278]}},
{"type":"Feature","properties":{"ACC_TYPE":"A2","YEAR":111,"DEAD_CNT":0,"INJ_CNT":1,"LOCATION":1},"geometry":{"type":"Point","coordinates":[120.2905178,22.6654415]}},
{"type":"Feature","properties":{"ACC_TYPE":"A2","YEAR":111,"DEAD_CNT":0,"INJ_CNT":2,"LOCATION":9},"geometry":{"type":"Point","coordinates":[120.3641,22.76561]}},
{"type":"Feature","properties":{"ACC_TYPE":"A2","YEAR":111,"DEAD_CNT":0,"INJ_CNT":1,"LOCATION":8},"geometry":{"type":"Point","coordinates":[120.3094143,22.6376868]}},
{"type":"Feature","properties":{"ACC_TYPE":"A2","YEAR":111,"DEAD_CNT":0,"INJ_CNT":2,"LOCATION":1},"geometry":{"type":"Point","coordinates":[120.3182317,22.61699222]}},
{"type":"Feature","properties":{"ACC_TYPE":"A2","YEAR":111,"DEAD_CNT":0,"INJ_CNT":1,"LOCATION":22},"geometry":{"type":"Point","coordinates":[120.2986282,22.7256358]}},
{"type":"Feature","properties":{"ACC_TYPE":"A2","YEAR":111,"DEAD_CNT":0,"INJ_CNT":1,"LOCATION":1},"geometry":{"type":"Point","coordinates":[120.2810268,22.6591848]}},
{"type":"Feature","properties":{"ACC_TYPE":"A2","YEAR":111,"DEAD_CNT":0,"INJ_CNT":1,"LOCATION":7},"geometry":{"type":"Point","coordinates":[120.2973185,22.7238218]}},
{"type":"Feature","properties":{"ACC_TYPE":"A2","YEAR":111,"DEAD_CNT":0,"INJ_CNT":1,"LOCATION":2},"geometry":{"type":"Point","coordinates":[120.2956,22.61933]}},
{"type":"Feature","properties":{"ACC_TYPE":"A2","YEAR":111,"DEAD_CNT":0,"INJ_CNT":2,"LOCATION":1},"geometry":{"type":"Point","coordinates":[120.2973723,22.6349199]}},
{"type":"Feature","properties":{"ACC_TYPE":"A2","YEAR":111,"DEAD_CNT":0,"INJ_CNT":1,"LOCATION":9},"geometry":{"type":"Point","coordinates":[120.3506755,22.70231027]}},
{"type":"Feature","properties":{"ACC_TYPE":"A2","YEAR":111,"DEAD_CNT":0,"INJ_CNT":3,"LOCATION":9},"geometry":{"type":"Point","coordinates":[120.3523,22.60963]}},
{"type":"Feature","properties":{"ACC_TYPE":"A2","YEAR":111,"DEAD_CNT":0,"INJ_CNT":2,"LOCATION":2},"geometry":{"type":"Point","coordinates":[120.312929,22.6253918]}},
{"type":"Feature","properties":{"ACC_TYPE":"A2","YEAR":111,"DEAD_CNT":0,"INJ_CNT":2,"LOCATION":9},"geometry":{"type":"Point","coordinates":[120.3181466,22.7287947]}},
{"type":"Feature","properties":{"ACC_TYPE":"A2","YEAR":111,"DEAD_CNT":0,"INJ_CNT":1,"LOCATION":1},"geometry":{"type":"Point","coordinates":[120.3616221,22.5700286]}},
{"type":"Feature","properties":{"ACC_TYPE":"A2","YEAR":111,"DEAD_CNT":0,"INJ_CNT":1,"LOCATION":2},"geometry":{"type":"Point","coordinates":[120.4319397,22.69077617]}},
{"type":"Feature","properties":{"ACC_TYPE":"A2","YEAR":111,"DEAD_CNT":0,"INJ_CNT":1,"LOCATION":1},"geometry":{"type":"Point","coordinates":[120.4854393,22.88802252]}},
{"type":"Feature","properties":{"ACC_TYPE":"A2","YEAR":111,"DEAD_CNT":0,"INJ_CNT":2,"LOCATION":18},"geometry":{"type":"Point","coordinates":[120.3357426,22.6076964]}},
{"type":"Feature","properties":{"ACC_TYPE":"A2","YEAR":111,"DEAD_CNT":0,"INJ_CNT":1,"LOCATION":1},"geometry":{"type":"Point","coordinates":[120.3920298,22.6361601]}},
{"type":"Feature","properties":{"ACC_TYPE":"A2","YEAR":111,"DEAD_CNT":0,"INJ_CNT":2,"LOCATION":9},"geometry":{"type":"Point","coordinates":[120.3558367,22.588645]}},
{"type":"Feature","properties":{"ACC_TYPE":"A2","YEAR":111,"DEAD_CNT":0,"INJ_CNT":2,"LOCATION":9},"geometry":{"type":"Point","coordinates":[120.2571583,22.7366099]}},
{"type":"Feature","properties":{"ACC_TYPE":"A2","YEAR":111,"DEAD_CNT":0,"INJ_CNT":2,"LOCATION":1},"geometry":{"type":"Point","coordinates":[120.3069428,22.7542259]}},
{"type":"Feature","properties":{"ACC_TYPE":"A2","YEAR":111,"DEAD_CNT":0,"INJ_CNT":1,"LOCATION":1},"geometry":{"type":"Point","coordinates":[120.3622807,22.6550076]}},
{"type":"Feature","properties":{"ACC_TYPE":"A2","YEAR":111,"DEAD_CNT":0,"INJ_CNT":1,"LOCATION":9},"geometry":{"type":"Point","coordinates":[120.3746076,22.5735738]}},
{"type":"Feature","properties":{"ACC_TYPE":"A2","YEAR":111,"DEAD_CNT":0,"INJ_CNT":1,"LOCATION":20},"geometry":{"type":"Point","coordinates":[120.2956,22.62119]}},
{"type":"Feature","properties":{"ACC_TYPE":"A2","YEAR":111,"DEAD_CNT":0,"INJ_CNT":1,"LOCATION":7},"geometry":{"type":"Point","coordinates":[120.3284243,22.6517106]}},
{"type":"Feature","properties":{"ACC_TYPE":"A2","YEAR":111,"DEAD_CNT":0,"INJ_CNT":1,"LOCATION":9},"geometry":{"type":"Point","coordinates":[120.393179,22.4896191]}},
{"type":"Feature","properties":{"ACC_TYPE":"A2","YEAR":111,"DEAD_CNT":0,"INJ_CNT":1,"LOCATION":8},"geometry":{"type":"Point","coordinates":[120.2835672,22.6313496]}},
{"type":"Feature","properties":{"ACC_TYPE":"A2","YEAR":111,"DEAD_CNT":0,"INJ_CNT":2,"LOCATION":9},"geometry":{"type":"Point","coordinates":[120.4157138,22.59138864]}},
{"type":"Feature","properties":{"ACC_TYPE":"A2","YEAR":111,"DEAD_CNT":0,"INJ_CNT":1,"LOCATION":1},"geometry":{"type":"Point","coordinates":[120.2917,22.63459]}},
{"type":"Feature","properties":{"ACC_TYPE":"A2","YEAR":111,"DEAD_CNT":0,"INJ_CNT":1,"LOCATION":2},"geometry":{"type":"Point","coordinates":[120.3031,22.63449]}},
{"type":"Feature","properties":{"ACC_TYPE":"A2","YEAR":111,"DEAD_CNT":0,"INJ_CNT":3,"LOCATION":9},"geometry":{"type":"Point","coordinates":[120.258832,22.8573188]}},
{"type":"Feature","properties":{"ACC_TYPE":"A2","YEAR":111,"DEAD_CNT":0,"INJ_CNT":1,"LOCATION":8},"geometry":{"type":"Point","coordinates":[120.310177,22.620239]}},
{"type":"Feature","properties":{"ACC_TYPE":"A2","YEAR":111,"DEAD_CNT":0,"INJ_CNT":1,"LOCATION":20},"geometry":{"type":"Point","coordinates":[120.3174,22.61117]}},
{"type":"Feature","properties":{"ACC_TYPE":"A2","YEAR":111,"DEAD_CNT":0,"INJ_CNT":2,"LOCATION":1},"geometry":{"type":"Point","coordinates":[120.3365089,22.56853462]}},
{"type":"Feature","properties":{"ACC_TYPE":"A2","YEAR":111,"DEAD_CNT":0,"INJ_CNT":1,"LOCATION":1},"geometry":{"type":"Point","coordinates":[120.30152,22.62716]}},
{"type":"Feature","properties":{"ACC_TYPE":"A2","YEAR":111,"DEAD_CNT":0,"INJ_CNT":3,"LOCATION":9},"geometry":{"type":"Point","coordinates":[120.2877565,22.680758]}},
{"type":"Feature","properties":{"ACC_TYPE":"A2","YEAR":111,"DEAD_CNT":0,"INJ_CNT":2,"LOCATION":22},"geometry":{"type":"Point","coordinates":[120.2649563,22.62426073]}},
{"type":"Feature","properties":{"ACC_TYPE":"A2","YEAR":111,"DEAD_CNT":0,"INJ_CNT":1,"LOCATION":2},"geometry":{"type":"Point","coordinates":[120.483359,22.89037242]}},
{"type":"Feature","properties":{"ACC_TYPE":"A2","YEAR":111,"DEAD_CNT":0,"INJ_CNT":1,"LOCATION":8},"geometry":{"type":"Point","coordinates":[120.32675,22.605284]}},
{"type":"Feature","properties":{"ACC_TYPE":"A2","YEAR":111,"DEAD_CNT":0,"INJ_CNT":1,"LOCATION":1},"geometry":{"type":"Point","coordinates":[120.3117321,22.6640498]}},
{"type":"Feature","properties":{"ACC_TYPE":"A2","YEAR":111,"DEAD_CNT":0,"INJ_CNT":2,"LOCATION":9},"geometry":{"type":"Point","coordinates":[120.2962729,22.6424573]}},
{"type":"Feature","properties":{"ACC_TYPE":"A2","YEAR":111,"DEAD_CNT":0,"INJ_CNT":1,"LOCATION":9},"geometry":{"type":"Point","coordinates":[120.2962668,22.61982306]}},
{"type":"Feature","properties":{"ACC_TYPE":"A2","YEAR":111,"DEAD_CNT":0,"INJ_CNT":1,"LOCATION":1},"geometry":{"type":"Point","coordinates":[120.3366909,22.616467]}},
{"type":"Feature","properties":{"ACC_TYPE":"A2","YEAR":111,"DEAD_CNT":0,"INJ_CNT":2,"LOCATION":9},"geometry":{"type":"Point","coordinates":[120.3958441,22.6424566]}},
{"type":"Feature","properties":{"ACC_TYPE":"A2","YEAR":111,"DEAD_CNT":0,"INJ_CNT":2,"LOCATION":2},"geometry":{"type":"Point","coordinates":[120.2987463,22.6429637]}},
{"type":"Feature","properties":{"ACC_TYPE":"A2","YEAR":111,"DEAD_CNT":0,"INJ_CNT":1,"LOCATION":7},"geometry":{"type":"Point","coordinates":[120.3521528,22.64058474]}},
{"type":"Feature","properties":{"ACC_TYPE":"A2","YEAR":111,"DEAD_CNT":0,"INJ_CNT":2,"LOCATION":2},"geometry":{"type":"Point","coordinates":[120.3304223,22.65025624]}},
{"type":"Feature","properties":{"ACC_TYPE":"A2","YEAR":111,"DEAD_CNT":0,"INJ_CNT":2,"LOCATION":9},"geometry":{"type":"Point","coordinates":[120.3952,22.60696]}},
{"type":"Feature","properties":{"ACC_TYPE":"A2","YEAR":111,"DEAD_CNT":0,"INJ_CNT":2,"LOCATION":7},"geometry":{"type":"Point","coordinates":[120.3406825,22.601649]}},
{"type":"Feature","properties":{"ACC_TYPE":"A2","YEAR":111,"DEAD_CNT":0,"INJ_CNT":1,"LOCATION":2},"geometry":{"type":"Point","coordinates":[120.3063641,22.644814]}},
{"type":"Feature","properties":{"ACC_TYPE":"A2","YEAR":111,"DEAD_CNT":0,"INJ_CNT":1,"LOCATION":1},"geometry":{"type":"Point","coordinates":[120.3156664,22.6279533]}},
{"type":"Feature","properties":{"ACC_TYPE":"A2","YEAR":111,"DEAD_CNT":0,"INJ_CNT":3,"LOCATION":7},"geometry":{"type":"Point","coordinates":[120.312224,22.6752511]}},
{"type":"Feature","properties":{"ACC_TYPE":"A2","YEAR":111,"DEAD_CNT":0,"INJ_CNT":1,"LOCATION":18},"geometry":{"type":"Point","coordinates":[120.394,22.65803]}},
{"type":"Feature","properties":{"ACC_TYPE":"A2","YEAR":111,"DEAD_CNT":0,"INJ_CNT":2,"LOCATION":7},"geometry":{"type":"Point","coordinates":[120.2962,22.69987]}},
{"type":"Feature","properties":{"ACC_TYPE":"A2","YEAR":111,"DEAD_CNT":0,"INJ_CNT":3,"LOCATION":8},"geometry":{"type":"Point","coordinates":[120.2472,22.88371]}},
{"type":"Feature","properties":{"ACC_TYPE":"A2","YEAR":111,"DEAD_CNT":0,"INJ_CNT":1,"LOCATION":1},"geometry":{"type":"Point","coordinates":[120.3510844,22.64085598]}},
{"type":"Feature","properties":{"ACC_TYPE":"A2","YEAR":111,"DEAD_CNT":0,"INJ_CNT":1,"LOCATION":1},"geometry":{"type":"Point","coordinates":[120.3030788,22.6333507]}},
{"type":"Feature","properties":{"ACC_TYPE":"A2","YEAR":111,"DEAD_CNT":0,"INJ_CNT":1,"LOCATION":1},"geometry":{"type":"Point","coordinates":[120.2979934,22.62994215]}},
{"type":"Feature","properties":{"ACC_TYPE":"A2","YEAR":111,"DEAD_CNT":0,"INJ_CNT":1,"LOCATION":9},"geometry":{"type":"Point","coordinates":[120.2705518,22.620988]}},
{"type":"Feature","properties":{"ACC_TYPE":"A2","YEAR":111,"DEAD_CNT":0,"INJ_CNT":1,"LOCATION":2},"geometry":{"type":"Point","coordinates":[120.307548,22.6636508]}},
{"type":"Feature","properties":{"ACC_TYPE":"A2","YEAR":111,"DEAD_CNT":0,"INJ_CNT":2,"LOCATION":7},"geometry":{"type":"Point","coordinates":[120.3218,22.67814]}},
{"type":"Feature","properties":{"ACC_TYPE":"A2","YEAR":111,"DEAD_CNT":0,"INJ_CNT":1,"LOCATION":2},"geometry":{"type":"Point","coordinates":[120.3000279,22.6547431]}},
{"type":"Feature","properties":{"ACC_TYPE":"A2","YEAR":111,"DEAD_CNT":0,"INJ_CNT":2,"LOCATION":1},"geometry":{"type":"Point","coordinates":[120.3574201,22.6397738]}},
{"type":"Feature","properties":{"ACC_TYPE":"A2","YEAR":111,"DEAD_CNT":0,"INJ_CNT":2,"LOCATION":7},"geometry":{"type":"Point","coordinates":[120.3176128,22.6481058]}},
{"type":"Feature","properties":{"ACC_TYPE":"A2","YEAR":111,"DEAD_CNT":0,"INJ_CNT":1,"LOCATION":1},"geometry":{"type":"Point","coordinates":[120.3089,22.64483]}},
{"type":"Feature","properties":{"ACC_TYPE":"A2","YEAR":111,"DEAD_CNT":0,"INJ_CNT":2,"LOCATION":2},"geometry":{"type":"Point","coordinates":[120.3170302,22.6327388]}},
{"type":"Feature","properties":{"ACC_TYPE":"A2","YEAR":111,"DEAD_CNT":0,"INJ_CNT":1,"LOCATION":1},"geometry":{"type":"Point","coordinates":[120.3125222,22.6216871]}},
{"type":"Feature","properties":{"ACC_TYPE":"A2","YEAR":111,"DEAD_CNT":0,"INJ_CNT":1,"LOCATION":1},"geometry":{"type":"Point","coordinates":[120.3641,22.76555]}},
{"type":"Feature","properties":{"ACC_TYPE":"A2","YEAR":111,"DEAD_CNT":0,"INJ_CNT":1,"LOCATION":1},"geometry":{"type":"Point","coordinates":[120.2979262,22.63010209]}},
{"type":"Feature","properties":{"ACC_TYPE":"A2","YEAR":111,"DEAD_CNT":0,"INJ_CNT":1,"LOCATION":1},"geometry":{"type":"Point","coordinates":[120.3579,22.56976]}},
{"type":"Feature","properties":{"ACC_TYPE":"A2","YEAR":111,"DEAD_CNT":0,"INJ_CNT":1,"LOCATION":2},"geometry":{"type":"Point","coordinates":[120.3522,22.61961]}},
{"type":"Feature","properties":{"ACC_TYPE":"A2","YEAR":111,"DEAD_CNT":0,"INJ_CNT":3,"LOCATION":8},"geometry":{"type":"Point","coordinates":[120.1879,22.88116]}},
{"type":"Feature","properties":{"ACC_TYPE":"A2","YEAR":111,"DEAD_CNT":0,"INJ_CNT":2,"LOCATION":2},"geometry":{"type":"Point","coordinates":[120.3311358,22.7333158]}},
{"type":"Feature","properties":{"ACC_TYPE":"A2","YEAR":111,"DEAD_CNT":0,"INJ_CNT":2,"LOCATION":8},"geometry":{"type":"Point","coordinates":[120.3184955,22.59220623]}},
{"type":"Feature","properties":{"ACC_TYPE":"A2","YEAR":111,"DEAD_CNT":0,"INJ_CNT":1,"LOCATION":1},"geometry":{"type":"Point","coordinates":[120.3047035,22.63205156]}},
{"type":"Feature","properties":{"ACC_TYPE":"A2","YEAR":111,"DEAD_CNT":0,"INJ_CNT":2,"LOCATION":9},"geometry":{"type":"Point","coordinates":[120.3523815,22.6940296]}},
{"type":"Feature","properties":{"ACC_TYPE":"A2","YEAR":111,"DEAD_CNT":0,"INJ_CNT":1,"LOCATION":2},"geometry":{"type":"Point","coordinates":[120.3206191,22.6576327]}},
{"type":"Feature","properties":{"ACC_TYPE":"A2","YEAR":111,"DEAD_CNT":0,"INJ_CNT":1,"LOCATION":9},"geometry":{"type":"Point","coordinates":[120.317365,22.623112]}},
{"type":"Feature","properties":{"ACC_TYPE":"A2","YEAR":111,"DEAD_CNT":0,"INJ_CNT":2,"LOCATION":1},"geometry":{"type":"Point","coordinates":[120.3076802,22.6352613]}},
{"type":"Feature","properties":{"ACC_TYPE":"A2","YEAR":111,"DEAD_CNT":0,"INJ_CNT":1,"LOCATION":1},"geometry":{"type":"Point","coordinates":[120.30152,22.62716]}},
{"type":"Feature","properties":{"ACC_TYPE":"A2","YEAR":111,"DEAD_CNT":0,"INJ_CNT":2,"LOCATION":9},"geometry":{"type":"Point","coordinates":[120.3085,22.63317]}},
{"type":"Feature","properties":{"ACC_TYPE":"A2","YEAR":111,"DEAD_CNT":0,"INJ_CNT":2,"LOCATION":2},"geometry":{"type":"Point","coordinates":[120.2837499,22.6614277]}},
{"type":"Feature","properties":{"ACC_TYPE":"A2","YEAR":111,"DEAD_CNT":0,"INJ_CNT":1,"LOCATION":1},"geometry":{"type":"Point","coordinates":[120.3348719,22.6380276]}},
{"type":"Feature","properties":{"ACC_TYPE":"A2","YEAR":111,"DEAD_CNT":0,"INJ_CNT":1,"LOCATION":1},"geometry":{"type":"Point","coordinates":[120.3147437,22.6152126]}},
{"type":"Feature","properties":{"ACC_TYPE":"A2","YEAR":111,"DEAD_CNT":0,"INJ_CNT":1,"LOCATION":7},"geometry":{"type":"Point","coordinates":[120.3504006,22.5682497]}},
{"type":"Feature","properties":{"ACC_TYPE":"A2","YEAR":111,"DEAD_CNT":0,"INJ_CNT":1,"LOCATION":9},"geometry":{"type":"Point","coordinates":[120.3189349,22.6173256]}},
{"type":"Feature","properties":{"ACC_TYPE":"A2","YEAR":111,"DEAD_CNT":0,"INJ_CNT":1,"LOCATION":9},"geometry":{"type":"Point","coordinates":[120.349088,22.6134887]}},
{"type":"Feature","properties":{"ACC_TYPE":"A2","YEAR":111,"DEAD_CNT":0,"INJ_CNT":2,"LOCATION":1},"geometry":{"type":"Point","coordinates":[120.3328172,22.6511732]}},
{"type":"Feature","properties":{"ACC_TYPE":"A2","YEAR":111,"DEAD_CNT":0,"INJ_CNT":2,"LOCATION":8},"geometry":{"type":"Point","coordinates":[120.2922442,22.6610864]}},
{"type":"Feature","properties":{"ACC_TYPE":"A2","YEAR":111,"DEAD_CNT":0,"INJ_CNT":1,"LOCATION":1},"geometry":{"type":"Point","coordinates":[120.3609,22.63223]}},
{"type":"Feature","properties":{"ACC_TYPE":"A2","YEAR":111,"DEAD_CNT":0,"INJ_CNT":1,"LOCATION":1},"geometry":{"type":"Point","coordinates":[120.3087848,22.6450554]}},
{"type":"Feature","properties":{"ACC_TYPE":"A2","YEAR":111,"DEAD_CNT":0,"INJ_CNT":1,"LOCATION":2},"geometry":{"type":"Point","coordinates":[120.3311358,22.7333158]}},
{"type":"Feature","properties":{"ACC_TYPE":"A2","YEAR":111,"DEAD_CNT":0,"INJ_CNT":1,"LOCATION":18},"geometry":{"type":"Point","coordinates":[120.3021839,22.6345889]}},
{"type":"Feature","properties":{"ACC_TYPE":"A2","YEAR":111,"DEAD_CNT":0,"INJ_CNT":2,"LOCATION":1},"geometry":{"type":"Point","coordinates":[120.3262911,22.6437892]}},
{"type":"Feature","properties":{"ACC_TYPE":"A2","YEAR":111,"DEAD_CNT":0,"INJ_CNT":2,"LOCATION":8},"geometry":{"type":"Point","coordinates":[120.4968,22.92197]}},
{"type":"Feature","properties":{"ACC_TYPE":"A2","YEAR":111,"DEAD_CNT":0,"INJ_CNT":2,"LOCATION":1},"geometry":{"type":"Point","coordinates":[120.3811674,22.5101034]}},
{"type":"Feature","properties":{"ACC_TYPE":"A2","YEAR":111,"DEAD_CNT":0,"INJ_CNT":2,"LOCATION":9},"geometry":{"type":"Point","coordinates":[120.4304028,22.5635506]}},
{"type":"Feature","properties":{"ACC_TYPE":"A2","YEAR":111,"DEAD_CNT":0,"INJ_CNT":1,"LOCATION":1},"geometry":{"type":"Point","coordinates":[120.2973051,22.635382]}},
{"type":"Feature","properties":{"ACC_TYPE":"A2","YEAR":111,"DEAD_CNT":0,"INJ_CNT":1,"LOCATION":9},"geometry":{"type":"Point","coordinates":[120.3351066,22.6015229]}},
{"type":"Feature","properties":{"ACC_TYPE":"A2","YEAR":111,"DEAD_CNT":0,"INJ_CNT":1,"LOCATION":8},"geometry":{"type":"Point","coordinates":[120.2924469,22.6986425]}},
{"type":"Feature","properties":{"ACC_TYPE":"A2","YEAR":111,"DEAD_CNT":0,"INJ_CNT":1,"LOCATION":8},"geometry":{"type":"Point","coordinates":[120.3473305,22.6253373]}},
{"type":"Feature","properties":{"ACC_TYPE":"A2","YEAR":111,"DEAD_CNT":0,"INJ_CNT":1,"LOCATION":1},"geometry":{"type":"Point","coordinates":[120.3081629,22.6308746]}},
{"type":"Feature","properties":{"ACC_TYPE":"A2","YEAR":111,"DEAD_CNT":0,"INJ_CNT":1,"LOCATION":8},"geometry":{"type":"Point","coordinates":[120.3210827,22.57016101]}},
{"type":"Feature","properties":{"ACC_TYPE":"A2","YEAR":111,"DEAD_CNT":0,"INJ_CNT":2,"LOCATION":9},"geometry":{"type":"Point","coordinates":[120.2947526,22.801145]}},
{"type":"Feature","properties":{"ACC_TYPE":"A2","YEAR":111,"DEAD_CNT":0,"INJ_CNT":1,"LOCATION":9},"geometry":{"type":"Point","coordinates":[120.3252985,22.615456]}},
{"type":"Feature","properties":{"ACC_TYPE":"A2","YEAR":111,"DEAD_CNT":0,"INJ_CNT":2,"LOCATION":7},"geometry":{"type":"Point","coordinates":[120.393987,22.6125985]}},
{"type":"Feature","properties":{"ACC_TYPE":"A2","YEAR":111,"DEAD_CNT":0,"INJ_CNT":1,"LOCATION":1},"geometry":{"type":"Point","coordinates":[120.3282893,22.5933179]}},
{"type":"Feature","properties":{"ACC_TYPE":"A2","YEAR":111,"DEAD_CNT":0,"INJ_CNT":1,"LOCATION":8},"geometry":{"type":"Point","coordinates":[120.3181783,22.6541533]}},
{"type":"Feature","properties":{"ACC_TYPE":"A2","YEAR":111,"DEAD_CNT":0,"INJ_CNT":1,"LOCATION":1},"geometry":{"type":"Point","coordinates":[120.3033011,22.66579733]}},
{"type":"Feature","properties":{"ACC_TYPE":"A2","YEAR":111,"DEAD_CNT":0,"INJ_CNT":2,"LOCATION":18},"geometry":{"type":"Point","coordinates":[120.3064218,22.79146096]}},
{"type":"Feature","properties":{"ACC_TYPE":"A2","YEAR":111,"DEAD_CNT":0,"INJ_CNT":1,"LOCATION":2},"geometry":{"type":"Point","coordinates":[120.3134031,22.63527523]}},
{"type":"Feature","properties":{"ACC_TYPE":"A2","YEAR":111,"DEAD_CNT":0,"INJ_CNT":2,"LOCATION":20},"geometry":{"type":"Point","coordinates":[120.3019,22.63389]}},
{"type":"Feature","properties":{"ACC_TYPE":"A2","YEAR":111,"DEAD_CNT":0,"INJ_CNT":2,"LOCATION":8},"geometry":{"type":"Point","coordinates":[120.3457551,22.6174749]}},
{"type":"Feature","properties":{"ACC_TYPE":"A2","YEAR":111,"DEAD_CNT":0,"INJ_CNT":2,"LOCATION":8},"geometry":{"type":"Point","coordinates":[120.2984961,22.6151791]}},
{"type":"Feature","properties":{"ACC_TYPE":"A2","YEAR":111,"DEAD_CNT":0,"INJ_CNT":2,"LOCATION":1},"geometry":{"type":"Point","coordinates":[120.3205212,22.6237964]}},
{"type":"Feature","properties":{"ACC_TYPE":"A2","YEAR":111,"DEAD_CNT":0,"INJ_CNT":2,"LOCATION":7},"geometry":{"type":"Point","coordinates":[120.3609803,22.73718]}},
{"type":"Feature","properties":{"ACC_TYPE":"A2","YEAR":111,"DEAD_CNT":0,"INJ_CNT":1,"LOCATION":18},"geometry":{"type":"Point","coordinates":[120.3920298,22.6361601]}},
{"type":"Feature","properties":{"ACC_TYPE":"A2","YEAR":111,"DEAD_CNT":0,"INJ_CNT":1,"LOCATION":1},"geometry":{"type":"Point","coordinates":[120.3249,22.59889]}},
{"type":"Feature","properties":{"ACC_TYPE":"A2","YEAR":111,"DEAD_CNT":0,"INJ_CNT":1,"LOCATION":8},"geometry":{"type":"Point","coordinates":[120.2925,22.6967]}},
{"type":"Feature","properties":{"ACC_TYPE":"A2","YEAR":111,"DEAD_CNT":0,"INJ_CNT":1,"LOCATION":8},"geometry":{"type":"Point","coordinates":[120.2865,22.6701]}},
{"type":"Feature","properties":{"ACC_TYPE":"A2","YEAR":111,"DEAD_CNT":0,"INJ_CNT":2,"LOCATION":7},"geometry":{"type":"Point","coordinates":[120.3275115,22.5674398]}},
{"type":"Feature","properties":{"ACC_TYPE":"A2","YEAR":111,"DEAD_CNT":0,"INJ_CNT":1,"LOCATION":18},"geometry":{"type":"Point","coordinates":[120.3418917,22.6467956]}},
{"type":"Feature","properties":{"ACC_TYPE":"A2","YEAR":111,"DEAD_CNT":0,"INJ_CNT":1,"LOCATION":9},"geometry":{"type":"Point","coordinates":[120.3161428,22.6135352]}},
{"type":"Feature","properties":{"ACC_TYPE":"A2","YEAR":111,"DEAD_CNT":0,"INJ_CNT":3,"LOCATION":1},"geometry":{"type":"Point","coordinates":[120.4183823,22.5909945]}},
{"type":"Feature","properties":{"ACC_TYPE":"A2","YEAR":111,"DEAD_CNT":0,"INJ_CNT":1,"LOCATION":1},"geometry":{"type":"Point","coordinates":[120.1845,22.90043]}},
{"type":"Feature","properties":{"ACC_TYPE":"A2","YEAR":111,"DEAD_CNT":0,"INJ_CNT":1,"LOCATION":9},"geometry":{"type":"Point","coordinates":[120.3041257,22.7972029]}},
{"type":"Feature","properties":{"ACC_TYPE":"A2","YEAR":111,"DEAD_CNT":0,"INJ_CNT":1,"LOCATION":1},"geometry":{"type":"Point","coordinates":[120.3283975,22.5917555]}},
{"type":"Feature","properties":{"ACC_TYPE":"A2","YEAR":111,"DEAD_CNT":0,"INJ_CNT":2,"LOCATION":9},"geometry":{"type":"Point","coordinates":[120.336476,22.6180991]}},
{"type":"Feature","properties":{"ACC_TYPE":"A2","YEAR":111,"DEAD_CNT":0,"INJ_CNT":2,"LOCATION":7},"geometry":{"type":"Point","coordinates":[120.4158584,22.49236002]}},
{"type":"Feature","properties":{"ACC_TYPE":"A2","YEAR":111,"DEAD_CNT":0,"INJ_CNT":1,"LOCATION":1},"geometry":{"type":"Point","coordinates":[120.3033044,22.6465861]}},
{"type":"Feature","properties":{"ACC_TYPE":"A2","YEAR":111,"DEAD_CNT":0,"INJ_CNT":1,"LOCATION":9},"geometry":{"type":"Point","coordinates":[120.3885855,22.6142633]}},
{"type":"Feature","properties":{"ACC_TYPE":"A2","YEAR":111,"DEAD_CNT":0,"INJ_CNT":2,"LOCATION":9},"geometry":{"type":"Point","coordinates":[120.3343353,22.6421324]}},
{"type":"Feature","properties":{"ACC_TYPE":"A2","YEAR":111,"DEAD_CNT":0,"INJ_CNT":1,"LOCATION":2},"geometry":{"type":"Point","coordinates":[120.3103378,22.6609009]}},
{"type":"Feature","properties":{"ACC_TYPE":"A2","YEAR":111,"DEAD_CNT":0,"INJ_CNT":2,"LOCATION":18},"geometry":{"type":"Point","coordinates":[120.303902,22.7254876]}},
{"type":"Feature","properties":{"ACC_TYPE":"A2","YEAR":111,"DEAD_CNT":0,"INJ_CNT":1,"LOCATION":2},"geometry":{"type":"Point","coordinates":[120.2828656,22.78085753]}},
{"type":"Feature","properties":{"ACC_TYPE":"A2","YEAR":111,"DEAD_CNT":0,"INJ_CNT":2,"LOCATION":8},"geometry":{"type":"Point","coordinates":[120.3067,22.63278]}},
{"type":"Feature","properties":{"ACC_TYPE":"A2","YEAR":111,"DEAD_CNT":0,"INJ_CNT":1,"LOCATION":1},"geometry":{"type":"Point","coordinates":[120.3343746,22.5640183]}},
{"type":"Feature","properties":{"ACC_TYPE":"A2","YEAR":111,"DEAD_CNT":0,"INJ_CNT":1,"LOCATION":9},"geometry":{"type":"Point","coordinates":[120.3276823,22.6418936]}},
{"type":"Feature","properties":{"ACC_TYPE":"A2","YEAR":111,"DEAD_CNT":0,"INJ_CNT":2,"LOCATION":2},"geometry":{"type":"Point","coordinates":[120.3170013,22.6683043]}},
{"type":"Feature","properties":{"ACC_TYPE":"A2","YEAR":111,"DEAD_CNT":0,"INJ_CNT":3,"LOCATION":8},"geometry":{"type":"Point","coordinates":[120.3020012,22.6578945]}},
{"type":"Feature","properties":{"ACC_TYPE":"A2","YEAR":111,"DEAD_CNT":0,"INJ_CNT":1,"LOCATION":1},"geometry":{"type":"Point","coordinates":[120.3162192,22.6724774]}},
{"type":"Feature","properties":{"ACC_TYPE":"A2","YEAR":111,"DEAD_CNT":0,"INJ_CNT":1,"LOCATION":1},"geometry":{"type":"Point","coordinates":[120.3363005,22.7309739]}},
{"type":"Feature","properties":{"ACC_TYPE":"A2","YEAR":111,"DEAD_CNT":0,"INJ_CNT":1,"LOCATION":7},"geometry":{"type":"Point","coordinates":[120.335627,22.597673]}},
{"type":"Feature","properties":{"ACC_TYPE":"A2","YEAR":111,"DEAD_CNT":0,"INJ_CNT":2,"LOCATION":7},"geometry":{"type":"Point","coordinates":[120.2781324,22.6263396]}},
{"type":"Feature","properties":{"ACC_TYPE":"A2","YEAR":111,"DEAD_CNT":0,"INJ_CNT":1,"LOCATION":7},"geometry":{"type":"Point","coordinates":[120.284213,22.6406027]}},
{"type":"Feature","properties":{"ACC_TYPE":"A2","YEAR":111,"DEAD_CNT":0,"INJ_CNT":1,"LOCATION":1},"geometry":{"type":"Point","coordinates":[120.3046074,22.7615237]}},
{"type":"Feature","properties":{"ACC_TYPE":"A2","YEAR":111,"DEAD_CNT":0,"INJ_CNT":2,"LOCATION":9},"geometry":{"type":"Point","coordinates":[120.3642,22.76558]}},
{"type":"Feature","properties":{"ACC_TYPE":"A2","YEAR":111,"DEAD_CNT":0,"INJ_CNT":1,"LOCATION":8},"geometry":{"type":"Point","coordinates":[120.2702802,22.6198564]}},
{"type":"Feature","properties":{"ACC_TYPE":"A2","YEAR":111,"DEAD_CNT":0,"INJ_CNT":2,"LOCATION":1},"geometry":{"type":"Point","coordinates":[120.4207539,22.5888504]}},
{"type":"Feature","properties":{"ACC_TYPE":"A2","YEAR":111,"DEAD_CNT":0,"INJ_CNT":1,"LOCATION":8},"geometry":{"type":"Point","coordinates":[120.3511631,22.62913142]}},
{"type":"Feature","properties":{"ACC_TYPE":"A2","YEAR":111,"DEAD_CNT":0,"INJ_CNT":2,"LOCATION":9},"geometry":{"type":"Point","coordinates":[120.2876111,22.5889527]}},
{"type":"Feature","properties":{"ACC_TYPE":"A2","YEAR":111,"DEAD_CNT":0,"INJ_CNT":1,"LOCATION":1},"geometry":{"type":"Point","coordinates":[120.366337,22.6240298]}},
{"type":"Feature","properties":{"ACC_TYPE":"A2","YEAR":111,"DEAD_CNT":0,"INJ_CNT":1,"LOCATION":7},"geometry":{"type":"Point","coordinates":[120.3498623,22.61282574]}},
{"type":"Feature","properties":{"ACC_TYPE":"A2","YEAR":111,"DEAD_CNT":0,"INJ_CNT":2,"LOCATION":9},"geometry":{"type":"Point","coordinates":[120.3021981,22.62247342]}},
{"type":"Feature","properties":{"ACC_TYPE":"A2","YEAR":111,"DEAD_CNT":0,"INJ_CNT":1,"LOCATION":1},"geometry":{"type":"Point","coordinates":[120.3238,22.62563]}},
{"type":"Feature","properties":{"ACC_TYPE":"A2","YEAR":111,"DEAD_CNT":0,"INJ_CNT":2,"LOCATION":7},"geometry":{"type":"Point","coordinates":[120.3423474,22.6423967]}},
{"type":"Feature","properties":{"ACC_TYPE":"A2","YEAR":111,"DEAD_CNT":0,"INJ_CNT":1,"LOCATION":7},"geometry":{"type":"Point","coordinates":[120.3541,22.73108]}},
{"type":"Feature","properties":{"ACC_TYPE":"A2","YEAR":111,"DEAD_CNT":0,"INJ_CNT":3,"LOCATION":8},"geometry":{"type":"Point","coordinates":[120.3347063,22.61251116]}},
{"type":"Feature","properties":{"ACC_TYPE":"A2","YEAR":111,"DEAD_CNT":0,"INJ_CNT":2,"LOCATION":9},"geometry":{"type":"Point","coordinates":[120.3479,22.64322]}},
{"type":"Feature","properties":{"ACC_TYPE":"A2","YEAR":111,"DEAD_CNT":0,"INJ_CNT":1,"LOCATION":2},"geometry":{"type":"Point","coordinates":[120.2925,22.69244]}},
{"type":"Feature","properties":{"ACC_TYPE":"A2","YEAR":111,"DEAD_CNT":0,"INJ_CNT":2,"LOCATION":9},"geometry":{"type":"Point","coordinates":[120.3927,22.65947]}},
{"type":"Feature","properties":{"ACC_TYPE":"A2","YEAR":111,"DEAD_CNT":0,"INJ_CNT":2,"LOCATION":7},"geometry":{"type":"Point","coordinates":[120.349531,22.6256426]}},
{"type":"Feature","properties":{"ACC_TYPE":"A2","YEAR":111,"DEAD_CNT":0,"INJ_CNT":2,"LOCATION":9},"geometry":{"type":"Point","coordinates":[120.257,22.85784]}},
{"type":"Feature","properties":{"ACC_TYPE":"A2","YEAR":111,"DEAD_CNT":0,"INJ_CNT":2,"LOCATION":7},"geometry":{"type":"Point","coordinates":[120.3194,22.66651]}},
{"type":"Feature","properties":{"ACC_TYPE":"A2","YEAR":111,"DEAD_CNT":0,"INJ_CNT":2,"LOCATION":7},"geometry":{"type":"Point","coordinates":[120.1939,22.86406]}},
{"type":"Feature","properties":{"ACC_TYPE":"A2","YEAR":111,"DEAD_CNT":0,"INJ_CNT":1,"LOCATION":9},"geometry":{"type":"Point","coordinates":[120.2626136,22.74667418]}},
{"type":"Feature","properties":{"ACC_TYPE":"A2","YEAR":111,"DEAD_CNT":0,"INJ_CNT":2,"LOCATION":2},"geometry":{"type":"Point","coordinates":[120.3968463,22.60286902]}},
{"type":"Feature","properties":{"ACC_TYPE":"A2","YEAR":111,"DEAD_CNT":0,"INJ_CNT":1,"LOCATION":9},"geometry":{"type":"Point","coordinates":[120.3362202,22.6337986]}},
{"type":"Feature","properties":{"ACC_TYPE":"A2","YEAR":111,"DEAD_CNT":0,"INJ_CNT":2,"LOCATION":1},"geometry":{"type":"Point","coordinates":[120.4117873,22.6120943]}},
{"type":"Feature","properties":{"ACC_TYPE":"A2","YEAR":111,"DEAD_CNT":0,"INJ_CNT":1,"LOCATION":9},"geometry":{"type":"Point","coordinates":[120.2883787,22.7423681]}},
{"type":"Feature","properties":{"ACC_TYPE":"A2","YEAR":111,"DEAD_CNT":0,"INJ_CNT":1,"LOCATION":7},"geometry":{"type":"Point","coordinates":[120.3275,22.87721]}},
{"type":"Feature","properties":{"ACC_TYPE":"A2","YEAR":111,"DEAD_CNT":0,"INJ_CNT":2,"LOCATION":7},"geometry":{"type":"Point","coordinates":[120.3179,22.72036]}},
{"type":"Feature","properties":{"ACC_TYPE":"A2","YEAR":111,"DEAD_CNT":0,"INJ_CNT":1,"LOCATION":2},"geometry":{"type":"Point","coordinates":[120.3151333,22.62925293]}},
{"type":"Feature","properties":{"ACC_TYPE":"A2","YEAR":111,"DEAD_CNT":0,"INJ_CNT":2,"LOCATION":2},"geometry":{"type":"Point","coordinates":[120.30152,22.62716]}},
{"type":"Feature","properties":{"ACC_TYPE":"A2","YEAR":111,"DEAD_CNT":0,"INJ_CNT":2,"LOCATION":1},"geometry":{"type":"Point","coordinates":[120.3950554,22.60819395]}},
{"type":"Feature","properties":{"ACC_TYPE":"A2","YEAR":111,"DEAD_CNT":0,"INJ_CNT":1,"LOCATION":22},"geometry":{"type":"Point","coordinates":[120.3530857,22.6152042]}},
{"type":"Feature","properties":{"ACC_TYPE":"A2","YEAR":111,"DEAD_CNT":0,"INJ_CNT":1,"LOCATION":1},"geometry":{"type":"Point","coordinates":[120.3166,22.63923]}},
{"type":"Feature","properties":{"ACC_TYPE":"A2","YEAR":111,"DEAD_CNT":0,"INJ_CNT":2,"LOCATION":1},"geometry":{"type":"Point","coordinates":[120.3349117,22.56195781]}},
{"type":"Feature","properties":{"ACC_TYPE":"A2","YEAR":111,"DEAD_CNT":0,"INJ_CNT":1,"LOCATION":20},"geometry":{"type":"Point","coordinates":[120.3106515,22.6814424]}},
{"type":"Feature","properties":{"ACC_TYPE":"A2","YEAR":111,"DEAD_CNT":0,"INJ_CNT":1,"LOCATION":2},"geometry":{"type":"Point","coordinates":[120.3107045,22.82315999]}},
{"type":"Feature","properties":{"ACC_TYPE":"A2","YEAR":111,"DEAD_CNT":0,"INJ_CNT":1,"LOCATION":1},"geometry":{"type":"Point","coordinates":[120.3300461,22.7280205]}},
{"type":"Feature","properties":{"ACC_TYPE":"A2","YEAR":111,"DEAD_CNT":0,"INJ_CNT":1,"LOCATION":8},"geometry":{"type":"Point","coordinates":[120.305716,22.64509]}},
{"type":"Feature","properties":{"ACC_TYPE":"A2","YEAR":111,"DEAD_CNT":0,"INJ_CNT":2,"LOCATION":8},"geometry":{"type":"Point","coordinates":[120.30152,22.62716]}},
{"type":"Feature","properties":{"ACC_TYPE":"A2","YEAR":111,"DEAD_CNT":0,"INJ_CNT":1,"LOCATION":1},"geometry":{"type":"Point","coordinates":[120.3635938,22.6339223]}},
{"type":"Feature","properties":{"ACC_TYPE":"A2","YEAR":111,"DEAD_CNT":0,"INJ_CNT":1,"LOCATION":9},"geometry":{"type":"Point","coordinates":[120.3646397,22.7649465]}},
{"type":"Feature","properties":{"ACC_TYPE":"A2","YEAR":111,"DEAD_CNT":0,"INJ_CNT":1,"LOCATION":7},"geometry":{"type":"Point","coordinates":[120.3612148,22.6249844]}},
{"type":"Feature","properties":{"ACC_TYPE":"A2","YEAR":111,"DEAD_CNT":0,"INJ_CNT":1,"LOCATION":7},"geometry":{"type":"Point","coordinates":[120.3169,22.64836]}},
{"type":"Feature","properties":{"ACC_TYPE":"A2","YEAR":111,"DEAD_CNT":0,"INJ_CNT":1,"LOCATION":1},"geometry":{"type":"Point","coordinates":[120.3555563,22.6781023]}},
{"type":"Feature","properties":{"ACC_TYPE":"A2","YEAR":111,"DEAD_CNT":0,"INJ_CNT":2,"LOCATION":1},"geometry":{"type":"Point","coordinates":[120.37,22.56121]}},
{"type":"Feature","properties":{"ACC_TYPE":"A2","YEAR":111,"DEAD_CNT":0,"INJ_CNT":3,"LOCATION":2},"geometry":{"type":"Point","coordinates":[120.2969,22.68861]}},
{"type":"Feature","properties":{"ACC_TYPE":"A2","YEAR":111,"DEAD_CNT":0,"INJ_CNT":2,"LOCATION":8},"geometry":{"type":"Point","coordinates":[120.306386,22.6605649]}},
{"type":"Feature","properties":{"ACC_TYPE":"A2","YEAR":111,"DEAD_CNT":0,"INJ_CNT":1,"LOCATION":9},"geometry":{"type":"Point","coordinates":[120.3407568,22.60080314]}},
{"type":"Feature","properties":{"ACC_TYPE":"A2","YEAR":111,"DEAD_CNT":0,"INJ_CNT":3,"LOCATION":2},"geometry":{"type":"Point","coordinates":[120.3169726,22.6180804]}},
{"type":"Feature","properties":{"ACC_TYPE":"A2","YEAR":111,"DEAD_CNT":0,"INJ_CNT":1,"LOCATION":1},"geometry":{"type":"Point","coordinates":[120.3239,22.67485]}},
{"type":"Feature","properties":{"ACC_TYPE":"A2","YEAR":111,"DEAD_CNT":0,"INJ_CNT":2,"LOCATION":8},"geometry":{"type":"Point","coordinates":[120.3216154,22.65767021]}},
{"type":"Feature","properties":{"ACC_TYPE":"A2","YEAR":111,"DEAD_CNT":0,"INJ_CNT":2,"LOCATION":1},"geometry":{"type":"Point","coordinates":[120.3056187,22.6179386]}},
{"type":"Feature","properties":{"ACC_TYPE":"A2","YEAR":111,"DEAD_CNT":0,"INJ_CNT":2,"LOCATION":2},"geometry":{"type":"Point","coordinates":[120.3024943,22.7254931]}},
{"type":"Feature","properties":{"ACC_TYPE":"A2","YEAR":111,"DEAD_CNT":0,"INJ_CNT":1,"LOCATION":9},"geometry":{"type":"Point","coordinates":[120.3597189,22.6238064]}},
{"type":"Feature","properties":{"ACC_TYPE":"A2","YEAR":111,"DEAD_CNT":0,"INJ_CNT":1,"LOCATION":8},"geometry":{"type":"Point","coordinates":[120.3504193,22.6257782]}},
{"type":"Feature","properties":{"ACC_TYPE":"A2","YEAR":111,"DEAD_CNT":0,"INJ_CNT":2,"LOCATION":9},"geometry":{"type":"Point","coordinates":[120.3723741,22.5386347]}},
{"type":"Feature","properties":{"ACC_TYPE":"A2","YEAR":111,"DEAD_CNT":0,"INJ_CNT":1,"LOCATION":9},"geometry":{"type":"Point","coordinates":[120.30152,22.62716]}},
{"type":"Feature","properties":{"ACC_TYPE":"A2","YEAR":111,"DEAD_CNT":0,"INJ_CNT":2,"LOCATION":2},"geometry":{"type":"Point","coordinates":[120.3570969,22.6210171]}},
{"type":"Feature","properties":{"ACC_TYPE":"A2","YEAR":111,"DEAD_CNT":0,"INJ_CNT":1,"LOCATION":9},"geometry":{"type":"Point","coordinates":[120.3108274,22.6090266]}},
{"type":"Feature","properties":{"ACC_TYPE":"A2","YEAR":111,"DEAD_CNT":0,"INJ_CNT":1,"LOCATION":1},"geometry":{"type":"Point","coordinates":[120.30152,22.62716]}},
{"type":"Feature","properties":{"ACC_TYPE":"A2","YEAR":111,"DEAD_CNT":0,"INJ_CNT":2,"LOCATION":1},"geometry":{"type":"Point","coordinates":[120.2930095,22.6368915]}},
{"type":"Feature","properties":{"ACC_TYPE":"A2","YEAR":111,"DEAD_CNT":0,"INJ_CNT":2,"LOCATION":2},"geometry":{"type":"Point","coordinates":[120.391036,22.503215]}},
{"type":"Feature","properties":{"ACC_TYPE":"A2","YEAR":111,"DEAD_CNT":0,"INJ_CNT":2,"LOCATION":1},"geometry":{"type":"Point","coordinates":[120.30152,22.62716]}},
{"type":"Feature","properties":{"ACC_TYPE":"A2","YEAR":111,"DEAD_CNT":0,"INJ_CNT":2,"LOCATION":11},"geometry":{"type":"Point","coordinates":[120.30152,22.62716]}},
{"type":"Feature","properties":{"ACC_TYPE":"A2","YEAR":111,"DEAD_CNT":0,"INJ_CNT":2,"LOCATION":1},"geometry":{"type":"Point","coordinates":[120.30152,22.62716]}},
{"type":"Feature","properties":{"ACC_TYPE":"A2","YEAR":111,"DEAD_CNT":0,"INJ_CNT":2,"LOCATION":9},"geometry":{"type":"Point","coordinates":[120.341742,22.634147]}},
{"type":"Feature","properties":{"ACC_TYPE":"A2","YEAR":111,"DEAD_CNT":0,"INJ_CNT":2,"LOCATION":1},"geometry":{"type":"Point","coordinates":[120.30152,22.62716]}},
{"type":"Feature","properties":{"ACC_TYPE":"A2","YEAR":111,"DEAD_CNT":0,"INJ_CNT":1,"LOCATION":1},"geometry":{"type":"Point","coordinates":[120.2879,22.78966]}},
{"type":"Feature","properties":{"ACC_TYPE":"A2","YEAR":111,"DEAD_CNT":0,"INJ_CNT":1,"LOCATION":9},"geometry":{"type":"Point","coordinates":[120.341817,22.75264]}},
{"type":"Feature","properties":{"ACC_TYPE":"A2","YEAR":111,"DEAD_CNT":0,"INJ_CNT":1,"LOCATION":1},"geometry":{"type":"Point","coordinates":[120.3088,22.64202]}},
{"type":"Feature","properties":{"ACC_TYPE":"A2","YEAR":111,"DEAD_CNT":0,"INJ_CNT":2,"LOCATION":1},"geometry":{"type":"Point","coordinates":[120.4213805,22.64755381]}},
{"type":"Feature","properties":{"ACC_TYPE":"A2","YEAR":111,"DEAD_CNT":0,"INJ_CNT":2,"LOCATION":8},"geometry":{"type":"Point","coordinates":[120.3291,22.68469]}},
{"type":"Feature","properties":{"ACC_TYPE":"A2","YEAR":111,"DEAD_CNT":0,"INJ_CNT":3,"LOCATION":1},"geometry":{"type":"Point","coordinates":[120.291685,22.727199]}},
{"type":"Feature","properties":{"ACC_TYPE":"A2","YEAR":111,"DEAD_CNT":0,"INJ_CNT":2,"LOCATION":9},"geometry":{"type":"Point","coordinates":[120.286721,22.721]}},
{"type":"Feature","properties":{"ACC_TYPE":"A2","YEAR":111,"DEAD_CNT":0,"INJ_CNT":2,"LOCATION":7},"geometry":{"type":"Point","coordinates":[120.3990339,22.5038957]}},
{"type":"Feature","properties":{"ACC_TYPE":"A2","YEAR":111,"DEAD_CNT":0,"INJ_CNT":1,"LOCATION":1},"geometry":{"type":"Point","coordinates":[120.30152,22.62716]}},
{"type":"Feature","properties":{"ACC_TYPE":"A2","YEAR":111,"DEAD_CNT":0,"INJ_CNT":1,"LOCATION":1},"geometry":{"type":"Point","coordinates":[120.353355,22.566688]}},
{"type":"Feature","properties":{"ACC_TYPE":"A2","YEAR":111,"DEAD_CNT":0,"INJ_CNT":1,"LOCATION":9},"geometry":{"type":"Point","coordinates":[120.30152,22.62716]}},
{"type":"Feature","properties":{"ACC_TYPE":"A2","YEAR":111,"DEAD_CNT":0,"INJ_CNT":2,"LOCATION":2},"geometry":{"type":"Point","coordinates":[120.30152,22.62716]}},
{"type":"Feature","properties":{"ACC_TYPE":"A2","YEAR":111,"DEAD_CNT":0,"INJ_CNT":1,"LOCATION":1},"geometry":{"type":"Point","coordinates":[120.3401741,22.61277658]}},
{"type":"Feature","properties":{"ACC_TYPE":"A2","YEAR":111,"DEAD_CNT":0,"INJ_CNT":2,"LOCATION":9},"geometry":{"type":"Point","coordinates":[120.1972,22.9111]}},
{"type":"Feature","properties":{"ACC_TYPE":"A2","YEAR":111,"DEAD_CNT":0,"INJ_CNT":1,"LOCATION":1},"geometry":{"type":"Point","coordinates":[120.3113497,22.6722084]}},
{"type":"Feature","properties":{"ACC_TYPE":"A2","YEAR":111,"DEAD_CNT":0,"INJ_CNT":1,"LOCATION":9},"geometry":{"type":"Point","coordinates":[120.30152,22.62716]}},
{"type":"Feature","properties":{"ACC_TYPE":"A2","YEAR":111,"DEAD_CNT":0,"INJ_CNT":1,"LOCATION":1},"geometry":{"type":"Point","coordinates":[120.3988144,22.5293301]}},
{"type":"Feature","properties":{"ACC_TYPE":"A2","YEAR":111,"DEAD_CNT":0,"INJ_CNT":1,"LOCATION":2},"geometry":{"type":"Point","coordinates":[120.311578,22.62315777]}},
{"type":"Feature","properties":{"ACC_TYPE":"A2","YEAR":111,"DEAD_CNT":0,"INJ_CNT":2,"LOCATION":8},"geometry":{"type":"Point","coordinates":[120.30152,22.62716]}},
{"type":"Feature","properties":{"ACC_TYPE":"A2","YEAR":111,"DEAD_CNT":0,"INJ_CNT":2,"LOCATION":2},"geometry":{"type":"Point","coordinates":[120.3719323,22.62776309]}},
{"type":"Feature","properties":{"ACC_TYPE":"A2","YEAR":111,"DEAD_CNT":0,"INJ_CNT":1,"LOCATION":8},"geometry":{"type":"Point","coordinates":[120.3570956,22.6239229]}},
{"type":"Feature","properties":{"ACC_TYPE":"A2","YEAR":111,"DEAD_CNT":0,"INJ_CNT":1,"LOCATION":1},"geometry":{"type":"Point","coordinates":[120.3084302,22.6628537]}},
{"type":"Feature","properties":{"ACC_TYPE":"A2","YEAR":111,"DEAD_CNT":0,"INJ_CNT":1,"LOCATION":1},"geometry":{"type":"Point","coordinates":[120.2628,22.85559]}},
{"type":"Feature","properties":{"ACC_TYPE":"A2","YEAR":111,"DEAD_CNT":0,"INJ_CNT":1,"LOCATION":1},"geometry":{"type":"Point","coordinates":[120.3126967,22.72070854]}},
{"type":"Feature","properties":{"ACC_TYPE":"A2","YEAR":111,"DEAD_CNT":0,"INJ_CNT":2,"LOCATION":8},"geometry":{"type":"Point","coordinates":[120.2890036,22.627029]}},
{"type":"Feature","properties":{"ACC_TYPE":"A2","YEAR":111,"DEAD_CNT":0,"INJ_CNT":2,"LOCATION":8},"geometry":{"type":"Point","coordinates":[120.354657,22.568388]}},
{"type":"Feature","properties":{"ACC_TYPE":"A2","YEAR":111,"DEAD_CNT":0,"INJ_CNT":1,"LOCATION":9},"geometry":{"type":"Point","coordinates":[120.3973083,22.60112388]}},
{"type":"Feature","properties":{"ACC_TYPE":"A2","YEAR":111,"DEAD_CNT":0,"INJ_CNT":1,"LOCATION":2},"geometry":{"type":"Point","coordinates":[120.3626184,22.63002298]}},
{"type":"Feature","properties":{"ACC_TYPE":"A2","YEAR":111,"DEAD_CNT":0,"INJ_CNT":2,"LOCATION":8},"geometry":{"type":"Point","coordinates":[120.4932,22.91263]}},
{"type":"Feature","properties":{"ACC_TYPE":"A2","YEAR":111,"DEAD_CNT":0,"INJ_CNT":1,"LOCATION":13},"geometry":{"type":"Point","coordinates":[120.3507532,22.70230642]}},
{"type":"Feature","properties":{"ACC_TYPE":"A2","YEAR":111,"DEAD_CNT":0,"INJ_CNT":1,"LOCATION":1},"geometry":{"type":"Point","coordinates":[120.3119701,22.6738847]}},
{"type":"Feature","properties":{"ACC_TYPE":"A2","YEAR":111,"DEAD_CNT":0,"INJ_CNT":2,"LOCATION":1},"geometry":{"type":"Point","coordinates":[120.3246,22.63967]}},
{"type":"Feature","properties":{"ACC_TYPE":"A2","YEAR":111,"DEAD_CNT":0,"INJ_CNT":2,"LOCATION":22},"geometry":{"type":"Point","coordinates":[120.3176083,22.63112995]}},
{"type":"Feature","properties":{"ACC_TYPE":"A2","YEAR":111,"DEAD_CNT":0,"INJ_CNT":2,"LOCATION":7},"geometry":{"type":"Point","coordinates":[120.3315563,22.630277]}},
{"type":"Feature","properties":{"ACC_TYPE":"A2","YEAR":111,"DEAD_CNT":0,"INJ_CNT":1,"LOCATION":1},"geometry":{"type":"Point","coordinates":[120.2775,22.7227]}},
{"type":"Feature","properties":{"ACC_TYPE":"A2","YEAR":111,"DEAD_CNT":0,"INJ_CNT":3,"LOCATION":1},"geometry":{"type":"Point","coordinates":[120.2805562,22.6298702]}},
{"type":"Feature","properties":{"ACC_TYPE":"A2","YEAR":111,"DEAD_CNT":0,"INJ_CNT":1,"LOCATION":2},"geometry":{"type":"Point","coordinates":[120.2831862,22.7130802]}},
{"type":"Feature","properties":{"ACC_TYPE":"A2","YEAR":111,"DEAD_CNT":0,"INJ_CNT":2,"LOCATION":9},"geometry":{"type":"Point","coordinates":[120.3030508,22.7288201]}},
{"type":"Feature","properties":{"ACC_TYPE":"A2","YEAR":111,"DEAD_CNT":0,"INJ_CNT":1,"LOCATION":9},"geometry":{"type":"Point","coordinates":[120.3278449,22.59461285]}},
{"type":"Feature","properties":{"ACC_TYPE":"A2","YEAR":111,"DEAD_CNT":0,"INJ_CNT":1,"LOCATION":2},"geometry":{"type":"Point","coordinates":[120.2995054,22.6144631]}},
{"type":"Feature","properties":{"ACC_TYPE":"A2","YEAR":111,"DEAD_CNT":0,"INJ_CNT":1,"LOCATION":2},"geometry":{"type":"Point","coordinates":[120.392,22.63589]}},
{"type":"Feature","properties":{"ACC_TYPE":"A2","YEAR":111,"DEAD_CNT":0,"INJ_CNT":2,"LOCATION":2},"geometry":{"type":"Point","coordinates":[120.2773183,22.6615092]}},
{"type":"Feature","properties":{"ACC_TYPE":"A2","YEAR":111,"DEAD_CNT":0,"INJ_CNT":1,"LOCATION":2},"geometry":{"type":"Point","coordinates":[120.2977,22.66116]}},
{"type":"Feature","properties":{"ACC_TYPE":"A2","YEAR":111,"DEAD_CNT":0,"INJ_CNT":1,"LOCATION":2},"geometry":{"type":"Point","coordinates":[120.3301315,22.729612]}},
{"type":"Feature","properties":{"ACC_TYPE":"A2","YEAR":111,"DEAD_CNT":0,"INJ_CNT":1,"LOCATION":9},"geometry":{"type":"Point","coordinates":[120.3190351,22.6233122]}},
{"type":"Feature","properties":{"ACC_TYPE":"A2","YEAR":111,"DEAD_CNT":0,"INJ_CNT":3,"LOCATION":1},"geometry":{"type":"Point","coordinates":[120.3195767,22.65444332]}},
{"type":"Feature","properties":{"ACC_TYPE":"A2","YEAR":111,"DEAD_CNT":0,"INJ_CNT":2,"LOCATION":9},"geometry":{"type":"Point","coordinates":[120.3970265,22.5256189]}},
{"type":"Feature","properties":{"ACC_TYPE":"A2","YEAR":111,"DEAD_CNT":0,"INJ_CNT":2,"LOCATION":8},"geometry":{"type":"Point","coordinates":[120.2929909,22.6311236]}},
{"type":"Feature","properties":{"ACC_TYPE":"A2","YEAR":111,"DEAD_CNT":0,"INJ_CNT":1,"LOCATION":8},"geometry":{"type":"Point","coordinates":[120.325834,22.727606]}},
{"type":"Feature","properties":{"ACC_TYPE":"A2","YEAR":111,"DEAD_CNT":0,"INJ_CNT":1,"LOCATION":1},"geometry":{"type":"Point","coordinates":[120.3511103,22.6407225]}},
{"type":"Feature","properties":{"ACC_TYPE":"A2","YEAR":111,"DEAD_CNT":0,"INJ_CNT":2,"LOCATION":1},"geometry":{"type":"Point","coordinates":[120.329308,22.6257533]}},
{"type":"Feature","properties":{"ACC_TYPE":"A2","YEAR":111,"DEAD_CNT":0,"INJ_CNT":1,"LOCATION":2},"geometry":{"type":"Point","coordinates":[120.3797646,22.6293722]}},
{"type":"Feature","properties":{"ACC_TYPE":"A2","YEAR":111,"DEAD_CNT":0,"INJ_CNT":1,"LOCATION":1},"geometry":{"type":"Point","coordinates":[120.327104,22.630975]}},
{"type":"Feature","properties":{"ACC_TYPE":"A2","YEAR":111,"DEAD_CNT":0,"INJ_CNT":2,"LOCATION":7},"geometry":{"type":"Point","coordinates":[120.3471373,22.6440324]}},
{"type":"Feature","properties":{"ACC_TYPE":"A2","YEAR":111,"DEAD_CNT":0,"INJ_CNT":2,"LOCATION":20},"geometry":{"type":"Point","coordinates":[120.2985418,22.6342506]}},
{"type":"Feature","properties":{"ACC_TYPE":"A2","YEAR":111,"DEAD_CNT":0,"INJ_CNT":1,"LOCATION":9},"geometry":{"type":"Point","coordinates":[120.333032,22.8790495]}},
{"type":"Feature","properties":{"ACC_TYPE":"A2","YEAR":111,"DEAD_CNT":0,"INJ_CNT":1,"LOCATION":2},"geometry":{"type":"Point","coordinates":[120.3635,22.56808]}},
{"type":"Feature","properties":{"ACC_TYPE":"A2","YEAR":111,"DEAD_CNT":0,"INJ_CNT":1,"LOCATION":1},"geometry":{"type":"Point","coordinates":[120.3288,22.72996]}},
{"type":"Feature","properties":{"ACC_TYPE":"A2","YEAR":111,"DEAD_CNT":0,"INJ_CNT":1,"LOCATION":9},"geometry":{"type":"Point","coordinates":[120.3231987,22.6374738]}},
{"type":"Feature","properties":{"ACC_TYPE":"A2","YEAR":111,"DEAD_CNT":0,"INJ_CNT":2,"LOCATION":1},"geometry":{"type":"Point","coordinates":[120.4205,22.58647]}},
{"type":"Feature","properties":{"ACC_TYPE":"A2","YEAR":111,"DEAD_CNT":0,"INJ_CNT":2,"LOCATION":7},"geometry":{"type":"Point","coordinates":[120.3196543,22.6346893]}},
{"type":"Feature","properties":{"ACC_TYPE":"A2","YEAR":111,"DEAD_CNT":0,"INJ_CNT":1,"LOCATION":9},"geometry":{"type":"Point","coordinates":[120.4026144,22.5132655]}},
{"type":"Feature","properties":{"ACC_TYPE":"A2","YEAR":111,"DEAD_CNT":0,"INJ_CNT":2,"LOCATION":7},"geometry":{"type":"Point","coordinates":[120.357902,22.621772]}},
{"type":"Feature","properties":{"ACC_TYPE":"A2","YEAR":111,"DEAD_CNT":0,"INJ_CNT":1,"LOCATION":1},"geometry":{"type":"Point","coordinates":[120.283312,22.7904951]}},
{"type":"Feature","properties":{"ACC_TYPE":"A2","YEAR":111,"DEAD_CNT":0,"INJ_CNT":1,"LOCATION":1},"geometry":{"type":"Point","coordinates":[120.3462638,22.6442324]}},
{"type":"Feature","properties":{"ACC_TYPE":"A2","YEAR":111,"DEAD_CNT":0,"INJ_CNT":2,"LOCATION":9},"geometry":{"type":"Point","coordinates":[120.2582488,22.8651318]}},
{"type":"Feature","properties":{"ACC_TYPE":"A2","YEAR":111,"DEAD_CNT":0,"INJ_CNT":1,"LOCATION":2},"geometry":{"type":"Point","coordinates":[120.29712,22.6638108]}},
{"type":"Feature","properties":{"ACC_TYPE":"A2","YEAR":111,"DEAD_CNT":0,"INJ_CNT":1,"LOCATION":9},"geometry":{"type":"Point","coordinates":[120.4315976,22.6895219]}},
{"type":"Feature","properties":{"ACC_TYPE":"A2","YEAR":111,"DEAD_CNT":0,"INJ_CNT":2,"LOCATION":9},"geometry":{"type":"Point","coordinates":[120.2755616,22.6544369]}},
{"type":"Feature","properties":{"ACC_TYPE":"A2","YEAR":111,"DEAD_CNT":0,"INJ_CNT":2,"LOCATION":8},"geometry":{"type":"Point","coordinates":[120.4287355,22.5624283]}},
{"type":"Feature","properties":{"ACC_TYPE":"A2","YEAR":111,"DEAD_CNT":0,"INJ_CNT":1,"LOCATION":1},"geometry":{"type":"Point","coordinates":[120.3367149,22.6044142]}},
{"type":"Feature","properties":{"ACC_TYPE":"A2","YEAR":111,"DEAD_CNT":0,"INJ_CNT":1,"LOCATION":1},"geometry":{"type":"Point","coordinates":[120.3148,22.6908]}},
{"type":"Feature","properties":{"ACC_TYPE":"A2","YEAR":111,"DEAD_CNT":0,"INJ_CNT":1,"LOCATION":1},"geometry":{"type":"Point","coordinates":[120.3235763,22.5765305]}},
{"type":"Feature","properties":{"ACC_TYPE":"A2","YEAR":111,"DEAD_CNT":0,"INJ_CNT":1,"LOCATION":7},"geometry":{"type":"Point","coordinates":[120.1842,22.90013]}},
{"type":"Feature","properties":{"ACC_TYPE":"A2","YEAR":111,"DEAD_CNT":0,"INJ_CNT":2,"LOCATION":1},"geometry":{"type":"Point","coordinates":[120.310194,22.6100395]}},
{"type":"Feature","properties":{"ACC_TYPE":"A2","YEAR":111,"DEAD_CNT":0,"INJ_CNT":2,"LOCATION":1},"geometry":{"type":"Point","coordinates":[120.483068,22.88611646]}},
{"type":"Feature","properties":{"ACC_TYPE":"A2","YEAR":111,"DEAD_CNT":0,"INJ_CNT":1,"LOCATION":9},"geometry":{"type":"Point","coordinates":[120.313837,22.6100196]}},
{"type":"Feature","properties":{"ACC_TYPE":"A2","YEAR":111,"DEAD_CNT":0,"INJ_CNT":2,"LOCATION":1},"geometry":{"type":"Point","coordinates":[120.3371,22.59188]}},
{"type":"Feature","properties":{"ACC_TYPE":"A2","YEAR":111,"DEAD_CNT":0,"INJ_CNT":1,"LOCATION":9},"geometry":{"type":"Point","coordinates":[120.3906824,22.65832209]}},
{"type":"Feature","properties":{"ACC_TYPE":"A2","YEAR":111,"DEAD_CNT":0,"INJ_CNT":1,"LOCATION":1},"geometry":{"type":"Point","coordinates":[120.318372,22.683731]}},
{"type":"Feature","properties":{"ACC_TYPE":"A2","YEAR":111,"DEAD_CNT":0,"INJ_CNT":1,"LOCATION":8},"geometry":{"type":"Point","coordinates":[120.3316884,22.60117796]}},
{"type":"Feature","properties":{"ACC_TYPE":"A2","YEAR":111,"DEAD_CNT":0,"INJ_CNT":1,"LOCATION":1},"geometry":{"type":"Point","coordinates":[120.3322674,22.5669209]}},
{"type":"Feature","properties":{"ACC_TYPE":"A2","YEAR":111,"DEAD_CNT":0,"INJ_CNT":2,"LOCATION":9},"geometry":{"type":"Point","coordinates":[120.3027355,22.6108385]}},
{"type":"Feature","properties":{"ACC_TYPE":"A2","YEAR":111,"DEAD_CNT":0,"INJ_CNT":1,"LOCATION":2},"geometry":{"type":"Point","coordinates":[120.3317,22.65031]}},
{"type":"Feature","properties":{"ACC_TYPE":"A2","YEAR":111,"DEAD_CNT":0,"INJ_CNT":1,"LOCATION":9},"geometry":{"type":"Point","coordinates":[120.3115538,22.5931473]}},
{"type":"Feature","properties":{"ACC_TYPE":"A2","YEAR":111,"DEAD_CNT":0,"INJ_CNT":1,"LOCATION":20},"geometry":{"type":"Point","coordinates":[120.3154363,22.6174245]}},
{"type":"Feature","properties":{"ACC_TYPE":"A2","YEAR":111,"DEAD_CNT":0,"INJ_CNT":1,"LOCATION":1},"geometry":{"type":"Point","coordinates":[120.3046487,22.6311311]}},
{"type":"Feature","properties":{"ACC_TYPE":"A2","YEAR":111,"DEAD_CNT":0,"INJ_CNT":3,"LOCATION":1},"geometry":{"type":"Point","coordinates":[120.3424,22.73227]}},
{"type":"Feature","properties":{"ACC_TYPE":"A2","YEAR":111,"DEAD_CNT":0,"INJ_CNT":1,"LOCATION":1},"geometry":{"type":"Point","coordinates":[120.30152,22.62716]}},
{"type":"Feature","properties":{"ACC_TYPE":"A2","YEAR":111,"DEAD_CNT":0,"INJ_CNT":1,"LOCATION":1},"geometry":{"type":"Point","coordinates":[120.30152,22.62716]}},
{"type":"Feature","properties":{"ACC_TYPE":"A2","YEAR":111,"DEAD_CNT":0,"INJ_CNT":1,"LOCATION":1},"geometry":{"type":"Point","coordinates":[120.30152,22.62716]}},
{"type":"Feature","properties":{"ACC_TYPE":"A2","YEAR":111,"DEAD_CNT":0,"INJ_CNT":1,"LOCATION":1},"geometry":{"type":"Point","coordinates":[120.30152,22.62716]}},
{"type":"Feature","properties":{"ACC_TYPE":"A2","YEAR":111,"DEAD_CNT":0,"INJ_CNT":6,"LOCATION":22},"geometry":{"type":"Point","coordinates":[120.30152,22.62716]}},
{"type":"Feature","properties":{"ACC_TYPE":"A2","YEAR":111,"DEAD_CNT":0,"INJ_CNT":1,"LOCATION":20},"geometry":{"type":"Point","coordinates":[120.3020045,22.6163014]}},
{"type":"Feature","properties":{"ACC_TYPE":"A2","YEAR":111,"DEAD_CNT":0,"INJ_CNT":2,"LOCATION":9},"geometry":{"type":"Point","coordinates":[120.3022101,22.7536222]}},
{"type":"Feature","properties":{"ACC_TYPE":"A2","YEAR":111,"DEAD_CNT":0,"INJ_CNT":3,"LOCATION":8},"geometry":{"type":"Point","coordinates":[120.3574552,22.6625256]}},
{"type":"Feature","properties":{"ACC_TYPE":"A2","YEAR":111,"DEAD_CNT":0,"INJ_CNT":2,"LOCATION":1},"geometry":{"type":"Point","coordinates":[120.3063522,22.6245009]}},
{"type":"Feature","properties":{"ACC_TYPE":"A2","YEAR":111,"DEAD_CNT":0,"INJ_CNT":2,"LOCATION":9},"geometry":{"type":"Point","coordinates":[120.30152,22.62716]}},
{"type":"Feature","properties":{"ACC_TYPE":"A2","YEAR":111,"DEAD_CNT":0,"INJ_CNT":3,"LOCATION":9},"geometry":{"type":"Point","coordinates":[120.30135,22.62736]}},
{"type":"Feature","properties":{"ACC_TYPE":"A2","YEAR":111,"DEAD_CNT":0,"INJ_CNT":1,"LOCATION":1},"geometry":{"type":"Point","coordinates":[120.30152,22.62716]}},
{"type":"Feature","properties":{"ACC_TYPE":"A2","YEAR":111,"DEAD_CNT":0,"INJ_CNT":1,"LOCATION":9},"geometry":{"type":"Point","coordinates":[120.3320493,22.6191599]}},
{"type":"Feature","properties":{"ACC_TYPE":"A2","YEAR":111,"DEAD_CNT":0,"INJ_CNT":2,"LOCATION":2},"geometry":{"type":"Point","coordinates":[120.30022,22.81149]}},
{"type":"Feature","properties":{"ACC_TYPE":"A2","YEAR":111,"DEAD_CNT":0,"INJ_CNT":1,"LOCATION":1},"geometry":{"type":"Point","coordinates":[120.3156664,22.6279533]}},
{"type":"Feature","properties":{"ACC_TYPE":"A2","YEAR":111,"DEAD_CNT":0,"INJ_CNT":1,"LOCATION":1},"geometry":{"type":"Point","coordinates":[120.30152,22.62716]}},
{"type":"Feature","properties":{"ACC_TYPE":"A2","YEAR":111,"DEAD_CNT":0,"INJ_CNT":1,"LOCATION":1},"geometry":{"type":"Point","coordinates":[120.30152,22.62716]}},
{"type":"Feature","properties":{"ACC_TYPE":"A2","YEAR":111,"DEAD_CNT":0,"INJ_CNT":1,"LOCATION":9},"geometry":{"type":"Point","coordinates":[120.2923,22.7239]}},
{"type":"Feature","properties":{"ACC_TYPE":"A2","YEAR":111,"DEAD_CNT":0,"INJ_CNT":2,"LOCATION":2},"geometry":{"type":"Point","coordinates":[120.30152,22.62716]}},
{"type":"Feature","properties":{"ACC_TYPE":"A2","YEAR":111,"DEAD_CNT":0,"INJ_CNT":2,"LOCATION":1},"geometry":{"type":"Point","coordinates":[120.30152,22.62716]}},
{"type":"Feature","properties":{"ACC_TYPE":"A2","YEAR":111,"DEAD_CNT":0,"INJ_CNT":1,"LOCATION":9},"geometry":{"type":"Point","coordinates":[120.2967188,22.6326463]}},
{"type":"Feature","properties":{"ACC_TYPE":"A2","YEAR":111,"DEAD_CNT":0,"INJ_CNT":1,"LOCATION":1},"geometry":{"type":"Point","coordinates":[120.3553,22.70351]}},
{"type":"Feature","properties":{"ACC_TYPE":"A2","YEAR":111,"DEAD_CNT":0,"INJ_CNT":1,"LOCATION":9},"geometry":{"type":"Point","coordinates":[120.3231,22.66427]}},
{"type":"Feature","properties":{"ACC_TYPE":"A2","YEAR":111,"DEAD_CNT":0,"INJ_CNT":1,"LOCATION":7},"geometry":{"type":"Point","coordinates":[120.3,22.6]}},
{"type":"Feature","properties":{"ACC_TYPE":"A2","YEAR":111,"DEAD_CNT":0,"INJ_CNT":1,"LOCATION":1},"geometry":{"type":"Point","coordinates":[120.30152,22.62716]}},
{"type":"Feature","properties":{"ACC_TYPE":"A2","YEAR":111,"DEAD_CNT":0,"INJ_CNT":1,"LOCATION":13},"geometry":{"type":"Point","coordinates":[120.4265855,22.6634255]}},
{"type":"Feature","properties":{"ACC_TYPE":"A2","YEAR":111,"DEAD_CNT":0,"INJ_CNT":3,"LOCATION":9},"geometry":{"type":"Point","coordinates":[120.3025568,22.8204253]}},
{"type":"Feature","properties":{"ACC_TYPE":"A2","YEAR":111,"DEAD_CNT":0,"INJ_CNT":2,"LOCATION":8},"geometry":{"type":"Point","coordinates":[120.3515648,22.6139446]}},
{"type":"Feature","properties":{"ACC_TYPE":"A2","YEAR":111,"DEAD_CNT":0,"INJ_CNT":1,"LOCATION":7},"geometry":{"type":"Point","coordinates":[120.271,22.62364]}},
{"type":"Feature","properties":{"ACC_TYPE":"A2","YEAR":111,"DEAD_CNT":0,"INJ_CNT":1,"LOCATION":1},"geometry":{"type":"Point","coordinates":[120.30152,22.62716]}},
{"type":"Feature","properties":{"ACC_TYPE":"A2","YEAR":111,"DEAD_CNT":0,"INJ_CNT":1,"LOCATION":9},"geometry":{"type":"Point","coordinates":[120.30152,22.62716]}},
{"type":"Feature","properties":{"ACC_TYPE":"A2","YEAR":111,"DEAD_CNT":0,"INJ_CNT":2,"LOCATION":7},"geometry":{"type":"Point","coordinates":[120.3341327,22.6122977]}},
{"type":"Feature","properties":{"ACC_TYPE":"A2","YEAR":111,"DEAD_CNT":0,"INJ_CNT":2,"LOCATION":2},"geometry":{"type":"Point","coordinates":[120.30152,22.62716]}},
{"type":"Feature","properties":{"ACC_TYPE":"A2","YEAR":111,"DEAD_CNT":0,"INJ_CNT":2,"LOCATION":11},"geometry":{"type":"Point","coordinates":[120.368652,22.538205]}},
{"type":"Feature","properties":{"ACC_TYPE":"A2","YEAR":111,"DEAD_CNT":0,"INJ_CNT":1,"LOCATION":9},"geometry":{"type":"Point","coordinates":[120.2835758,22.6303229]}},
{"type":"Feature","properties":{"ACC_TYPE":"A2","YEAR":111,"DEAD_CNT":0,"INJ_CNT":1,"LOCATION":1},"geometry":{"type":"Point","coordinates":[120.3338,22.6036]}},
{"type":"Feature","properties":{"ACC_TYPE":"A2","YEAR":111,"DEAD_CNT":0,"INJ_CNT":1,"LOCATION":1},"geometry":{"type":"Point","coordinates":[120.3159395,22.62582318]}},
{"type":"Feature","properties":{"ACC_TYPE":"A2","YEAR":111,"DEAD_CNT":0,"INJ_CNT":1,"LOCATION":1},"geometry":{"type":"Point","coordinates":[120.30152,22.62716]}},
{"type":"Feature","properties":{"ACC_TYPE":"A2","YEAR":111,"DEAD_CNT":0,"INJ_CNT":2,"LOCATION":2},"geometry":{"type":"Point","coordinates":[120.3570994,22.629022]}},
{"type":"Feature","properties":{"ACC_TYPE":"A2","YEAR":111,"DEAD_CNT":0,"INJ_CNT":2,"LOCATION":1},"geometry":{"type":"Point","coordinates":[120.313794,22.63449466]}},
{"type":"Feature","properties":{"ACC_TYPE":"A2","YEAR":111,"DEAD_CNT":0,"INJ_CNT":2,"LOCATION":7},"geometry":{"type":"Point","coordinates":[120.348674,22.7320031]}},
{"type":"Feature","properties":{"ACC_TYPE":"A2","YEAR":111,"DEAD_CNT":0,"INJ_CNT":1,"LOCATION":7},"geometry":{"type":"Point","coordinates":[120.30152,22.62716]}},
{"type":"Feature","properties":{"ACC_TYPE":"A2","YEAR":111,"DEAD_CNT":0,"INJ_CNT":2,"LOCATION":1},"geometry":{"type":"Point","coordinates":[120.30152,22.62716]}},
{"type":"Feature","properties":{"ACC_TYPE":"A2","YEAR":111,"DEAD_CNT":0,"INJ_CNT":2,"LOCATION":9},"geometry":{"type":"Point","coordinates":[120.352,22.72528]}},
{"type":"Feature","properties":{"ACC_TYPE":"A2","YEAR":111,"DEAD_CNT":0,"INJ_CNT":1,"LOCATION":2},"geometry":{"type":"Point","coordinates":[120.30152,22.62716]}},
{"type":"Feature","properties":{"ACC_TYPE":"A2","YEAR":111,"DEAD_CNT":0,"INJ_CNT":1,"LOCATION":7},"geometry":{"type":"Point","coordinates":[120.30152,22.62716]}},
{"type":"Feature","properties":{"ACC_TYPE":"A2","YEAR":111,"DEAD_CNT":0,"INJ_CNT":1,"LOCATION":2},"geometry":{"type":"Point","coordinates":[120.301564,22.6215709]}},
{"type":"Feature","properties":{"ACC_TYPE":"A2","YEAR":111,"DEAD_CNT":0,"INJ_CNT":1,"LOCATION":2},"geometry":{"type":"Point","coordinates":[120.2909,22.70186]}},
{"type":"Feature","properties":{"ACC_TYPE":"A2","YEAR":111,"DEAD_CNT":0,"INJ_CNT":1,"LOCATION":1},"geometry":{"type":"Point","coordinates":[120.2973921,22.6314979]}},
{"type":"Feature","properties":{"ACC_TYPE":"A2","YEAR":111,"DEAD_CNT":0,"INJ_CNT":2,"LOCATION":7},"geometry":{"type":"Point","coordinates":[120.3545441,22.62912978]}},
{"type":"Feature","properties":{"ACC_TYPE":"A2","YEAR":111,"DEAD_CNT":0,"INJ_CNT":1,"LOCATION":9},"geometry":{"type":"Point","coordinates":[120.3051868,22.5768469]}},
{"type":"Feature","properties":{"ACC_TYPE":"A2","YEAR":111,"DEAD_CNT":0,"INJ_CNT":1,"LOCATION":2},"geometry":{"type":"Point","coordinates":[120.3465309,22.58785227]}},
{"type":"Feature","properties":{"ACC_TYPE":"A2","YEAR":111,"DEAD_CNT":0,"INJ_CNT":1,"LOCATION":2},"geometry":{"type":"Point","coordinates":[120.30152,22.62716]}},
{"type":"Feature","properties":{"ACC_TYPE":"A2","YEAR":111,"DEAD_CNT":0,"INJ_CNT":1,"LOCATION":7},"geometry":{"type":"Point","coordinates":[120.3646184,22.63091096]}},
{"type":"Feature","properties":{"ACC_TYPE":"A2","YEAR":111,"DEAD_CNT":0,"INJ_CNT":2,"LOCATION":2},"geometry":{"type":"Point","coordinates":[120.313805,22.6064994]}},
{"type":"Feature","properties":{"ACC_TYPE":"A2","YEAR":111,"DEAD_CNT":0,"INJ_CNT":1,"LOCATION":7},"geometry":{"type":"Point","coordinates":[120.3517658,22.59953981]}},
{"type":"Feature","properties":{"ACC_TYPE":"A2","YEAR":111,"DEAD_CNT":0,"INJ_CNT":2,"LOCATION":1},"geometry":{"type":"Point","coordinates":[120.30152,22.62716]}},
{"type":"Feature","properties":{"ACC_TYPE":"A2","YEAR":111,"DEAD_CNT":0,"INJ_CNT":1,"LOCATION":1},"geometry":{"type":"Point","coordinates":[120.297147,22.6611049]}},
{"type":"Feature","properties":{"ACC_TYPE":"A2","YEAR":111,"DEAD_CNT":0,"INJ_CNT":2,"LOCATION":9},"geometry":{"type":"Point","coordinates":[120.3371693,22.61276433]}},
{"type":"Feature","properties":{"ACC_TYPE":"A2","YEAR":111,"DEAD_CNT":0,"INJ_CNT":2,"LOCATION":22},"geometry":{"type":"Point","coordinates":[120.299901,22.719672]}},
{"type":"Feature","properties":{"ACC_TYPE":"A2","YEAR":111,"DEAD_CNT":0,"INJ_CNT":2,"LOCATION":9},"geometry":{"type":"Point","coordinates":[120.30168,22.62716]}},
{"type":"Feature","properties":{"ACC_TYPE":"A2","YEAR":111,"DEAD_CNT":0,"INJ_CNT":2,"LOCATION":8},"geometry":{"type":"Point","coordinates":[120.3,22.62]}},
{"type":"Feature","properties":{"ACC_TYPE":"A2","YEAR":111,"DEAD_CNT":0,"INJ_CNT":2,"LOCATION":1},"geometry":{"type":"Point","coordinates":[120.30152,22.62716]}},
{"type":"Feature","properties":{"ACC_TYPE":"A2","YEAR":111,"DEAD_CNT":0,"INJ_CNT":4,"LOCATION":11},"geometry":{"type":"Point","coordinates":[120.30549,22.767291]}},
{"type":"Feature","properties":{"ACC_TYPE":"A2","YEAR":111,"DEAD_CNT":0,"INJ_CNT":2,"LOCATION":1},"geometry":{"type":"Point","coordinates":[120.30152,22.62716]}},
{"type":"Feature","properties":{"ACC_TYPE":"A2","YEAR":111,"DEAD_CNT":0,"INJ_CNT":2,"LOCATION":8},"geometry":{"type":"Point","coordinates":[120.2895703,22.7142259]}},
{"type":"Feature","properties":{"ACC_TYPE":"A2","YEAR":111,"DEAD_CNT":0,"INJ_CNT":2,"LOCATION":2},"geometry":{"type":"Point","coordinates":[120.3256,22.62083]}},
{"type":"Feature","properties":{"ACC_TYPE":"A2","YEAR":111,"DEAD_CNT":0,"INJ_CNT":1,"LOCATION":1},"geometry":{"type":"Point","coordinates":[120.2920376,22.7126877]}},
{"type":"Feature","properties":{"ACC_TYPE":"A2","YEAR":111,"DEAD_CNT":0,"INJ_CNT":1,"LOCATION":1},"geometry":{"type":"Point","coordinates":[120.3083081,22.60815895]}},
{"type":"Feature","properties":{"ACC_TYPE":"A2","YEAR":111,"DEAD_CNT":0,"INJ_CNT":2,"LOCATION":9},"geometry":{"type":"Point","coordinates":[120.30152,22.62716]}},
{"type":"Feature","properties":{"ACC_TYPE":"A2","YEAR":111,"DEAD_CNT":0,"INJ_CNT":2,"LOCATION":8},"geometry":{"type":"Point","coordinates":[120.339,22.62961]}},
{"type":"Feature","properties":{"ACC_TYPE":"A2","YEAR":111,"DEAD_CNT":0,"INJ_CNT":1,"LOCATION":1},"geometry":{"type":"Point","coordinates":[120.2996,22.6141]}},
{"type":"Feature","properties":{"ACC_TYPE":"A2","YEAR":111,"DEAD_CNT":0,"INJ_CNT":1,"LOCATION":13},"geometry":{"type":"Point","coordinates":[120.3784745,22.6223043]}},
{"type":"Feature","properties":{"ACC_TYPE":"A2","YEAR":111,"DEAD_CNT":0,"INJ_CNT":1,"LOCATION":1},"geometry":{"type":"Point","coordinates":[120.30152,22.62716]}},
{"type":"Feature","properties":{"ACC_TYPE":"A2","YEAR":111,"DEAD_CNT":0,"INJ_CNT":1,"LOCATION":1},"geometry":{"type":"Point","coordinates":[120.30152,22.62716]}},
{"type":"Feature","properties":{"ACC_TYPE":"A2","YEAR":111,"DEAD_CNT":0,"INJ_CNT":1,"LOCATION":9},"geometry":{"type":"Point","coordinates":[120.2828803,22.6675992]}},
{"type":"Feature","properties":{"ACC_TYPE":"A2","YEAR":111,"DEAD_CNT":0,"INJ_CNT":2,"LOCATION":1},"geometry":{"type":"Point","coordinates":[120.30152,22.62716]}},
{"type":"Feature","properties":{"ACC_TYPE":"A2","YEAR":111,"DEAD_CNT":0,"INJ_CNT":2,"LOCATION":1},"geometry":{"type":"Point","coordinates":[120.3521606,22.6145098]}},
{"type":"Feature","properties":{"ACC_TYPE":"A2","YEAR":111,"DEAD_CNT":0,"INJ_CNT":1,"LOCATION":8},"geometry":{"type":"Point","coordinates":[120.3417468,22.61272]}},
{"type":"Feature","properties":{"ACC_TYPE":"A2","YEAR":111,"DEAD_CNT":0,"INJ_CNT":1,"LOCATION":1},"geometry":{"type":"Point","coordinates":[120.32721,22.5966047]}},
{"type":"Feature","properties":{"ACC_TYPE":"A2","YEAR":111,"DEAD_CNT":0,"INJ_CNT":1,"LOCATION":2},"geometry":{"type":"Point","coordinates":[120.3212,22.64786]}},
{"type":"Feature","properties":{"ACC_TYPE":"A2","YEAR":111,"DEAD_CNT":0,"INJ_CNT":2,"LOCATION":20},"geometry":{"type":"Point","coordinates":[120.33275,22.680441]}},
{"type":"Feature","properties":{"ACC_TYPE":"A2","YEAR":111,"DEAD_CNT":0,"INJ_CNT":1,"LOCATION":7},"geometry":{"type":"Point","coordinates":[120.3641068,22.6372225]}},
{"type":"Feature","properties":{"ACC_TYPE":"A2","YEAR":111,"DEAD_CNT":0,"INJ_CNT":1,"LOCATION":7},"geometry":{"type":"Point","coordinates":[120.3519,22.7315]}},
{"type":"Feature","properties":{"ACC_TYPE":"A2","YEAR":111,"DEAD_CNT":0,"INJ_CNT":1,"LOCATION":1},"geometry":{"type":"Point","coordinates":[120.30152,22.62716]}},
{"type":"Feature","properties":{"ACC_TYPE":"A2","YEAR":111,"DEAD_CNT":0,"INJ_CNT":2,"LOCATION":7},"geometry":{"type":"Point","coordinates":[120.3476,22.67821]}},
{"type":"Feature","properties":{"ACC_TYPE":"A2","YEAR":111,"DEAD_CNT":0,"INJ_CNT":1,"LOCATION":1},"geometry":{"type":"Point","coordinates":[120.3072014,22.6138836]}},
{"type":"Feature","properties":{"ACC_TYPE":"A2","YEAR":111,"DEAD_CNT":0,"INJ_CNT":1,"LOCATION":8},"geometry":{"type":"Point","coordinates":[120.3366966,22.7144464]}},
{"type":"Feature","properties":{"ACC_TYPE":"A2","YEAR":111,"DEAD_CNT":0,"INJ_CNT":1,"LOCATION":1},"geometry":{"type":"Point","coordinates":[120.3301626,22.6479626]}},
{"type":"Feature","properties":{"ACC_TYPE":"A2","YEAR":111,"DEAD_CNT":0,"INJ_CNT":1,"LOCATION":1},"geometry":{"type":"Point","coordinates":[120.30152,22.62716]}},
{"type":"Feature","properties":{"ACC_TYPE":"A2","YEAR":111,"DEAD_CNT":0,"INJ_CNT":1,"LOCATION":1},"geometry":{"type":"Point","coordinates":[120.30152,22.62716]}},
{"type":"Feature","properties":{"ACC_TYPE":"A2","YEAR":111,"DEAD_CNT":0,"INJ_CNT":2,"LOCATION":9},"geometry":{"type":"Point","coordinates":[120.30152,22.62716]}},
{"type":"Feature","properties":{"ACC_TYPE":"A2","YEAR":111,"DEAD_CNT":0,"INJ_CNT":2,"LOCATION":1},"geometry":{"type":"Point","coordinates":[120.2852814,22.6626448]}},
{"type":"Feature","properties":{"ACC_TYPE":"A2","YEAR":111,"DEAD_CNT":0,"INJ_CNT":1,"LOCATION":9},"geometry":{"type":"Point","coordinates":[120.30152,22.62716]}},
{"type":"Feature","properties":{"ACC_TYPE":"A2","YEAR":111,"DEAD_CNT":0,"INJ_CNT":2,"LOCATION":2},"geometry":{"type":"Point","coordinates":[120.3290235,22.6529198]}},
{"type":"Feature","properties":{"ACC_TYPE":"A2","YEAR":111,"DEAD_CNT":0,"INJ_CNT":1,"LOCATION":7},"geometry":{"type":"Point","coordinates":[120.3425463,22.60281367]}},
{"type":"Feature","properties":{"ACC_TYPE":"A2","YEAR":111,"DEAD_CNT":0,"INJ_CNT":2,"LOCATION":1},"geometry":{"type":"Point","coordinates":[120.352602,22.6364675]}},
{"type":"Feature","properties":{"ACC_TYPE":"A2","YEAR":111,"DEAD_CNT":0,"INJ_CNT":1,"LOCATION":1},"geometry":{"type":"Point","coordinates":[120.3667137,22.6280889]}},
{"type":"Feature","properties":{"ACC_TYPE":"A2","YEAR":111,"DEAD_CNT":0,"INJ_CNT":1,"LOCATION":1},"geometry":{"type":"Point","coordinates":[120.300009,22.6285036]}},
{"type":"Feature","properties":{"ACC_TYPE":"A2","YEAR":111,"DEAD_CNT":0,"INJ_CNT":1,"LOCATION":1},"geometry":{"type":"Point","coordinates":[120.3474307,22.6114819]}},
{"type":"Feature","properties":{"ACC_TYPE":"A2","YEAR":111,"DEAD_CNT":0,"INJ_CNT":1,"LOCATION":9},"geometry":{"type":"Point","coordinates":[120.2962033,22.6870832]}},
{"type":"Feature","properties":{"ACC_TYPE":"A2","YEAR":111,"DEAD_CNT":0,"INJ_CNT":1,"LOCATION":1},"geometry":{"type":"Point","coordinates":[120.3041348,22.6662329]}},
{"type":"Feature","properties":{"ACC_TYPE":"A2","YEAR":111,"DEAD_CNT":0,"INJ_CNT":3,"LOCATION":1},"geometry":{"type":"Point","coordinates":[120.4633,22.83975]}},
{"type":"Feature","properties":{"ACC_TYPE":"A2","YEAR":111,"DEAD_CNT":0,"INJ_CNT":1,"LOCATION":7},"geometry":{"type":"Point","coordinates":[120.30152,22.62716]}},
{"type":"Feature","properties":{"ACC_TYPE":"A2","YEAR":111,"DEAD_CNT":0,"INJ_CNT":1,"LOCATION":9},"geometry":{"type":"Point","coordinates":[120.3186363,22.6176355]}},
{"type":"Feature","properties":{"ACC_TYPE":"A2","YEAR":111,"DEAD_CNT":0,"INJ_CNT":2,"LOCATION":8},"geometry":{"type":"Point","coordinates":[120.3468,22.88017]}},
{"type":"Feature","properties":{"ACC_TYPE":"A2","YEAR":111,"DEAD_CNT":0,"INJ_CNT":1,"LOCATION":2},"geometry":{"type":"Point","coordinates":[120.30152,22.62716]}},
{"type":"Feature","properties":{"ACC_TYPE":"A2","YEAR":111,"DEAD_CNT":0,"INJ_CNT":1,"LOCATION":9},"geometry":{"type":"Point","coordinates":[120.2966387,22.784412]}},
{"type":"Feature","properties":{"ACC_TYPE":"A2","YEAR":111,"DEAD_CNT":0,"INJ_CNT":2,"LOCATION":8},"geometry":{"type":"Point","coordinates":[120.3680407,22.50798475]}},
{"type":"Feature","properties":{"ACC_TYPE":"A2","YEAR":111,"DEAD_CNT":0,"INJ_CNT":1,"LOCATION":7},"geometry":{"type":"Point","coordinates":[120.307779,22.628152]}},
{"type":"Feature","properties":{"ACC_TYPE":"A2","YEAR":111,"DEAD_CNT":0,"INJ_CNT":2,"LOCATION":9},"geometry":{"type":"Point","coordinates":[120.35557,22.75409]}},
{"type":"Feature","properties":{"ACC_TYPE":"A2","YEAR":111,"DEAD_CNT":0,"INJ_CNT":2,"LOCATION":9},"geometry":{"type":"Point","coordinates":[120.468699,22.88559]}},
{"type":"Feature","properties":{"ACC_TYPE":"A2","YEAR":111,"DEAD_CNT":0,"INJ_CNT":2,"LOCATION":1},"geometry":{"type":"Point","coordinates":[120.2979009,22.6338726]}},
{"type":"Feature","properties":{"ACC_TYPE":"A2","YEAR":111,"DEAD_CNT":0,"INJ_CNT":1,"LOCATION":9},"geometry":{"type":"Point","coordinates":[120.2951716,22.793252]}},
{"type":"Feature","properties":{"ACC_TYPE":"A2","YEAR":111,"DEAD_CNT":0,"INJ_CNT":1,"LOCATION":1},"geometry":{"type":"Point","coordinates":[120.3934,22.50038]}},
{"type":"Feature","properties":{"ACC_TYPE":"A2","YEAR":111,"DEAD_CNT":0,"INJ_CNT":1,"LOCATION":1},"geometry":{"type":"Point","coordinates":[120.2724,22.60799]}},
{"type":"Feature","properties":{"ACC_TYPE":"A2","YEAR":111,"DEAD_CNT":0,"INJ_CNT":2,"LOCATION":2},"geometry":{"type":"Point","coordinates":[120.30152,22.62716]}},
{"type":"Feature","properties":{"ACC_TYPE":"A2","YEAR":111,"DEAD_CNT":0,"INJ_CNT":2,"LOCATION":1},"geometry":{"type":"Point","coordinates":[120.293076,22.6308162]}},
{"type":"Feature","properties":{"ACC_TYPE":"A2","YEAR":111,"DEAD_CNT":0,"INJ_CNT":2,"LOCATION":7},"geometry":{"type":"Point","coordinates":[120.30152,22.62716]}},
{"type":"Feature","properties":{"ACC_TYPE":"A2","YEAR":111,"DEAD_CNT":0,"INJ_CNT":2,"LOCATION":8},"geometry":{"type":"Point","coordinates":[120.30147,22.62725]}},
{"type":"Feature","properties":{"ACC_TYPE":"A2","YEAR":111,"DEAD_CNT":0,"INJ_CNT":2,"LOCATION":1},"geometry":{"type":"Point","coordinates":[120.3091423,22.6111297]}},
{"type":"Feature","properties":{"ACC_TYPE":"A2","YEAR":111,"DEAD_CNT":0,"INJ_CNT":2,"LOCATION":8},"geometry":{"type":"Point","coordinates":[120.3059268,22.6356071]}},
{"type":"Feature","properties":{"ACC_TYPE":"A2","YEAR":111,"DEAD_CNT":0,"INJ_CNT":2,"LOCATION":8},"geometry":{"type":"Point","coordinates":[120.30152,22.62716]}},
{"type":"Feature","properties":{"ACC_TYPE":"A2","YEAR":111,"DEAD_CNT":0,"INJ_CNT":2,"LOCATION":8},"geometry":{"type":"Point","coordinates":[120.3203,22.66752]}},
{"type":"Feature","properties":{"ACC_TYPE":"A2","YEAR":111,"DEAD_CNT":0,"INJ_CNT":2,"LOCATION":20},"geometry":{"type":"Point","coordinates":[120.30152,22.62716]}},
{"type":"Feature","properties":{"ACC_TYPE":"A2","YEAR":111,"DEAD_CNT":0,"INJ_CNT":2,"LOCATION":1},"geometry":{"type":"Point","coordinates":[120.30152,22.62716]}},
{"type":"Feature","properties":{"ACC_TYPE":"A2","YEAR":111,"DEAD_CNT":0,"INJ_CNT":1,"LOCATION":1},"geometry":{"type":"Point","coordinates":[120.313,22.65582]}},
{"type":"Feature","properties":{"ACC_TYPE":"A2","YEAR":111,"DEAD_CNT":0,"INJ_CNT":2,"LOCATION":9},"geometry":{"type":"Point","coordinates":[120.3755205,22.62607583]}},
{"type":"Feature","properties":{"ACC_TYPE":"A2","YEAR":111,"DEAD_CNT":0,"INJ_CNT":1,"LOCATION":9},"geometry":{"type":"Point","coordinates":[120.3069528,22.6157625]}},
{"type":"Feature","properties":{"ACC_TYPE":"A2","YEAR":111,"DEAD_CNT":0,"INJ_CNT":1,"LOCATION":1},"geometry":{"type":"Point","coordinates":[120.2982647,22.6904926]}},
{"type":"Feature","properties":{"ACC_TYPE":"A2","YEAR":111,"DEAD_CNT":0,"INJ_CNT":2,"LOCATION":1},"geometry":{"type":"Point","coordinates":[120.30152,22.62716]}},
{"type":"Feature","properties":{"ACC_TYPE":"A2","YEAR":111,"DEAD_CNT":0,"INJ_CNT":2,"LOCATION":9},"geometry":{"type":"Point","coordinates":[120.336061,22.605043]}},
{"type":"Feature","properties":{"ACC_TYPE":"A2","YEAR":111,"DEAD_CNT":0,"INJ_CNT":2,"LOCATION":1},"geometry":{"type":"Point","coordinates":[120.3859,22.65508]}},
{"type":"Feature","properties":{"ACC_TYPE":"A2","YEAR":111,"DEAD_CNT":0,"INJ_CNT":1,"LOCATION":9},"geometry":{"type":"Point","coordinates":[120.327654,22.5934889]}},
{"type":"Feature","properties":{"ACC_TYPE":"A2","YEAR":111,"DEAD_CNT":0,"INJ_CNT":2,"LOCATION":9},"geometry":{"type":"Point","coordinates":[120.30152,22.62716]}},
{"type":"Feature","properties":{"ACC_TYPE":"A2","YEAR":111,"DEAD_CNT":0,"INJ_CNT":1,"LOCATION":1},"geometry":{"type":"Point","coordinates":[120.31759,22.64811]}},
{"type":"Feature","properties":{"ACC_TYPE":"A2","YEAR":111,"DEAD_CNT":0,"INJ_CNT":1,"LOCATION":1},"geometry":{"type":"Point","coordinates":[120.30146,22.62736]}},
{"type":"Feature","properties":{"ACC_TYPE":"A2","YEAR":111,"DEAD_CNT":0,"INJ_CNT":1,"LOCATION":1},"geometry":{"type":"Point","coordinates":[120.30152,22.62716]}},
{"type":"Feature","properties":{"ACC_TYPE":"A2","YEAR":111,"DEAD_CNT":0,"INJ_CNT":1,"LOCATION":8},"geometry":{"type":"Point","coordinates":[120.2892271,22.6310172]}},
{"type":"Feature","properties":{"ACC_TYPE":"A2","YEAR":111,"DEAD_CNT":0,"INJ_CNT":2,"LOCATION":7},"geometry":{"type":"Point","coordinates":[120.3786037,22.6405621]}},
{"type":"Feature","properties":{"ACC_TYPE":"A2","YEAR":111,"DEAD_CNT":0,"INJ_CNT":1,"LOCATION":1},"geometry":{"type":"Point","coordinates":[120.299901,22.719672]}},
{"type":"Feature","properties":{"ACC_TYPE":"A2","YEAR":111,"DEAD_CNT":0,"INJ_CNT":1,"LOCATION":9},"geometry":{"type":"Point","coordinates":[120.255,22.72775]}},
{"type":"Feature","properties":{"ACC_TYPE":"A2","YEAR":111,"DEAD_CNT":0,"INJ_CNT":1,"LOCATION":1},"geometry":{"type":"Point","coordinates":[120.3314,22.65409]}},
{"type":"Feature","properties":{"ACC_TYPE":"A2","YEAR":111,"DEAD_CNT":0,"INJ_CNT":2,"LOCATION":9},"geometry":{"type":"Point","coordinates":[120.3062,22.61325]}},
{"type":"Feature","properties":{"ACC_TYPE":"A2","YEAR":111,"DEAD_CNT":0,"INJ_CNT":2,"LOCATION":1},"geometry":{"type":"Point","coordinates":[120.3751495,22.6259904]}},
{"type":"Feature","properties":{"ACC_TYPE":"A2","YEAR":111,"DEAD_CNT":0,"INJ_CNT":1,"LOCATION":2},"geometry":{"type":"Point","coordinates":[120.295093,22.66108]}},
{"type":"Feature","properties":{"ACC_TYPE":"A2","YEAR":111,"DEAD_CNT":0,"INJ_CNT":1,"LOCATION":1},"geometry":{"type":"Point","coordinates":[120.3668363,22.6390487]}},
{"type":"Feature","properties":{"ACC_TYPE":"A2","YEAR":111,"DEAD_CNT":0,"INJ_CNT":1,"LOCATION":2},"geometry":{"type":"Point","coordinates":[120.30152,22.62716]}},
{"type":"Feature","properties":{"ACC_TYPE":"A2","YEAR":111,"DEAD_CNT":0,"INJ_CNT":1,"LOCATION":1},"geometry":{"type":"Point","coordinates":[120.2206,22.68814]}},
{"type":"Feature","properties":{"ACC_TYPE":"A2","YEAR":111,"DEAD_CNT":0,"INJ_CNT":1,"LOCATION":8},"geometry":{"type":"Point","coordinates":[120.3627482,22.5672344]}},
{"type":"Feature","properties":{"ACC_TYPE":"A2","YEAR":111,"DEAD_CNT":0,"INJ_CNT":1,"LOCATION":1},"geometry":{"type":"Point","coordinates":[120.3066,22.65674]}},
{"type":"Feature","properties":{"ACC_TYPE":"A2","YEAR":111,"DEAD_CNT":0,"INJ_CNT":1,"LOCATION":2},"geometry":{"type":"Point","coordinates":[120.3398343,22.60094263]}},
{"type":"Feature","properties":{"ACC_TYPE":"A2","YEAR":111,"DEAD_CNT":0,"INJ_CNT":1,"LOCATION":2},"geometry":{"type":"Point","coordinates":[120.30152,22.62716]}},
{"type":"Feature","properties":{"ACC_TYPE":"A2","YEAR":111,"DEAD_CNT":0,"INJ_CNT":2,"LOCATION":9},"geometry":{"type":"Point","coordinates":[120.3192,22.66088]}},
{"type":"Feature","properties":{"ACC_TYPE":"A2","YEAR":111,"DEAD_CNT":0,"INJ_CNT":2,"LOCATION":9},"geometry":{"type":"Point","coordinates":[120.3024787,22.79627325]}},
{"type":"Feature","properties":{"ACC_TYPE":"A2","YEAR":111,"DEAD_CNT":0,"INJ_CNT":1,"LOCATION":1},"geometry":{"type":"Point","coordinates":[120.30152,22.62716]}},
{"type":"Feature","properties":{"ACC_TYPE":"A2","YEAR":111,"DEAD_CNT":0,"INJ_CNT":1,"LOCATION":1},"geometry":{"type":"Point","coordinates":[120.299901,22.719672]}},
{"type":"Feature","properties":{"ACC_TYPE":"A2","YEAR":111,"DEAD_CNT":0,"INJ_CNT":1,"LOCATION":2},"geometry":{"type":"Point","coordinates":[120.30152,22.62716]}},
{"type":"Feature","properties":{"ACC_TYPE":"A2","YEAR":111,"DEAD_CNT":0,"INJ_CNT":1,"LOCATION":1},"geometry":{"type":"Point","coordinates":[120.3451889,22.6369127]}},
{"type":"Feature","properties":{"ACC_TYPE":"A2","YEAR":111,"DEAD_CNT":0,"INJ_CNT":2,"LOCATION":8},"geometry":{"type":"Point","coordinates":[120.2943,22.67183]}},
{"type":"Feature","properties":{"ACC_TYPE":"A2","YEAR":111,"DEAD_CNT":0,"INJ_CNT":1,"LOCATION":9},"geometry":{"type":"Point","coordinates":[120.30152,22.62716]}},
{"type":"Feature","properties":{"ACC_TYPE":"A2","YEAR":111,"DEAD_CNT":0,"INJ_CNT":1,"LOCATION":1},"geometry":{"type":"Point","coordinates":[120.3539,22.68722]}},
{"type":"Feature","properties":{"ACC_TYPE":"A2","YEAR":111,"DEAD_CNT":0,"INJ_CNT":2,"LOCATION":9},"geometry":{"type":"Point","coordinates":[120.3535806,22.7243522]}},
{"type":"Feature","properties":{"ACC_TYPE":"A2","YEAR":111,"DEAD_CNT":0,"INJ_CNT":1,"LOCATION":1},"geometry":{"type":"Point","coordinates":[120.334404,22.62374]}},
{"type":"Feature","properties":{"ACC_TYPE":"A2","YEAR":111,"DEAD_CNT":0,"INJ_CNT":1,"LOCATION":2},"geometry":{"type":"Point","coordinates":[120.3571077,22.61867845]}},
{"type":"Feature","properties":{"ACC_TYPE":"A2","YEAR":111,"DEAD_CNT":0,"INJ_CNT":1,"LOCATION":1},"geometry":{"type":"Point","coordinates":[120.3212,22.58355]}},
{"type":"Feature","properties":{"ACC_TYPE":"A2","YEAR":111,"DEAD_CNT":0,"INJ_CNT":1,"LOCATION":1},"geometry":{"type":"Point","coordinates":[120.3021963,22.61308565]}},
{"type":"Feature","properties":{"ACC_TYPE":"A2","YEAR":111,"DEAD_CNT":0,"INJ_CNT":1,"LOCATION":1},"geometry":{"type":"Point","coordinates":[120.3068,22.61949]}},
{"type":"Feature","properties":{"ACC_TYPE":"A2","YEAR":111,"DEAD_CNT":0,"INJ_CNT":2,"LOCATION":7},"geometry":{"type":"Point","coordinates":[120.3597,22.62333]}},
{"type":"Feature","properties":{"ACC_TYPE":"A2","YEAR":111,"DEAD_CNT":0,"INJ_CNT":1,"LOCATION":1},"geometry":{"type":"Point","coordinates":[120.3418,22.6129]}},
{"type":"Feature","properties":{"ACC_TYPE":"A2","YEAR":111,"DEAD_CNT":0,"INJ_CNT":2,"LOCATION":1},"geometry":{"type":"Point","coordinates":[120.3607,22.62417]}},
{"type":"Feature","properties":{"ACC_TYPE":"A2","YEAR":111,"DEAD_CNT":0,"INJ_CNT":1,"LOCATION":1},"geometry":{"type":"Point","coordinates":[120.28812,22.669819]}},
{"type":"Feature","properties":{"ACC_TYPE":"A2","YEAR":111,"DEAD_CNT":0,"INJ_CNT":1,"LOCATION":1},"geometry":{"type":"Point","coordinates":[120.3610772,22.70405733]}},
{"type":"Feature","properties":{"ACC_TYPE":"A2","YEAR":111,"DEAD_CNT":0,"INJ_CNT":1,"LOCATION":1},"geometry":{"type":"Point","coordinates":[120.30152,22.62716]}},
{"type":"Feature","properties":{"ACC_TYPE":"A2","YEAR":111,"DEAD_CNT":0,"INJ_CNT":1,"LOCATION":2},"geometry":{"type":"Point","coordinates":[120.3142473,22.64734253]}},
{"type":"Feature","properties":{"ACC_TYPE":"A2","YEAR":111,"DEAD_CNT":0,"INJ_CNT":2,"LOCATION":20},"geometry":{"type":"Point","coordinates":[120.30152,22.62716]}},
{"type":"Feature","properties":{"ACC_TYPE":"A2","YEAR":111,"DEAD_CNT":0,"INJ_CNT":1,"LOCATION":1},"geometry":{"type":"Point","coordinates":[120.3679,22.62301]}},
{"type":"Feature","properties":{"ACC_TYPE":"A2","YEAR":111,"DEAD_CNT":0,"INJ_CNT":4,"LOCATION":9},"geometry":{"type":"Point","coordinates":[120.2897,22.71069]}},
{"type":"Feature","properties":{"ACC_TYPE":"A2","YEAR":111,"DEAD_CNT":0,"INJ_CNT":2,"LOCATION":9},"geometry":{"type":"Point","coordinates":[120.343226,22.749358]}},
{"type":"Feature","properties":{"ACC_TYPE":"A2","YEAR":111,"DEAD_CNT":0,"INJ_CNT":1,"LOCATION":1},"geometry":{"type":"Point","coordinates":[120.30152,22.62716]}},
{"type":"Feature","properties":{"ACC_TYPE":"A2","YEAR":111,"DEAD_CNT":0,"INJ_CNT":2,"LOCATION":8},"geometry":{"type":"Point","coordinates":[120.319239,22.618728]}},
{"type":"Feature","properties":{"ACC_TYPE":"A2","YEAR":111,"DEAD_CNT":0,"INJ_CNT":1,"LOCATION":1},"geometry":{"type":"Point","coordinates":[120.3,22.6]}},
{"type":"Feature","properties":{"ACC_TYPE":"A2","YEAR":111,"DEAD_CNT":0,"INJ_CNT":2,"LOCATION":1},"geometry":{"type":"Point","coordinates":[120.30152,22.62716]}},
{"type":"Feature","properties":{"ACC_TYPE":"A2","YEAR":111,"DEAD_CNT":0,"INJ_CNT":1,"LOCATION":9},"geometry":{"type":"Point","coordinates":[120.305,22.577]}},
{"type":"Feature","properties":{"ACC_TYPE":"A2","YEAR":111,"DEAD_CNT":0,"INJ_CNT":1,"LOCATION":9},"geometry":{"type":"Point","coordinates":[120.4084,22.54626]}},
{"type":"Feature","properties":{"ACC_TYPE":"A2","YEAR":111,"DEAD_CNT":0,"INJ_CNT":2,"LOCATION":7},"geometry":{"type":"Point","coordinates":[120.3297931,22.6052859]}},
{"type":"Feature","properties":{"ACC_TYPE":"A2","YEAR":111,"DEAD_CNT":0,"INJ_CNT":1,"LOCATION":2},"geometry":{"type":"Point","coordinates":[120.3147208,22.5970794]}},
{"type":"Feature","properties":{"ACC_TYPE":"A2","YEAR":111,"DEAD_CNT":0,"INJ_CNT":2,"LOCATION":8},"geometry":{"type":"Point","coordinates":[120.2843086,22.6295165]}},
{"type":"Feature","properties":{"ACC_TYPE":"A2","YEAR":111,"DEAD_CNT":0,"INJ_CNT":2,"LOCATION":1},"geometry":{"type":"Point","coordinates":[120.33,22.60536]}},
{"type":"Feature","properties":{"ACC_TYPE":"A2","YEAR":111,"DEAD_CNT":0,"INJ_CNT":1,"LOCATION":9},"geometry":{"type":"Point","coordinates":[120.3188394,22.6174452]}},
{"type":"Feature","properties":{"ACC_TYPE":"A2","YEAR":111,"DEAD_CNT":0,"INJ_CNT":2,"LOCATION":8},"geometry":{"type":"Point","coordinates":[120.3526418,22.6270091]}},
{"type":"Feature","properties":{"ACC_TYPE":"A2","YEAR":111,"DEAD_CNT":0,"INJ_CNT":2,"LOCATION":9},"geometry":{"type":"Point","coordinates":[120.30152,22.62716]}},
{"type":"Feature","properties":{"ACC_TYPE":"A2","YEAR":111,"DEAD_CNT":0,"INJ_CNT":1,"LOCATION":1},"geometry":{"type":"Point","coordinates":[120.3535,22.56644]}},
{"type":"Feature","properties":{"ACC_TYPE":"A2","YEAR":111,"DEAD_CNT":0,"INJ_CNT":1,"LOCATION":1},"geometry":{"type":"Point","coordinates":[120.3054,22.64812]}},
{"type":"Feature","properties":{"ACC_TYPE":"A2","YEAR":111,"DEAD_CNT":0,"INJ_CNT":1,"LOCATION":9},"geometry":{"type":"Point","coordinates":[120.5418356,22.9002041]}},
{"type":"Feature","properties":{"ACC_TYPE":"A2","YEAR":111,"DEAD_CNT":0,"INJ_CNT":2,"LOCATION":8},"geometry":{"type":"Point","coordinates":[120.3488128,22.6160237]}},
{"type":"Feature","properties":{"ACC_TYPE":"A2","YEAR":111,"DEAD_CNT":0,"INJ_CNT":2,"LOCATION":1},"geometry":{"type":"Point","coordinates":[120.3157327,22.59598727]}},
{"type":"Feature","properties":{"ACC_TYPE":"A2","YEAR":111,"DEAD_CNT":0,"INJ_CNT":1,"LOCATION":9},"geometry":{"type":"Point","coordinates":[120.30152,22.62716]}},
{"type":"Feature","properties":{"ACC_TYPE":"A2","YEAR":111,"DEAD_CNT":0,"INJ_CNT":1,"LOCATION":7},"geometry":{"type":"Point","coordinates":[120.3037897,22.6473891]}},
{"type":"Feature","properties":{"ACC_TYPE":"A2","YEAR":111,"DEAD_CNT":0,"INJ_CNT":2,"LOCATION":7},"geometry":{"type":"Point","coordinates":[120.2765,22.87977]}},
{"type":"Feature","properties":{"ACC_TYPE":"A2","YEAR":111,"DEAD_CNT":0,"INJ_CNT":1,"LOCATION":2},"geometry":{"type":"Point","coordinates":[120.3281907,22.6329768]}},
{"type":"Feature","properties":{"ACC_TYPE":"A2","YEAR":111,"DEAD_CNT":0,"INJ_CNT":1,"LOCATION":2},"geometry":{"type":"Point","coordinates":[120.3044,22.72662]}},
{"type":"Feature","properties":{"ACC_TYPE":"A2","YEAR":111,"DEAD_CNT":0,"INJ_CNT":3,"LOCATION":12},"geometry":{"type":"Point","coordinates":[120.30152,22.62716]}},
{"type":"Feature","properties":{"ACC_TYPE":"A2","YEAR":111,"DEAD_CNT":0,"INJ_CNT":1,"LOCATION":7},"geometry":{"type":"Point","coordinates":[120.281388,22.7826044]}},
{"type":"Feature","properties":{"ACC_TYPE":"A2","YEAR":111,"DEAD_CNT":0,"INJ_CNT":1,"LOCATION":2},"geometry":{"type":"Point","coordinates":[120.3387917,22.6166475]}},
{"type":"Feature","properties":{"ACC_TYPE":"A2","YEAR":111,"DEAD_CNT":0,"INJ_CNT":1,"LOCATION":1},"geometry":{"type":"Point","coordinates":[120.2941,22.79656]}},
{"type":"Feature","properties":{"ACC_TYPE":"A2","YEAR":111,"DEAD_CNT":0,"INJ_CNT":2,"LOCATION":8},"geometry":{"type":"Point","coordinates":[120.3209,22.66581]}},
{"type":"Feature","properties":{"ACC_TYPE":"A2","YEAR":111,"DEAD_CNT":0,"INJ_CNT":3,"LOCATION":9},"geometry":{"type":"Point","coordinates":[120.3106795,22.6436015]}},
{"type":"Feature","properties":{"ACC_TYPE":"A2","YEAR":111,"DEAD_CNT":0,"INJ_CNT":1,"LOCATION":1},"geometry":{"type":"Point","coordinates":[120.3,22.6]}},
{"type":"Feature","properties":{"ACC_TYPE":"A2","YEAR":111,"DEAD_CNT":0,"INJ_CNT":2,"LOCATION":7},"geometry":{"type":"Point","coordinates":[120.283282,22.7173]}},
{"type":"Feature","properties":{"ACC_TYPE":"A2","YEAR":111,"DEAD_CNT":0,"INJ_CNT":1,"LOCATION":8},"geometry":{"type":"Point","coordinates":[120.30152,22.62716]}},
{"type":"Feature","properties":{"ACC_TYPE":"A2","YEAR":111,"DEAD_CNT":0,"INJ_CNT":2,"LOCATION":1},"geometry":{"type":"Point","coordinates":[120.30152,22.62716]}},
{"type":"Feature","properties":{"ACC_TYPE":"A2","YEAR":111,"DEAD_CNT":0,"INJ_CNT":2,"LOCATION":7},"geometry":{"type":"Point","coordinates":[120.3250983,22.6114238]}},
{"type":"Feature","properties":{"ACC_TYPE":"A2","YEAR":111,"DEAD_CNT":0,"INJ_CNT":1,"LOCATION":1},"geometry":{"type":"Point","coordinates":[120.334396,22.6237235]}},
{"type":"Feature","properties":{"ACC_TYPE":"A2","YEAR":111,"DEAD_CNT":0,"INJ_CNT":2,"LOCATION":8},"geometry":{"type":"Point","coordinates":[120.30152,22.62716]}},
{"type":"Feature","properties":{"ACC_TYPE":"A2","YEAR":111,"DEAD_CNT":0,"INJ_CNT":1,"LOCATION":18},"geometry":{"type":"Point","coordinates":[120.30152,22.62716]}},
{"type":"Feature","properties":{"ACC_TYPE":"A2","YEAR":111,"DEAD_CNT":0,"INJ_CNT":1,"LOCATION":7},"geometry":{"type":"Point","coordinates":[120.3538315,22.73042781]}},
{"type":"Feature","properties":{"ACC_TYPE":"A2","YEAR":111,"DEAD_CNT":0,"INJ_CNT":1,"LOCATION":2},"geometry":{"type":"Point","coordinates":[120.3536,22.56525]}},
{"type":"Feature","properties":{"ACC_TYPE":"A2","YEAR":111,"DEAD_CNT":0,"INJ_CNT":2,"LOCATION":1},"geometry":{"type":"Point","coordinates":[120.3428948,22.6086587]}},
{"type":"Feature","properties":{"ACC_TYPE":"A2","YEAR":111,"DEAD_CNT":0,"INJ_CNT":2,"LOCATION":7},"geometry":{"type":"Point","coordinates":[120.4643,22.8434]}},
{"type":"Feature","properties":{"ACC_TYPE":"A2","YEAR":111,"DEAD_CNT":0,"INJ_CNT":1,"LOCATION":8},"geometry":{"type":"Point","coordinates":[120.30152,22.62716]}},
{"type":"Feature","properties":{"ACC_TYPE":"A2","YEAR":111,"DEAD_CNT":0,"INJ_CNT":2,"LOCATION":8},"geometry":{"type":"Point","coordinates":[120.3029,22.67879]}},
{"type":"Feature","properties":{"ACC_TYPE":"A2","YEAR":111,"DEAD_CNT":0,"INJ_CNT":1,"LOCATION":18},"geometry":{"type":"Point","coordinates":[120.3032747,22.6239429]}},
{"type":"Feature","properties":{"ACC_TYPE":"A2","YEAR":111,"DEAD_CNT":0,"INJ_CNT":1,"LOCATION":2},"geometry":{"type":"Point","coordinates":[120.3208036,22.62293508]}},
{"type":"Feature","properties":{"ACC_TYPE":"A2","YEAR":111,"DEAD_CNT":0,"INJ_CNT":1,"LOCATION":1},"geometry":{"type":"Point","coordinates":[120.3495313,22.6140259]}},
{"type":"Feature","properties":{"ACC_TYPE":"A2","YEAR":111,"DEAD_CNT":0,"INJ_CNT":1,"LOCATION":2},"geometry":{"type":"Point","coordinates":[120.3102725,22.7178267]}},
{"type":"Feature","properties":{"ACC_TYPE":"A2","YEAR":111,"DEAD_CNT":0,"INJ_CNT":1,"LOCATION":8},"geometry":{"type":"Point","coordinates":[120.3496,22.58477]}},
{"type":"Feature","properties":{"ACC_TYPE":"A2","YEAR":111,"DEAD_CNT":0,"INJ_CNT":2,"LOCATION":1},"geometry":{"type":"Point","coordinates":[120.301452,22.8064116]}},
{"type":"Feature","properties":{"ACC_TYPE":"A2","YEAR":111,"DEAD_CNT":0,"INJ_CNT":1,"LOCATION":8},"geometry":{"type":"Point","coordinates":[120.30152,22.62716]}},
{"type":"Feature","properties":{"ACC_TYPE":"A2","YEAR":111,"DEAD_CNT":0,"INJ_CNT":2,"LOCATION":1},"geometry":{"type":"Point","coordinates":[120.3141,22.61695]}},
{"type":"Feature","properties":{"ACC_TYPE":"A2","YEAR":111,"DEAD_CNT":0,"INJ_CNT":1,"LOCATION":1},"geometry":{"type":"Point","coordinates":[120.3087176,22.6345374]}},
{"type":"Feature","properties":{"ACC_TYPE":"A2","YEAR":111,"DEAD_CNT":0,"INJ_CNT":1,"LOCATION":1},"geometry":{"type":"Point","coordinates":[120.30152,22.62716]}},
{"type":"Feature","properties":{"ACC_TYPE":"A2","YEAR":111,"DEAD_CNT":0,"INJ_CNT":2,"LOCATION":7},"geometry":{"type":"Point","coordinates":[120.3364563,22.6124796]}},
{"type":"Feature","properties":{"ACC_TYPE":"A2","YEAR":111,"DEAD_CNT":0,"INJ_CNT":1,"LOCATION":1},"geometry":{"type":"Point","coordinates":[120.3249829,22.6164871]}},
{"type":"Feature","properties":{"ACC_TYPE":"A2","YEAR":111,"DEAD_CNT":0,"INJ_CNT":2,"LOCATION":8},"geometry":{"type":"Point","coordinates":[120.2511,22.87949]}},
{"type":"Feature","properties":{"ACC_TYPE":"A2","YEAR":111,"DEAD_CNT":0,"INJ_CNT":2,"LOCATION":1},"geometry":{"type":"Point","coordinates":[120.285978,22.623055]}},
{"type":"Feature","properties":{"ACC_TYPE":"A2","YEAR":111,"DEAD_CNT":0,"INJ_CNT":2,"LOCATION":8},"geometry":{"type":"Point","coordinates":[120.30155,22.62754]}},
{"type":"Feature","properties":{"ACC_TYPE":"A2","YEAR":111,"DEAD_CNT":0,"INJ_CNT":1,"LOCATION":2},"geometry":{"type":"Point","coordinates":[120.30152,22.62716]}},
{"type":"Feature","properties":{"ACC_TYPE":"A2","YEAR":111,"DEAD_CNT":0,"INJ_CNT":1,"LOCATION":9},"geometry":{"type":"Point","coordinates":[120.3070915,22.5898674]}},
{"type":"Feature","properties":{"ACC_TYPE":"A2","YEAR":111,"DEAD_CNT":0,"INJ_CNT":2,"LOCATION":1},"geometry":{"type":"Point","coordinates":[120.3027,22.68768]}},
{"type":"Feature","properties":{"ACC_TYPE":"A2","YEAR":111,"DEAD_CNT":0,"INJ_CNT":1,"LOCATION":18},"geometry":{"type":"Point","coordinates":[120.2972061,22.6259164]}},
{"type":"Feature","properties":{"ACC_TYPE":"A2","YEAR":111,"DEAD_CNT":0,"INJ_CNT":1,"LOCATION":1},"geometry":{"type":"Point","coordinates":[120.3328,22.59911]}},
{"type":"Feature","properties":{"ACC_TYPE":"A2","YEAR":111,"DEAD_CNT":0,"INJ_CNT":1,"LOCATION":2},"geometry":{"type":"Point","coordinates":[120.3043383,22.5909668]}},
{"type":"Feature","properties":{"ACC_TYPE":"A2","YEAR":111,"DEAD_CNT":0,"INJ_CNT":1,"LOCATION":1},"geometry":{"type":"Point","coordinates":[120.3177,22.61798]}},
{"type":"Feature","properties":{"ACC_TYPE":"A2","YEAR":111,"DEAD_CNT":0,"INJ_CNT":1,"LOCATION":9},"geometry":{"type":"Point","coordinates":[120.35136,22.64790073]}},
{"type":"Feature","properties":{"ACC_TYPE":"A2","YEAR":111,"DEAD_CNT":0,"INJ_CNT":1,"LOCATION":1},"geometry":{"type":"Point","coordinates":[120.2595593,22.85433607]}},
{"type":"Feature","properties":{"ACC_TYPE":"A2","YEAR":111,"DEAD_CNT":0,"INJ_CNT":2,"LOCATION":2},"geometry":{"type":"Point","coordinates":[120.3145452,22.729655]}},
{"type":"Feature","properties":{"ACC_TYPE":"A2","YEAR":111,"DEAD_CNT":0,"INJ_CNT":2,"LOCATION":9},"geometry":{"type":"Point","coordinates":[120.2703,22.87476]}},
{"type":"Feature","properties":{"ACC_TYPE":"A2","YEAR":111,"DEAD_CNT":0,"INJ_CNT":1,"LOCATION":1},"geometry":{"type":"Point","coordinates":[120.308914,22.6154057]}},
{"type":"Feature","properties":{"ACC_TYPE":"A2","YEAR":111,"DEAD_CNT":0,"INJ_CNT":1,"LOCATION":1},"geometry":{"type":"Point","coordinates":[120.310582,22.726536]}},
{"type":"Feature","properties":{"ACC_TYPE":"A2","YEAR":111,"DEAD_CNT":0,"INJ_CNT":1,"LOCATION":9},"geometry":{"type":"Point","coordinates":[120.34941,22.6332054]}},
{"type":"Feature","properties":{"ACC_TYPE":"A2","YEAR":111,"DEAD_CNT":0,"INJ_CNT":2,"LOCATION":8},"geometry":{"type":"Point","coordinates":[120.2963,22.80559]}},
{"type":"Feature","properties":{"ACC_TYPE":"A2","YEAR":111,"DEAD_CNT":0,"INJ_CNT":1,"LOCATION":1},"geometry":{"type":"Point","coordinates":[120.3088,22.63851]}},
{"type":"Feature","properties":{"ACC_TYPE":"A2","YEAR":111,"DEAD_CNT":0,"INJ_CNT":1,"LOCATION":1},"geometry":{"type":"Point","coordinates":[120.30152,22.62716]}},
{"type":"Feature","properties":{"ACC_TYPE":"A2","YEAR":111,"DEAD_CNT":0,"INJ_CNT":1,"LOCATION":1},"geometry":{"type":"Point","coordinates":[120.30152,22.62716]}},
{"type":"Feature","properties":{"ACC_TYPE":"A2","YEAR":111,"DEAD_CNT":0,"INJ_CNT":1,"LOCATION":1},"geometry":{"type":"Point","coordinates":[120.316614,22.616576]}},
{"type":"Feature","properties":{"ACC_TYPE":"A2","YEAR":111,"DEAD_CNT":0,"INJ_CNT":1,"LOCATION":7},"geometry":{"type":"Point","coordinates":[120.2999678,22.6478599]}},
{"type":"Feature","properties":{"ACC_TYPE":"A2","YEAR":111,"DEAD_CNT":0,"INJ_CNT":1,"LOCATION":9},"geometry":{"type":"Point","coordinates":[120.30152,22.62716]}},
{"type":"Feature","properties":{"ACC_TYPE":"A2","YEAR":111,"DEAD_CNT":0,"INJ_CNT":1,"LOCATION":1},"geometry":{"type":"Point","coordinates":[120.3075031,22.6252238]}},
{"type":"Feature","properties":{"ACC_TYPE":"A2","YEAR":111,"DEAD_CNT":0,"INJ_CNT":1,"LOCATION":9},"geometry":{"type":"Point","coordinates":[120.3087549,22.6134076]}},
{"type":"Feature","properties":{"ACC_TYPE":"A2","YEAR":111,"DEAD_CNT":0,"INJ_CNT":2,"LOCATION":9},"geometry":{"type":"Point","coordinates":[120.4117575,22.59241]}},
{"type":"Feature","properties":{"ACC_TYPE":"A2","YEAR":111,"DEAD_CNT":0,"INJ_CNT":2,"LOCATION":1},"geometry":{"type":"Point","coordinates":[120.3165466,22.6638725]}},
{"type":"Feature","properties":{"ACC_TYPE":"A2","YEAR":111,"DEAD_CNT":0,"INJ_CNT":1,"LOCATION":1},"geometry":{"type":"Point","coordinates":[120.3596479,22.7636028]}},
{"type":"Feature","properties":{"ACC_TYPE":"A2","YEAR":111,"DEAD_CNT":0,"INJ_CNT":1,"LOCATION":2},"geometry":{"type":"Point","coordinates":[120.3483,22.63869]}},
{"type":"Feature","properties":{"ACC_TYPE":"A2","YEAR":111,"DEAD_CNT":0,"INJ_CNT":1,"LOCATION":1},"geometry":{"type":"Point","coordinates":[120.30152,22.62716]}},
{"type":"Feature","properties":{"ACC_TYPE":"A2","YEAR":111,"DEAD_CNT":0,"INJ_CNT":2,"LOCATION":2},"geometry":{"type":"Point","coordinates":[120.2841474,22.6654633]}},
{"type":"Feature","properties":{"ACC_TYPE":"A2","YEAR":111,"DEAD_CNT":0,"INJ_CNT":4,"LOCATION":2},"geometry":{"type":"Point","coordinates":[120.307226,22.640914]}},
{"type":"Feature","properties":{"ACC_TYPE":"A2","YEAR":111,"DEAD_CNT":0,"INJ_CNT":1,"LOCATION":2},"geometry":{"type":"Point","coordinates":[120.30152,22.62716]}},
{"type":"Feature","properties":{"ACC_TYPE":"A2","YEAR":111,"DEAD_CNT":0,"INJ_CNT":1,"LOCATION":1},"geometry":{"type":"Point","coordinates":[120.4922722,22.882331]}},
{"type":"Feature","properties":{"ACC_TYPE":"A2","YEAR":111,"DEAD_CNT":0,"INJ_CNT":1,"LOCATION":8},"geometry":{"type":"Point","coordinates":[120.2696969,22.6122642]}},
{"type":"Feature","properties":{"ACC_TYPE":"A2","YEAR":111,"DEAD_CNT":0,"INJ_CNT":1,"LOCATION":1},"geometry":{"type":"Point","coordinates":[120.3035,22.6188]}},
{"type":"Feature","properties":{"ACC_TYPE":"A2","YEAR":111,"DEAD_CNT":0,"INJ_CNT":1,"LOCATION":1},"geometry":{"type":"Point","coordinates":[120.3364851,22.6435211]}},
{"type":"Feature","properties":{"ACC_TYPE":"A2","YEAR":111,"DEAD_CNT":0,"INJ_CNT":2,"LOCATION":7},"geometry":{"type":"Point","coordinates":[120.3297807,22.606835]}},
{"type":"Feature","properties":{"ACC_TYPE":"A2","YEAR":111,"DEAD_CNT":0,"INJ_CNT":2,"LOCATION":9},"geometry":{"type":"Point","coordinates":[120.4114694,22.56696024]}},
{"type":"Feature","properties":{"ACC_TYPE":"A2","YEAR":111,"DEAD_CNT":0,"INJ_CNT":1,"LOCATION":2},"geometry":{"type":"Point","coordinates":[120.3724691,22.6248412]}},
{"type":"Feature","properties":{"ACC_TYPE":"A2","YEAR":111,"DEAD_CNT":0,"INJ_CNT":2,"LOCATION":9},"geometry":{"type":"Point","coordinates":[120.2884,22.63816]}},
{"type":"Feature","properties":{"ACC_TYPE":"A2","YEAR":111,"DEAD_CNT":0,"INJ_CNT":1,"LOCATION":1},"geometry":{"type":"Point","coordinates":[120.3497772,22.6378068]}},
{"type":"Feature","properties":{"ACC_TYPE":"A2","YEAR":111,"DEAD_CNT":0,"INJ_CNT":3,"LOCATION":8},"geometry":{"type":"Point","coordinates":[120.2925,22.62737]}},
{"type":"Feature","properties":{"ACC_TYPE":"A2","YEAR":111,"DEAD_CNT":0,"INJ_CNT":2,"LOCATION":9},"geometry":{"type":"Point","coordinates":[120.2817596,22.6217615]}},
{"type":"Feature","properties":{"ACC_TYPE":"A2","YEAR":111,"DEAD_CNT":0,"INJ_CNT":2,"LOCATION":1},"geometry":{"type":"Point","coordinates":[120.3088265,22.6144388]}},
{"type":"Feature","properties":{"ACC_TYPE":"A2","YEAR":111,"DEAD_CNT":0,"INJ_CNT":1,"LOCATION":1},"geometry":{"type":"Point","coordinates":[120.3067,22.61489]}},
{"type":"Feature","properties":{"ACC_TYPE":"A2","YEAR":111,"DEAD_CNT":0,"INJ_CNT":2,"LOCATION":1},"geometry":{"type":"Point","coordinates":[120.2344,22.89961]}},
{"type":"Feature","properties":{"ACC_TYPE":"A2","YEAR":111,"DEAD_CNT":0,"INJ_CNT":1,"LOCATION":20},"geometry":{"type":"Point","coordinates":[120.334421,22.736852]}},
{"type":"Feature","properties":{"ACC_TYPE":"A2","YEAR":111,"DEAD_CNT":0,"INJ_CNT":2,"LOCATION":8},"geometry":{"type":"Point","coordinates":[120.3481761,22.6221609]}},
{"type":"Feature","properties":{"ACC_TYPE":"A2","YEAR":111,"DEAD_CNT":0,"INJ_CNT":1,"LOCATION":1},"geometry":{"type":"Point","coordinates":[120.3505878,22.63742557]}},
{"type":"Feature","properties":{"ACC_TYPE":"A2","YEAR":111,"DEAD_CNT":0,"INJ_CNT":1,"LOCATION":1},"geometry":{"type":"Point","coordinates":[120.291176,22.7964416]}},
{"type":"Feature","properties":{"ACC_TYPE":"A2","YEAR":111,"DEAD_CNT":0,"INJ_CNT":1,"LOCATION":1},"geometry":{"type":"Point","coordinates":[120.3366909,22.616467]}},
{"type":"Feature","properties":{"ACC_TYPE":"A2","YEAR":111,"DEAD_CNT":0,"INJ_CNT":2,"LOCATION":9},"geometry":{"type":"Point","coordinates":[120.4724,22.88411]}},
{"type":"Feature","properties":{"ACC_TYPE":"A2","YEAR":111,"DEAD_CNT":0,"INJ_CNT":1,"LOCATION":1},"geometry":{"type":"Point","coordinates":[120.30152,22.62716]}},
{"type":"Feature","properties":{"ACC_TYPE":"A2","YEAR":111,"DEAD_CNT":0,"INJ_CNT":1,"LOCATION":1},"geometry":{"type":"Point","coordinates":[120.3565237,22.6396192]}},
{"type":"Feature","properties":{"ACC_TYPE":"A2","YEAR":111,"DEAD_CNT":0,"INJ_CNT":2,"LOCATION":7},"geometry":{"type":"Point","coordinates":[120.3531301,22.6013327]}},
{"type":"Feature","properties":{"ACC_TYPE":"A2","YEAR":111,"DEAD_CNT":0,"INJ_CNT":2,"LOCATION":9},"geometry":{"type":"Point","coordinates":[120.30152,22.62716]}},
{"type":"Feature","properties":{"ACC_TYPE":"A2","YEAR":111,"DEAD_CNT":0,"INJ_CNT":1,"LOCATION":1},"geometry":{"type":"Point","coordinates":[120.2799347,22.6598789]}},
{"type":"Feature","properties":{"ACC_TYPE":"A2","YEAR":111,"DEAD_CNT":0,"INJ_CNT":2,"LOCATION":9},"geometry":{"type":"Point","coordinates":[120.280431,22.598236]}},
{"type":"Feature","properties":{"ACC_TYPE":"A2","YEAR":111,"DEAD_CNT":0,"INJ_CNT":2,"LOCATION":8},"geometry":{"type":"Point","coordinates":[120.3389,22.66661]}},
{"type":"Feature","properties":{"ACC_TYPE":"A2","YEAR":111,"DEAD_CNT":0,"INJ_CNT":1,"LOCATION":1},"geometry":{"type":"Point","coordinates":[120.30152,22.62716]}},
{"type":"Feature","properties":{"ACC_TYPE":"A2","YEAR":111,"DEAD_CNT":0,"INJ_CNT":1,"LOCATION":1},"geometry":{"type":"Point","coordinates":[120.2953034,22.63075553]}},
{"type":"Feature","properties":{"ACC_TYPE":"A2","YEAR":111,"DEAD_CNT":0,"INJ_CNT":1,"LOCATION":1},"geometry":{"type":"Point","coordinates":[120.3459205,22.60531552]}},
{"type":"Feature","properties":{"ACC_TYPE":"A2","YEAR":111,"DEAD_CNT":0,"INJ_CNT":2,"LOCATION":8},"geometry":{"type":"Point","coordinates":[120.30152,22.62716]}},
{"type":"Feature","properties":{"ACC_TYPE":"A2","YEAR":111,"DEAD_CNT":0,"INJ_CNT":2,"LOCATION":22},"geometry":{"type":"Point","coordinates":[120.2984,22.66135]}},
{"type":"Feature","properties":{"ACC_TYPE":"A2","YEAR":111,"DEAD_CNT":0,"INJ_CNT":1,"LOCATION":9},"geometry":{"type":"Point","coordinates":[120.3349787,22.59197571]}},
{"type":"Feature","properties":{"ACC_TYPE":"A2","YEAR":111,"DEAD_CNT":0,"INJ_CNT":2,"LOCATION":2},"geometry":{"type":"Point","coordinates":[120.2822015,22.78422533]}},
{"type":"Feature","properties":{"ACC_TYPE":"A2","YEAR":111,"DEAD_CNT":0,"INJ_CNT":2,"LOCATION":9},"geometry":{"type":"Point","coordinates":[120.634163,22.997336]}},
{"type":"Feature","properties":{"ACC_TYPE":"A2","YEAR":111,"DEAD_CNT":0,"INJ_CNT":1,"LOCATION":9},"geometry":{"type":"Point","coordinates":[120.30152,22.62716]}},
{"type":"Feature","properties":{"ACC_TYPE":"A2","YEAR":111,"DEAD_CNT":0,"INJ_CNT":1,"LOCATION":8},"geometry":{"type":"Point","coordinates":[120.292861,22.7097]}},
{"type":"Feature","properties":{"ACC_TYPE":"A2","YEAR":111,"DEAD_CNT":0,"INJ_CNT":1,"LOCATION":2},"geometry":{"type":"Point","coordinates":[120.2922158,22.6655779]}},
{"type":"Feature","properties":{"ACC_TYPE":"A2","YEAR":111,"DEAD_CNT":0,"INJ_CNT":1,"LOCATION":2},"geometry":{"type":"Point","coordinates":[120.330235,22.6421335]}},
{"type":"Feature","properties":{"ACC_TYPE":"A2","YEAR":111,"DEAD_CNT":0,"INJ_CNT":2,"LOCATION":9},"geometry":{"type":"Point","coordinates":[120.3161,22.60948]}},
{"type":"Feature","properties":{"ACC_TYPE":"A2","YEAR":111,"DEAD_CNT":0,"INJ_CNT":1,"LOCATION":1},"geometry":{"type":"Point","coordinates":[120.3494,22.61342]}},
{"type":"Feature","properties":{"ACC_TYPE":"A2","YEAR":111,"DEAD_CNT":0,"INJ_CNT":1,"LOCATION":2},"geometry":{"type":"Point","coordinates":[120.3052,22.63644]}},
{"type":"Feature","properties":{"ACC_TYPE":"A2","YEAR":111,"DEAD_CNT":0,"INJ_CNT":1,"LOCATION":1},"geometry":{"type":"Point","coordinates":[120.3348824,22.5973293]}},
{"type":"Feature","properties":{"ACC_TYPE":"A2","YEAR":111,"DEAD_CNT":0,"INJ_CNT":1,"LOCATION":1},"geometry":{"type":"Point","coordinates":[120.3571169,22.5668553]}},
{"type":"Feature","properties":{"ACC_TYPE":"A2","YEAR":111,"DEAD_CNT":0,"INJ_CNT":1,"LOCATION":1},"geometry":{"type":"Point","coordinates":[120.3902417,22.612905]}},
{"type":"Feature","properties":{"ACC_TYPE":"A2","YEAR":111,"DEAD_CNT":0,"INJ_CNT":1,"LOCATION":1},"geometry":{"type":"Point","coordinates":[120.3579,22.57072]}},
{"type":"Feature","properties":{"ACC_TYPE":"A2","YEAR":111,"DEAD_CNT":0,"INJ_CNT":1,"LOCATION":1},"geometry":{"type":"Point","coordinates":[120.2981012,22.6611983]}},
{"type":"Feature","properties":{"ACC_TYPE":"A2","YEAR":111,"DEAD_CNT":0,"INJ_CNT":1,"LOCATION":1},"geometry":{"type":"Point","coordinates":[120.3081136,22.63079335]}},
{"type":"Feature","properties":{"ACC_TYPE":"A2","YEAR":111,"DEAD_CNT":0,"INJ_CNT":1,"LOCATION":1},"geometry":{"type":"Point","coordinates":[120.3135337,22.63145188]}},
{"type":"Feature","properties":{"ACC_TYPE":"A2","YEAR":111,"DEAD_CNT":0,"INJ_CNT":1,"LOCATION":9},"geometry":{"type":"Point","coordinates":[120.4089991,22.6544665]}},
{"type":"Feature","properties":{"ACC_TYPE":"A2","YEAR":111,"DEAD_CNT":0,"INJ_CNT":1,"LOCATION":9},"geometry":{"type":"Point","coordinates":[120.338862,22.601743]}},
{"type":"Feature","properties":{"ACC_TYPE":"A2","YEAR":111,"DEAD_CNT":0,"INJ_CNT":1,"LOCATION":1},"geometry":{"type":"Point","coordinates":[120.30152,22.62716]}},
{"type":"Feature","properties":{"ACC_TYPE":"A2","YEAR":111,"DEAD_CNT":0,"INJ_CNT":1,"LOCATION":18},"geometry":{"type":"Point","coordinates":[120.3208535,22.6603633]}},
{"type":"Feature","properties":{"ACC_TYPE":"A2","YEAR":111,"DEAD_CNT":0,"INJ_CNT":1,"LOCATION":2},"geometry":{"type":"Point","coordinates":[120.2966169,22.7880751]}},
{"type":"Feature","properties":{"ACC_TYPE":"A2","YEAR":111,"DEAD_CNT":0,"INJ_CNT":1,"LOCATION":9},"geometry":{"type":"Point","coordinates":[120.403611,22.5897698]}},
{"type":"Feature","properties":{"ACC_TYPE":"A2","YEAR":111,"DEAD_CNT":0,"INJ_CNT":2,"LOCATION":2},"geometry":{"type":"Point","coordinates":[120.2834,22.66392]}},
{"type":"Feature","properties":{"ACC_TYPE":"A2","YEAR":111,"DEAD_CNT":0,"INJ_CNT":1,"LOCATION":13},"geometry":{"type":"Point","coordinates":[120.3304688,22.5948295]}},
{"type":"Feature","properties":{"ACC_TYPE":"A2","YEAR":111,"DEAD_CNT":0,"INJ_CNT":3,"LOCATION":9},"geometry":{"type":"Point","coordinates":[120.3953319,22.6346575]}},
{"type":"Feature","properties":{"ACC_TYPE":"A2","YEAR":111,"DEAD_CNT":0,"INJ_CNT":1,"LOCATION":2},"geometry":{"type":"Point","coordinates":[120.2919163,22.6341079]}},
{"type":"Feature","properties":{"ACC_TYPE":"A2","YEAR":111,"DEAD_CNT":0,"INJ_CNT":1,"LOCATION":2},"geometry":{"type":"Point","coordinates":[120.3312784,22.6925472]}},
{"type":"Feature","properties":{"ACC_TYPE":"A2","YEAR":111,"DEAD_CNT":0,"INJ_CNT":2,"LOCATION":1},"geometry":{"type":"Point","coordinates":[120.3871932,22.61536941]}},
{"type":"Feature","properties":{"ACC_TYPE":"A2","YEAR":111,"DEAD_CNT":0,"INJ_CNT":1,"LOCATION":2},"geometry":{"type":"Point","coordinates":[120.3675649,22.64347238]}},
{"type":"Feature","properties":{"ACC_TYPE":"A2","YEAR":111,"DEAD_CNT":0,"INJ_CNT":2,"LOCATION":8},"geometry":{"type":"Point","coordinates":[120.3697,22.62965]}},
{"type":"Feature","properties":{"ACC_TYPE":"A2","YEAR":111,"DEAD_CNT":0,"INJ_CNT":2,"LOCATION":7},"geometry":{"type":"Point","coordinates":[120.30152,22.62716]}},
{"type":"Feature","properties":{"ACC_TYPE":"A2","YEAR":111,"DEAD_CNT":0,"INJ_CNT":1,"LOCATION":9},"geometry":{"type":"Point","coordinates":[120.3020033,22.79960964]}},
{"type":"Feature","properties":{"ACC_TYPE":"A2","YEAR":111,"DEAD_CNT":0,"INJ_CNT":1,"LOCATION":1},"geometry":{"type":"Point","coordinates":[120.3225336,22.7296295]}},
{"type":"Feature","properties":{"ACC_TYPE":"A2","YEAR":111,"DEAD_CNT":0,"INJ_CNT":2,"LOCATION":7},"geometry":{"type":"Point","coordinates":[120.3308,22.63022]}},
{"type":"Feature","properties":{"ACC_TYPE":"A2","YEAR":111,"DEAD_CNT":0,"INJ_CNT":1,"LOCATION":1},"geometry":{"type":"Point","coordinates":[120.3225,22.6876]}},
{"type":"Feature","properties":{"ACC_TYPE":"A2","YEAR":111,"DEAD_CNT":0,"INJ_CNT":1,"LOCATION":2},"geometry":{"type":"Point","coordinates":[120.30152,22.62716]}},
{"type":"Feature","properties":{"ACC_TYPE":"A2","YEAR":111,"DEAD_CNT":0,"INJ_CNT":1,"LOCATION":9},"geometry":{"type":"Point","coordinates":[120.3236853,22.645475]}},
{"type":"Feature","properties":{"ACC_TYPE":"A2","YEAR":111,"DEAD_CNT":0,"INJ_CNT":1,"LOCATION":8},"geometry":{"type":"Point","coordinates":[120.2979,22.69157]}},
{"type":"Feature","properties":{"ACC_TYPE":"A2","YEAR":111,"DEAD_CNT":0,"INJ_CNT":2,"LOCATION":7},"geometry":{"type":"Point","coordinates":[120.3046106,22.726948]}},
{"type":"Feature","properties":{"ACC_TYPE":"A2","YEAR":111,"DEAD_CNT":0,"INJ_CNT":1,"LOCATION":1},"geometry":{"type":"Point","coordinates":[120.291508,22.641945]}},
{"type":"Feature","properties":{"ACC_TYPE":"A2","YEAR":111,"DEAD_CNT":0,"INJ_CNT":2,"LOCATION":1},"geometry":{"type":"Point","coordinates":[120.3249,22.59089]}},
{"type":"Feature","properties":{"ACC_TYPE":"A2","YEAR":111,"DEAD_CNT":0,"INJ_CNT":1,"LOCATION":13},"geometry":{"type":"Point","coordinates":[120.3623359,22.7917849]}},
{"type":"Feature","properties":{"ACC_TYPE":"A2","YEAR":111,"DEAD_CNT":0,"INJ_CNT":1,"LOCATION":1},"geometry":{"type":"Point","coordinates":[120.30152,22.62716]}},
{"type":"Feature","properties":{"ACC_TYPE":"A2","YEAR":111,"DEAD_CNT":0,"INJ_CNT":1,"LOCATION":2},"geometry":{"type":"Point","coordinates":[120.3227,22.64669]}},
{"type":"Feature","properties":{"ACC_TYPE":"A2","YEAR":111,"DEAD_CNT":0,"INJ_CNT":1,"LOCATION":7},"geometry":{"type":"Point","coordinates":[120.3514184,22.6441763]}},
{"type":"Feature","properties":{"ACC_TYPE":"A2","YEAR":111,"DEAD_CNT":0,"INJ_CNT":2,"LOCATION":1},"geometry":{"type":"Point","coordinates":[120.2905069,22.7850979]}},
{"type":"Feature","properties":{"ACC_TYPE":"A2","YEAR":111,"DEAD_CNT":0,"INJ_CNT":1,"LOCATION":1},"geometry":{"type":"Point","coordinates":[120.281184,22.627181]}},
{"type":"Feature","properties":{"ACC_TYPE":"A2","YEAR":111,"DEAD_CNT":0,"INJ_CNT":1,"LOCATION":1},"geometry":{"type":"Point","coordinates":[120.3442,22.62489]}},
{"type":"Feature","properties":{"ACC_TYPE":"A2","YEAR":111,"DEAD_CNT":0,"INJ_CNT":1,"LOCATION":1},"geometry":{"type":"Point","coordinates":[120.3081577,22.63108136]}},
{"type":"Feature","properties":{"ACC_TYPE":"A2","YEAR":111,"DEAD_CNT":0,"INJ_CNT":1,"LOCATION":1},"geometry":{"type":"Point","coordinates":[120.2967102,22.6217249]}},
{"type":"Feature","properties":{"ACC_TYPE":"A2","YEAR":111,"DEAD_CNT":0,"INJ_CNT":1,"LOCATION":2},"geometry":{"type":"Point","coordinates":[120.3680397,22.6249736]}},
{"type":"Feature","properties":{"ACC_TYPE":"A2","YEAR":111,"DEAD_CNT":0,"INJ_CNT":1,"LOCATION":1},"geometry":{"type":"Point","coordinates":[120.2617,22.86269]}},
{"type":"Feature","properties":{"ACC_TYPE":"A2","YEAR":111,"DEAD_CNT":0,"INJ_CNT":1,"LOCATION":1},"geometry":{"type":"Point","coordinates":[120.30152,22.62716]}},
{"type":"Feature","properties":{"ACC_TYPE":"A2","YEAR":111,"DEAD_CNT":0,"INJ_CNT":1,"LOCATION":1},"geometry":{"type":"Point","coordinates":[120.30152,22.62716]}},
{"type":"Feature","properties":{"ACC_TYPE":"A2","YEAR":111,"DEAD_CNT":0,"INJ_CNT":2,"LOCATION":2},"geometry":{"type":"Point","coordinates":[120.30152,22.62716]}},
{"type":"Feature","properties":{"ACC_TYPE":"A2","YEAR":111,"DEAD_CNT":0,"INJ_CNT":2,"LOCATION":2},"geometry":{"type":"Point","coordinates":[120.338181,22.680779]}},
{"type":"Feature","properties":{"ACC_TYPE":"A2","YEAR":111,"DEAD_CNT":0,"INJ_CNT":2,"LOCATION":1},"geometry":{"type":"Point","coordinates":[120.30152,22.6271]}},
{"type":"Feature","properties":{"ACC_TYPE":"A2","YEAR":111,"DEAD_CNT":0,"INJ_CNT":2,"LOCATION":2},"geometry":{"type":"Point","coordinates":[120.30152,22.62716]}},
{"type":"Feature","properties":{"ACC_TYPE":"A2","YEAR":111,"DEAD_CNT":0,"INJ_CNT":2,"LOCATION":7},"geometry":{"type":"Point","coordinates":[120.3314479,22.6122251]}},
{"type":"Feature","properties":{"ACC_TYPE":"A2","YEAR":111,"DEAD_CNT":0,"INJ_CNT":1,"LOCATION":1},"geometry":{"type":"Point","coordinates":[120.30152,22.62716]}},
{"type":"Feature","properties":{"ACC_TYPE":"A2","YEAR":111,"DEAD_CNT":0,"INJ_CNT":1,"LOCATION":2},"geometry":{"type":"Point","coordinates":[120.307245,22.61847463]}},
{"type":"Feature","properties":{"ACC_TYPE":"A2","YEAR":111,"DEAD_CNT":0,"INJ_CNT":2,"LOCATION":1},"geometry":{"type":"Point","coordinates":[120.2937631,22.6667602]}},
{"type":"Feature","properties":{"ACC_TYPE":"A2","YEAR":111,"DEAD_CNT":0,"INJ_CNT":1,"LOCATION":9},"geometry":{"type":"Point","coordinates":[120.30152,22.62716]}},
{"type":"Feature","properties":{"ACC_TYPE":"A2","YEAR":111,"DEAD_CNT":0,"INJ_CNT":2,"LOCATION":9},"geometry":{"type":"Point","coordinates":[120.345878,22.52697948]}},
{"type":"Feature","properties":{"ACC_TYPE":"A2","YEAR":111,"DEAD_CNT":0,"INJ_CNT":3,"LOCATION":2},"geometry":{"type":"Point","coordinates":[120.2954,22.70821]}},
{"type":"Feature","properties":{"ACC_TYPE":"A2","YEAR":111,"DEAD_CNT":0,"INJ_CNT":1,"LOCATION":9},"geometry":{"type":"Point","coordinates":[120.2833837,22.59173]}},
{"type":"Feature","properties":{"ACC_TYPE":"A2","YEAR":111,"DEAD_CNT":0,"INJ_CNT":2,"LOCATION":1},"geometry":{"type":"Point","coordinates":[120.3157944,22.65788269]}},
{"type":"Feature","properties":{"ACC_TYPE":"A2","YEAR":111,"DEAD_CNT":0,"INJ_CNT":2,"LOCATION":2},"geometry":{"type":"Point","coordinates":[120.2791,22.65056]}},
{"type":"Feature","properties":{"ACC_TYPE":"A2","YEAR":111,"DEAD_CNT":0,"INJ_CNT":2,"LOCATION":8},"geometry":{"type":"Point","coordinates":[120.3492,22.64582]}},
{"type":"Feature","properties":{"ACC_TYPE":"A2","YEAR":111,"DEAD_CNT":0,"INJ_CNT":1,"LOCATION":2},"geometry":{"type":"Point","coordinates":[120.30152,22.62716]}},
{"type":"Feature","properties":{"ACC_TYPE":"A2","YEAR":111,"DEAD_CNT":0,"INJ_CNT":1,"LOCATION":1},"geometry":{"type":"Point","coordinates":[120.3262803,22.7284358]}},
{"type":"Feature","properties":{"ACC_TYPE":"A2","YEAR":111,"DEAD_CNT":0,"INJ_CNT":2,"LOCATION":9},"geometry":{"type":"Point","coordinates":[120.30152,22.62716]}},
{"type":"Feature","properties":{"ACC_TYPE":"A2","YEAR":111,"DEAD_CNT":0,"INJ_CNT":1,"LOCATION":1},"geometry":{"type":"Point","coordinates":[120.30152,22.62716]}},
{"type":"Feature","properties":{"ACC_TYPE":"A2","YEAR":111,"DEAD_CNT":0,"INJ_CNT":2,"LOCATION":9},"geometry":{"type":"Point","coordinates":[120.2979,22.67861]}},
{"type":"Feature","properties":{"ACC_TYPE":"A2","YEAR":111,"DEAD_CNT":0,"INJ_CNT":3,"LOCATION":8},"geometry":{"type":"Point","coordinates":[120.30152,22.62716]}},
{"type":"Feature","properties":{"ACC_TYPE":"A2","YEAR":111,"DEAD_CNT":0,"INJ_CNT":2,"LOCATION":1},"geometry":{"type":"Point","coordinates":[120.30152,22.62716]}},
{"type":"Feature","properties":{"ACC_TYPE":"A2","YEAR":111,"DEAD_CNT":0,"INJ_CNT":4,"LOCATION":1},"geometry":{"type":"Point","coordinates":[120.2993454,22.633605]}},
{"type":"Feature","properties":{"ACC_TYPE":"A2","YEAR":111,"DEAD_CNT":0,"INJ_CNT":1,"LOCATION":9},"geometry":{"type":"Point","coordinates":[120.358,22.7604]}},
{"type":"Feature","properties":{"ACC_TYPE":"A2","YEAR":111,"DEAD_CNT":0,"INJ_CNT":3,"LOCATION":9},"geometry":{"type":"Point","coordinates":[120.3597392,22.7724085]}},
{"type":"Feature","properties":{"ACC_TYPE":"A2","YEAR":111,"DEAD_CNT":0,"INJ_CNT":1,"LOCATION":1},"geometry":{"type":"Point","coordinates":[120.3086817,22.6752882]}},
{"type":"Feature","properties":{"ACC_TYPE":"A2","YEAR":111,"DEAD_CNT":0,"INJ_CNT":2,"LOCATION":1},"geometry":{"type":"Point","coordinates":[120.3799362,22.62802412]}},
{"type":"Feature","properties":{"ACC_TYPE":"A2","YEAR":111,"DEAD_CNT":0,"INJ_CNT":2,"LOCATION":9},"geometry":{"type":"Point","coordinates":[120.3066,22.66391]}},
{"type":"Feature","properties":{"ACC_TYPE":"A2","YEAR":111,"DEAD_CNT":0,"INJ_CNT":1,"LOCATION":1},"geometry":{"type":"Point","coordinates":[120.30152,22.62716]}},
{"type":"Feature","properties":{"ACC_TYPE":"A2","YEAR":111,"DEAD_CNT":0,"INJ_CNT":1,"LOCATION":8},"geometry":{"type":"Point","coordinates":[120.3107758,22.67436869]}},
{"type":"Feature","properties":{"ACC_TYPE":"A2","YEAR":111,"DEAD_CNT":0,"INJ_CNT":3,"LOCATION":1},"geometry":{"type":"Point","coordinates":[120.298572,22.7966516]}},
{"type":"Feature","properties":{"ACC_TYPE":"A2","YEAR":111,"DEAD_CNT":0,"INJ_CNT":1,"LOCATION":1},"geometry":{"type":"Point","coordinates":[120.3444,22.62906]}},
{"type":"Feature","properties":{"ACC_TYPE":"A2","YEAR":111,"DEAD_CNT":0,"INJ_CNT":1,"LOCATION":9},"geometry":{"type":"Point","coordinates":[120.295031,22.636671]}},
{"type":"Feature","properties":{"ACC_TYPE":"A2","YEAR":111,"DEAD_CNT":0,"INJ_CNT":1,"LOCATION":20},"geometry":{"type":"Point","coordinates":[120.3187243,22.6187343]}},
{"type":"Feature","properties":{"ACC_TYPE":"A2","YEAR":111,"DEAD_CNT":0,"INJ_CNT":1,"LOCATION":2},"geometry":{"type":"Point","coordinates":[120.2945725,22.6327272]}},
{"type":"Feature","properties":{"ACC_TYPE":"A2","YEAR":111,"DEAD_CNT":0,"INJ_CNT":2,"LOCATION":1},"geometry":{"type":"Point","coordinates":[120.30152,22.62716]}},
{"type":"Feature","properties":{"ACC_TYPE":"A2","YEAR":111,"DEAD_CNT":0,"INJ_CNT":1,"LOCATION":1},"geometry":{"type":"Point","coordinates":[120.30152,22.62716]}},
{"type":"Feature","properties":{"ACC_TYPE":"A2","YEAR":111,"DEAD_CNT":0,"INJ_CNT":1,"LOCATION":2},"geometry":{"type":"Point","coordinates":[120.299901,22.719672]}},
{"type":"Feature","properties":{"ACC_TYPE":"A2","YEAR":111,"DEAD_CNT":0,"INJ_CNT":1,"LOCATION":22},"geometry":{"type":"Point","coordinates":[120.2919,22.57914]}},
{"type":"Feature","properties":{"ACC_TYPE":"A2","YEAR":111,"DEAD_CNT":0,"INJ_CNT":1,"LOCATION":2},"geometry":{"type":"Point","coordinates":[120.299901,22.719672]}},
{"type":"Feature","properties":{"ACC_TYPE":"A2","YEAR":111,"DEAD_CNT":0,"INJ_CNT":1,"LOCATION":2},"geometry":{"type":"Point","coordinates":[120.3361868,22.5956608]}},
{"type":"Feature","properties":{"ACC_TYPE":"A2","YEAR":111,"DEAD_CNT":0,"INJ_CNT":1,"LOCATION":9},"geometry":{"type":"Point","coordinates":[120.3176953,22.6554941]}},
{"type":"Feature","properties":{"ACC_TYPE":"A2","YEAR":111,"DEAD_CNT":0,"INJ_CNT":1,"LOCATION":9},"geometry":{"type":"Point","coordinates":[120.3471566,22.5826772]}},
{"type":"Feature","properties":{"ACC_TYPE":"A2","YEAR":111,"DEAD_CNT":0,"INJ_CNT":1,"LOCATION":2},"geometry":{"type":"Point","coordinates":[120.3175672,22.6312224]}},
{"type":"Feature","properties":{"ACC_TYPE":"A2","YEAR":111,"DEAD_CNT":0,"INJ_CNT":1,"LOCATION":1},"geometry":{"type":"Point","coordinates":[120.3021517,22.6131471]}},
{"type":"Feature","properties":{"ACC_TYPE":"A2","YEAR":111,"DEAD_CNT":0,"INJ_CNT":2,"LOCATION":7},"geometry":{"type":"Point","coordinates":[120.3600334,22.6236493]}},
{"type":"Feature","properties":{"ACC_TYPE":"A2","YEAR":111,"DEAD_CNT":0,"INJ_CNT":1,"LOCATION":2},"geometry":{"type":"Point","coordinates":[120.2914,22.6612]}},
{"type":"Feature","properties":{"ACC_TYPE":"A2","YEAR":111,"DEAD_CNT":0,"INJ_CNT":1,"LOCATION":2},"geometry":{"type":"Point","coordinates":[120.30152,22.5099141]}},
{"type":"Feature","properties":{"ACC_TYPE":"A2","YEAR":111,"DEAD_CNT":0,"INJ_CNT":2,"LOCATION":2},"geometry":{"type":"Point","coordinates":[120.2488,22.87985]}},
{"type":"Feature","properties":{"ACC_TYPE":"A2","YEAR":111,"DEAD_CNT":0,"INJ_CNT":2,"LOCATION":8},"geometry":{"type":"Point","coordinates":[120.30152,22.62716]}},
{"type":"Feature","properties":{"ACC_TYPE":"A2","YEAR":111,"DEAD_CNT":0,"INJ_CNT":2,"LOCATION":7},"geometry":{"type":"Point","coordinates":[120.2877,22.6807]}},
{"type":"Feature","properties":{"ACC_TYPE":"A2","YEAR":111,"DEAD_CNT":0,"INJ_CNT":2,"LOCATION":2},"geometry":{"type":"Point","coordinates":[120.2251221,22.90761567]}},
{"type":"Feature","properties":{"ACC_TYPE":"A2","YEAR":111,"DEAD_CNT":0,"INJ_CNT":2,"LOCATION":8},"geometry":{"type":"Point","coordinates":[120.1807,22.90762]}},
{"type":"Feature","properties":{"ACC_TYPE":"A2","YEAR":111,"DEAD_CNT":0,"INJ_CNT":1,"LOCATION":1},"geometry":{"type":"Point","coordinates":[120.3039144,22.6582977]}},
{"type":"Feature","properties":{"ACC_TYPE":"A2","YEAR":111,"DEAD_CNT":0,"INJ_CNT":1,"LOCATION":1},"geometry":{"type":"Point","coordinates":[120.3231,22.59538]}},
{"type":"Feature","properties":{"ACC_TYPE":"A2","YEAR":111,"DEAD_CNT":0,"INJ_CNT":1,"LOCATION":1},"geometry":{"type":"Point","coordinates":[120.3399647,22.59552472]}},
{"type":"Feature","properties":{"ACC_TYPE":"A2","YEAR":111,"DEAD_CNT":0,"INJ_CNT":2,"LOCATION":1},"geometry":{"type":"Point","coordinates":[120.3240764,22.5759018]}},
{"type":"Feature","properties":{"ACC_TYPE":"A2","YEAR":111,"DEAD_CNT":0,"INJ_CNT":2,"LOCATION":2},"geometry":{"type":"Point","coordinates":[120.3933113,22.6044249]}},
{"type":"Feature","properties":{"ACC_TYPE":"A2","YEAR":111,"DEAD_CNT":0,"INJ_CNT":2,"LOCATION":9},"geometry":{"type":"Point","coordinates":[120.3025973,22.7942631]}},
{"type":"Feature","properties":{"ACC_TYPE":"A2","YEAR":111,"DEAD_CNT":0,"INJ_CNT":1,"LOCATION":1},"geometry":{"type":"Point","coordinates":[120.3336217,22.6313795]}},
{"type":"Feature","properties":{"ACC_TYPE":"A2","YEAR":111,"DEAD_CNT":0,"INJ_CNT":1,"LOCATION":7},"geometry":{"type":"Point","coordinates":[120.3349474,22.5977031]}},
{"type":"Feature","properties":{"ACC_TYPE":"A2","YEAR":111,"DEAD_CNT":0,"INJ_CNT":1,"LOCATION":2},"geometry":{"type":"Point","coordinates":[120.3153295,22.6244143]}},
{"type":"Feature","properties":{"ACC_TYPE":"A2","YEAR":111,"DEAD_CNT":0,"INJ_CNT":1,"LOCATION":1},"geometry":{"type":"Point","coordinates":[120.3633172,22.5711507]}},
{"type":"Feature","properties":{"ACC_TYPE":"A2","YEAR":111,"DEAD_CNT":0,"INJ_CNT":2,"LOCATION":1},"geometry":{"type":"Point","coordinates":[120.333,22.61119]}},
{"type":"Feature","properties":{"ACC_TYPE":"A2","YEAR":111,"DEAD_CNT":0,"INJ_CNT":2,"LOCATION":1},"geometry":{"type":"Point","coordinates":[120.3116,22.64504]}},
{"type":"Feature","properties":{"ACC_TYPE":"A2","YEAR":111,"DEAD_CNT":0,"INJ_CNT":1,"LOCATION":7},"geometry":{"type":"Point","coordinates":[120.2952647,22.6308162]}},
{"type":"Feature","properties":{"ACC_TYPE":"A2","YEAR":111,"DEAD_CNT":0,"INJ_CNT":1,"LOCATION":1},"geometry":{"type":"Point","coordinates":[120.3145048,22.6447198]}},
{"type":"Feature","properties":{"ACC_TYPE":"A2","YEAR":111,"DEAD_CNT":0,"INJ_CNT":1,"LOCATION":1},"geometry":{"type":"Point","coordinates":[120.30152,22.62716]}},
{"type":"Feature","properties":{"ACC_TYPE":"A2","YEAR":111,"DEAD_CNT":0,"INJ_CNT":3,"LOCATION":7},"geometry":{"type":"Point","coordinates":[120.30152,22.62716]}},
{"type":"Feature","properties":{"ACC_TYPE":"A2","YEAR":111,"DEAD_CNT":0,"INJ_CNT":3,"LOCATION":9},"geometry":{"type":"Point","coordinates":[120.3075,22.59626]}},
{"type":"Feature","properties":{"ACC_TYPE":"A2","YEAR":111,"DEAD_CNT":0,"INJ_CNT":2,"LOCATION":1},"geometry":{"type":"Point","coordinates":[120.3100334,22.6208985]}},
{"type":"Feature","properties":{"ACC_TYPE":"A2","YEAR":111,"DEAD_CNT":0,"INJ_CNT":1,"LOCATION":7},"geometry":{"type":"Point","coordinates":[120.2975,22.69359]}},
{"type":"Feature","properties":{"ACC_TYPE":"A2","YEAR":111,"DEAD_CNT":0,"INJ_CNT":2,"LOCATION":7},"geometry":{"type":"Point","coordinates":[120.2778788,22.6573033]}},
{"type":"Feature","properties":{"ACC_TYPE":"A2","YEAR":111,"DEAD_CNT":0,"INJ_CNT":2,"LOCATION":9},"geometry":{"type":"Point","coordinates":[120.396659,22.6088277]}},
{"type":"Feature","properties":{"ACC_TYPE":"A2","YEAR":111,"DEAD_CNT":0,"INJ_CNT":2,"LOCATION":9},"geometry":{"type":"Point","coordinates":[120.4317157,22.9934261]}},
{"type":"Feature","properties":{"ACC_TYPE":"A2","YEAR":111,"DEAD_CNT":0,"INJ_CNT":1,"LOCATION":9},"geometry":{"type":"Point","coordinates":[120.3033,22.8954]}},
{"type":"Feature","properties":{"ACC_TYPE":"A2","YEAR":111,"DEAD_CNT":0,"INJ_CNT":2,"LOCATION":9},"geometry":{"type":"Point","coordinates":[120.4686,22.90443]}},
{"type":"Feature","properties":{"ACC_TYPE":"A2","YEAR":111,"DEAD_CNT":0,"INJ_CNT":1,"LOCATION":2},"geometry":{"type":"Point","coordinates":[120.2327,22.8182909]}},
{"type":"Feature","properties":{"ACC_TYPE":"A2","YEAR":111,"DEAD_CNT":0,"INJ_CNT":1,"LOCATION":1},"geometry":{"type":"Point","coordinates":[120.3151,22.63059]}},
{"type":"Feature","properties":{"ACC_TYPE":"A2","YEAR":111,"DEAD_CNT":0,"INJ_CNT":2,"LOCATION":9},"geometry":{"type":"Point","coordinates":[120.30152,22.62716]}},
{"type":"Feature","properties":{"ACC_TYPE":"A2","YEAR":111,"DEAD_CNT":0,"INJ_CNT":1,"LOCATION":8},"geometry":{"type":"Point","coordinates":[120.30152,22.62716]}},
{"type":"Feature","properties":{"ACC_TYPE":"A2","YEAR":111,"DEAD_CNT":0,"INJ_CNT":2,"LOCATION":9},"geometry":{"type":"Point","coordinates":[120.2814,22.59593]}},
{"type":"Feature","properties":{"ACC_TYPE":"A2","YEAR":111,"DEAD_CNT":0,"INJ_CNT":2,"LOCATION":9},"geometry":{"type":"Point","coordinates":[120.3321257,22.5900093]}},
{"type":"Feature","properties":{"ACC_TYPE":"A2","YEAR":111,"DEAD_CNT":0,"INJ_CNT":1,"LOCATION":1},"geometry":{"type":"Point","coordinates":[120.3211597,22.6438677]}},
{"type":"Feature","properties":{"ACC_TYPE":"A2","YEAR":111,"DEAD_CNT":0,"INJ_CNT":1,"LOCATION":22},"geometry":{"type":"Point","coordinates":[120.483072,22.892468]}},
{"type":"Feature","properties":{"ACC_TYPE":"A2","YEAR":111,"DEAD_CNT":0,"INJ_CNT":1,"LOCATION":9},"geometry":{"type":"Point","coordinates":[120.3340898,22.6820819]}},
{"type":"Feature","properties":{"ACC_TYPE":"A2","YEAR":111,"DEAD_CNT":0,"INJ_CNT":2,"LOCATION":1},"geometry":{"type":"Point","coordinates":[120.332619,22.628762]}},
{"type":"Feature","properties":{"ACC_TYPE":"A2","YEAR":111,"DEAD_CNT":0,"INJ_CNT":1,"LOCATION":9},"geometry":{"type":"Point","coordinates":[120.3053301,22.6485208]}},
{"type":"Feature","properties":{"ACC_TYPE":"A2","YEAR":111,"DEAD_CNT":0,"INJ_CNT":2,"LOCATION":2},"geometry":{"type":"Point","coordinates":[120.2906,22.65516]}},
{"type":"Feature","properties":{"ACC_TYPE":"A2","YEAR":111,"DEAD_CNT":0,"INJ_CNT":1,"LOCATION":1},"geometry":{"type":"Point","coordinates":[120.30152,22.62716]}},
{"type":"Feature","properties":{"ACC_TYPE":"A2","YEAR":111,"DEAD_CNT":0,"INJ_CNT":2,"LOCATION":9},"geometry":{"type":"Point","coordinates":[120.348,22.5684]}},
{"type":"Feature","properties":{"ACC_TYPE":"A2","YEAR":111,"DEAD_CNT":0,"INJ_CNT":1,"LOCATION":2},"geometry":{"type":"Point","coordinates":[120.3078922,22.6168227]}},
{"type":"Feature","properties":{"ACC_TYPE":"A2","YEAR":111,"DEAD_CNT":0,"INJ_CNT":2,"LOCATION":1},"geometry":{"type":"Point","coordinates":[120.30152,22.62716]}},
{"type":"Feature","properties":{"ACC_TYPE":"A2","YEAR":111,"DEAD_CNT":0,"INJ_CNT":1,"LOCATION":1},"geometry":{"type":"Point","coordinates":[120.3558531,22.6194706]}},
{"type":"Feature","properties":{"ACC_TYPE":"A2","YEAR":111,"DEAD_CNT":0,"INJ_CNT":2,"LOCATION":8},"geometry":{"type":"Point","coordinates":[120.30152,22.62716]}},
{"type":"Feature","properties":{"ACC_TYPE":"A2","YEAR":111,"DEAD_CNT":0,"INJ_CNT":1,"LOCATION":1},"geometry":{"type":"Point","coordinates":[120.30152,22.62716]}},
{"type":"Feature","properties":{"ACC_TYPE":"A2","YEAR":111,"DEAD_CNT":0,"INJ_CNT":2,"LOCATION":1},"geometry":{"type":"Point","coordinates":[120.3197458,22.6675127]}},
{"type":"Feature","properties":{"ACC_TYPE":"A2","YEAR":111,"DEAD_CNT":0,"INJ_CNT":2,"LOCATION":9},"geometry":{"type":"Point","coordinates":[120.2979644,22.79561276]}},
{"type":"Feature","properties":{"ACC_TYPE":"A2","YEAR":111,"DEAD_CNT":0,"INJ_CNT":2,"LOCATION":20},"geometry":{"type":"Point","coordinates":[120.30152,22.62716]}},
{"type":"Feature","properties":{"ACC_TYPE":"A2","YEAR":111,"DEAD_CNT":0,"INJ_CNT":2,"LOCATION":8},"geometry":{"type":"Point","coordinates":[120.30152,22.62716]}},
{"type":"Feature","properties":{"ACC_TYPE":"A2","YEAR":111,"DEAD_CNT":0,"INJ_CNT":2,"LOCATION":2},"geometry":{"type":"Point","coordinates":[120.2843779,22.7844116]}},
{"type":"Feature","properties":{"ACC_TYPE":"A2","YEAR":111,"DEAD_CNT":0,"INJ_CNT":2,"LOCATION":9},"geometry":{"type":"Point","coordinates":[120.3192317,22.6277742]}},
{"type":"Feature","properties":{"ACC_TYPE":"A2","YEAR":111,"DEAD_CNT":0,"INJ_CNT":2,"LOCATION":2},"geometry":{"type":"Point","coordinates":[120.30152,22.62716]}},
{"type":"Feature","properties":{"ACC_TYPE":"A2","YEAR":111,"DEAD_CNT":0,"INJ_CNT":1,"LOCATION":1},"geometry":{"type":"Point","coordinates":[120.300245,22.781127]}},
{"type":"Feature","properties":{"ACC_TYPE":"A2","YEAR":111,"DEAD_CNT":0,"INJ_CNT":2,"LOCATION":1},"geometry":{"type":"Point","coordinates":[120.3148224,22.6470094]}},
{"type":"Feature","properties":{"ACC_TYPE":"A2","YEAR":111,"DEAD_CNT":0,"INJ_CNT":2,"LOCATION":9},"geometry":{"type":"Point","coordinates":[120.3848,22.61774]}},
{"type":"Feature","properties":{"ACC_TYPE":"A2","YEAR":111,"DEAD_CNT":0,"INJ_CNT":1,"LOCATION":1},"geometry":{"type":"Point","coordinates":[120.3087008,22.6375603]}},
{"type":"Feature","properties":{"ACC_TYPE":"A2","YEAR":111,"DEAD_CNT":0,"INJ_CNT":1,"LOCATION":1},"geometry":{"type":"Point","coordinates":[120.3193729,22.6224142]}},
{"type":"Feature","properties":{"ACC_TYPE":"A2","YEAR":111,"DEAD_CNT":0,"INJ_CNT":1,"LOCATION":8},"geometry":{"type":"Point","coordinates":[120.30152,22.62716]}},
{"type":"Feature","properties":{"ACC_TYPE":"A2","YEAR":111,"DEAD_CNT":0,"INJ_CNT":3,"LOCATION":7},"geometry":{"type":"Point","coordinates":[120.30152,22.62716]}},
{"type":"Feature","properties":{"ACC_TYPE":"A2","YEAR":111,"DEAD_CNT":0,"INJ_CNT":1,"LOCATION":9},"geometry":{"type":"Point","coordinates":[120.2507868,22.8570556]}},
{"type":"Feature","properties":{"ACC_TYPE":"A2","YEAR":111,"DEAD_CNT":0,"INJ_CNT":1,"LOCATION":8},"geometry":{"type":"Point","coordinates":[120.30152,22.62716]}},
{"type":"Feature","properties":{"ACC_TYPE":"A2","YEAR":111,"DEAD_CNT":0,"INJ_CNT":2,"LOCATION":8},"geometry":{"type":"Point","coordinates":[120.339226,22.616564]}},
{"type":"Feature","properties":{"ACC_TYPE":"A2","YEAR":111,"DEAD_CNT":0,"INJ_CNT":1,"LOCATION":9},"geometry":{"type":"Point","coordinates":[120.3006763,22.6188203]}},
{"type":"Feature","properties":{"ACC_TYPE":"A2","YEAR":111,"DEAD_CNT":0,"INJ_CNT":1,"LOCATION":9},"geometry":{"type":"Point","coordinates":[120.35,22.5658]}},
{"type":"Feature","properties":{"ACC_TYPE":"A2","YEAR":111,"DEAD_CNT":0,"INJ_CNT":2,"LOCATION":9},"geometry":{"type":"Point","coordinates":[120.3499766,22.7019671]}},
{"type":"Feature","properties":{"ACC_TYPE":"A2","YEAR":111,"DEAD_CNT":0,"INJ_CNT":2,"LOCATION":7},"geometry":{"type":"Point","coordinates":[120.3331046,22.6732236]}},
{"type":"Feature","properties":{"ACC_TYPE":"A2","YEAR":111,"DEAD_CNT":0,"INJ_CNT":1,"LOCATION":1},"geometry":{"type":"Point","coordinates":[120.30152,22.62716]}},
{"type":"Feature","properties":{"ACC_TYPE":"A2","YEAR":111,"DEAD_CNT":0,"INJ_CNT":2,"LOCATION":1},"geometry":{"type":"Point","coordinates":[120.3605,22.63132]}},
{"type":"Feature","properties":{"ACC_TYPE":"A2","YEAR":111,"DEAD_CNT":0,"INJ_CNT":1,"LOCATION":2},"geometry":{"type":"Point","coordinates":[120.3083872,22.7273218]}},
{"type":"Feature","properties":{"ACC_TYPE":"A2","YEAR":111,"DEAD_CNT":0,"INJ_CNT":1,"LOCATION":2},"geometry":{"type":"Point","coordinates":[120.3185368,22.6290061]}},
{"type":"Feature","properties":{"ACC_TYPE":"A2","YEAR":111,"DEAD_CNT":0,"INJ_CNT":2,"LOCATION":8},"geometry":{"type":"Point","coordinates":[120.30152,22.62716]}},
{"type":"Feature","properties":{"ACC_TYPE":"A2","YEAR":111,"DEAD_CNT":0,"INJ_CNT":2,"LOCATION":9},"geometry":{"type":"Point","coordinates":[120.30152,22.62716]}},
{"type":"Feature","properties":{"ACC_TYPE":"A2","YEAR":111,"DEAD_CNT":0,"INJ_CNT":1,"LOCATION":1},"geometry":{"type":"Point","coordinates":[120.311741,22.6887592]}},
{"type":"Feature","properties":{"ACC_TYPE":"A2","YEAR":111,"DEAD_CNT":0,"INJ_CNT":1,"LOCATION":1},"geometry":{"type":"Point","coordinates":[120.3307,22.60547]}},
{"type":"Feature","properties":{"ACC_TYPE":"A2","YEAR":111,"DEAD_CNT":0,"INJ_CNT":1,"LOCATION":8},"geometry":{"type":"Point","coordinates":[120.3345056,22.6570891]}},
{"type":"Feature","properties":{"ACC_TYPE":"A2","YEAR":111,"DEAD_CNT":0,"INJ_CNT":1,"LOCATION":1},"geometry":{"type":"Point","coordinates":[120.2880501,22.6680092]}},
{"type":"Feature","properties":{"ACC_TYPE":"A2","YEAR":111,"DEAD_CNT":0,"INJ_CNT":2,"LOCATION":7},"geometry":{"type":"Point","coordinates":[120.3265,22.62624]}},
{"type":"Feature","properties":{"ACC_TYPE":"A2","YEAR":111,"DEAD_CNT":0,"INJ_CNT":2,"LOCATION":9},"geometry":{"type":"Point","coordinates":[120.30152,22.62716]}},
{"type":"Feature","properties":{"ACC_TYPE":"A2","YEAR":111,"DEAD_CNT":0,"INJ_CNT":1,"LOCATION":2},"geometry":{"type":"Point","coordinates":[120.3399,22.64557]}},
{"type":"Feature","properties":{"ACC_TYPE":"A2","YEAR":111,"DEAD_CNT":0,"INJ_CNT":1,"LOCATION":9},"geometry":{"type":"Point","coordinates":[120.2884,22.66963]}},
{"type":"Feature","properties":{"ACC_TYPE":"A2","YEAR":111,"DEAD_CNT":0,"INJ_CNT":1,"LOCATION":1},"geometry":{"type":"Point","coordinates":[120.30152,22.62716]}},
{"type":"Feature","properties":{"ACC_TYPE":"A2","YEAR":111,"DEAD_CNT":0,"INJ_CNT":2,"LOCATION":2},"geometry":{"type":"Point","coordinates":[120.30152,22.62716]}},
{"type":"Feature","properties":{"ACC_TYPE":"A2","YEAR":111,"DEAD_CNT":0,"INJ_CNT":1,"LOCATION":1},"geometry":{"type":"Point","coordinates":[120.30152,22.62716]}},
{"type":"Feature","properties":{"ACC_TYPE":"A2","YEAR":111,"DEAD_CNT":0,"INJ_CNT":2,"LOCATION":8},"geometry":{"type":"Point","coordinates":[120.2998505,22.61354091]}},
{"type":"Feature","properties":{"ACC_TYPE":"A2","YEAR":111,"DEAD_CNT":0,"INJ_CNT":2,"LOCATION":2},"geometry":{"type":"Point","coordinates":[120.342469,22.684578]}},
{"type":"Feature","properties":{"ACC_TYPE":"A2","YEAR":111,"DEAD_CNT":0,"INJ_CNT":1,"LOCATION":1},"geometry":{"type":"Point","coordinates":[120.3339,22.60578]}},
{"type":"Feature","properties":{"ACC_TYPE":"A2","YEAR":111,"DEAD_CNT":0,"INJ_CNT":2,"LOCATION":9},"geometry":{"type":"Point","coordinates":[120.30152,22.62716]}},
{"type":"Feature","properties":{"ACC_TYPE":"A2","YEAR":111,"DEAD_CNT":0,"INJ_CNT":1,"LOCATION":8},"geometry":{"type":"Point","coordinates":[120.3235,22.57416]}},
{"type":"Feature","properties":{"ACC_TYPE":"A2","YEAR":111,"DEAD_CNT":0,"INJ_CNT":2,"LOCATION":2},"geometry":{"type":"Point","coordinates":[120.2811,22.76505]}},
{"type":"Feature","properties":{"ACC_TYPE":"A2","YEAR":111,"DEAD_CNT":0,"INJ_CNT":2,"LOCATION":9},"geometry":{"type":"Point","coordinates":[120.2987112,22.6168961]}},
{"type":"Feature","properties":{"ACC_TYPE":"A2","YEAR":111,"DEAD_CNT":0,"INJ_CNT":2,"LOCATION":8},"geometry":{"type":"Point","coordinates":[120.3248512,22.7359124]}},
{"type":"Feature","properties":{"ACC_TYPE":"A2","YEAR":111,"DEAD_CNT":0,"INJ_CNT":3,"LOCATION":9},"geometry":{"type":"Point","coordinates":[120.3207768,22.6562309]}},
{"type":"Feature","properties":{"ACC_TYPE":"A2","YEAR":111,"DEAD_CNT":0,"INJ_CNT":1,"LOCATION":8},"geometry":{"type":"Point","coordinates":[120.3222,22.68054]}},
{"type":"Feature","properties":{"ACC_TYPE":"A2","YEAR":111,"DEAD_CNT":0,"INJ_CNT":1,"LOCATION":8},"geometry":{"type":"Point","coordinates":[120.3357353,22.7311501]}},
{"type":"Feature","properties":{"ACC_TYPE":"A2","YEAR":111,"DEAD_CNT":0,"INJ_CNT":2,"LOCATION":9},"geometry":{"type":"Point","coordinates":[120.266986,22.611894]}},
{"type":"Feature","properties":{"ACC_TYPE":"A2","YEAR":111,"DEAD_CNT":0,"INJ_CNT":1,"LOCATION":1},"geometry":{"type":"Point","coordinates":[120.3389686,22.6465229]}},
{"type":"Feature","properties":{"ACC_TYPE":"A2","YEAR":111,"DEAD_CNT":0,"INJ_CNT":2,"LOCATION":2},"geometry":{"type":"Point","coordinates":[120.3240018,22.6717209]}},
{"type":"Feature","properties":{"ACC_TYPE":"A2","YEAR":111,"DEAD_CNT":0,"INJ_CNT":2,"LOCATION":2},"geometry":{"type":"Point","coordinates":[120.3176,22.63861]}},
{"type":"Feature","properties":{"ACC_TYPE":"A2","YEAR":111,"DEAD_CNT":0,"INJ_CNT":1,"LOCATION":2},"geometry":{"type":"Point","coordinates":[120.1903,22.8795]}},
{"type":"Feature","properties":{"ACC_TYPE":"A2","YEAR":111,"DEAD_CNT":0,"INJ_CNT":2,"LOCATION":1},"geometry":{"type":"Point","coordinates":[120.2789836,22.6258556]}},
{"type":"Feature","properties":{"ACC_TYPE":"A2","YEAR":111,"DEAD_CNT":0,"INJ_CNT":2,"LOCATION":1},"geometry":{"type":"Point","coordinates":[120.3321555,22.6230841]}},
{"type":"Feature","properties":{"ACC_TYPE":"A2","YEAR":111,"DEAD_CNT":0,"INJ_CNT":1,"LOCATION":1},"geometry":{"type":"Point","coordinates":[120.347489,22.7055866]}},
{"type":"Feature","properties":{"ACC_TYPE":"A2","YEAR":111,"DEAD_CNT":0,"INJ_CNT":1,"LOCATION":1},"geometry":{"type":"Point","coordinates":[120.3290409,22.7445063]}},
{"type":"Feature","properties":{"ACC_TYPE":"A2","YEAR":111,"DEAD_CNT":0,"INJ_CNT":2,"LOCATION":1},"geometry":{"type":"Point","coordinates":[120.3393276,22.6128064]}},
{"type":"Feature","properties":{"ACC_TYPE":"A2","YEAR":111,"DEAD_CNT":0,"INJ_CNT":1,"LOCATION":8},"geometry":{"type":"Point","coordinates":[120.31575,22.6684233]}},
{"type":"Feature","properties":{"ACC_TYPE":"A2","YEAR":111,"DEAD_CNT":0,"INJ_CNT":2,"LOCATION":7},"geometry":{"type":"Point","coordinates":[120.308057,22.6300655]}},
{"type":"Feature","properties":{"ACC_TYPE":"A2","YEAR":111,"DEAD_CNT":0,"INJ_CNT":1,"LOCATION":9},"geometry":{"type":"Point","coordinates":[120.1843211,22.89843657]}},
{"type":"Feature","properties":{"ACC_TYPE":"A2","YEAR":111,"DEAD_CNT":0,"INJ_CNT":3,"LOCATION":9},"geometry":{"type":"Point","coordinates":[120.433301,22.689371]}},
{"type":"Feature","properties":{"ACC_TYPE":"A2","YEAR":111,"DEAD_CNT":0,"INJ_CNT":2,"LOCATION":1},"geometry":{"type":"Point","coordinates":[120.3894,22.60883]}},
{"type":"Feature","properties":{"ACC_TYPE":"A2","YEAR":111,"DEAD_CNT":0,"INJ_CNT":1,"LOCATION":20},"geometry":{"type":"Point","coordinates":[120.2880376,22.6548404]}},
{"type":"Feature","properties":{"ACC_TYPE":"A2","YEAR":111,"DEAD_CNT":0,"INJ_CNT":2,"LOCATION":9},"geometry":{"type":"Point","coordinates":[120.3559,22.62592]}},
{"type":"Feature","properties":{"ACC_TYPE":"A2","YEAR":111,"DEAD_CNT":0,"INJ_CNT":1,"LOCATION":9},"geometry":{"type":"Point","coordinates":[120.4047953,22.60356126]}},
{"type":"Feature","properties":{"ACC_TYPE":"A2","YEAR":111,"DEAD_CNT":0,"INJ_CNT":1,"LOCATION":9},"geometry":{"type":"Point","coordinates":[120.301,22.8]}},
{"type":"Feature","properties":{"ACC_TYPE":"A2","YEAR":111,"DEAD_CNT":0,"INJ_CNT":1,"LOCATION":1},"geometry":{"type":"Point","coordinates":[120.3013676,22.6707813]}},
{"type":"Feature","properties":{"ACC_TYPE":"A2","YEAR":111,"DEAD_CNT":0,"INJ_CNT":1,"LOCATION":1},"geometry":{"type":"Point","coordinates":[120.3482,22.7056]}},
{"type":"Feature","properties":{"ACC_TYPE":"A2","YEAR":111,"DEAD_CNT":0,"INJ_CNT":2,"LOCATION":1},"geometry":{"type":"Point","coordinates":[120.3662,22.6275]}},
{"type":"Feature","properties":{"ACC_TYPE":"A2","YEAR":111,"DEAD_CNT":0,"INJ_CNT":1,"LOCATION":8},"geometry":{"type":"Point","coordinates":[120.329541,22.605245]}},
{"type":"Feature","properties":{"ACC_TYPE":"A2","YEAR":111,"DEAD_CNT":0,"INJ_CNT":1,"LOCATION":9},"geometry":{"type":"Point","coordinates":[120.3215643,22.6300624]}},
{"type":"Feature","properties":{"ACC_TYPE":"A2","YEAR":111,"DEAD_CNT":0,"INJ_CNT":2,"LOCATION":1},"geometry":{"type":"Point","coordinates":[120.3520663,22.6195239]}},
{"type":"Feature","properties":{"ACC_TYPE":"A2","YEAR":111,"DEAD_CNT":0,"INJ_CNT":1,"LOCATION":1},"geometry":{"type":"Point","coordinates":[120.3406,22.60812]}},
{"type":"Feature","properties":{"ACC_TYPE":"A2","YEAR":111,"DEAD_CNT":0,"INJ_CNT":2,"LOCATION":9},"geometry":{"type":"Point","coordinates":[120.5156468,22.9596008]}},
{"type":"Feature","properties":{"ACC_TYPE":"A2","YEAR":111,"DEAD_CNT":0,"INJ_CNT":1,"LOCATION":1},"geometry":{"type":"Point","coordinates":[120.3071866,22.6072862]}},
{"type":"Feature","properties":{"ACC_TYPE":"A2","YEAR":111,"DEAD_CNT":0,"INJ_CNT":1,"LOCATION":1},"geometry":{"type":"Point","coordinates":[120.318077,22.652415]}},
{"type":"Feature","properties":{"ACC_TYPE":"A2","YEAR":111,"DEAD_CNT":0,"INJ_CNT":1,"LOCATION":18},"geometry":{"type":"Point","coordinates":[120.3044676,22.62585066]}},
{"type":"Feature","properties":{"ACC_TYPE":"A2","YEAR":111,"DEAD_CNT":0,"INJ_CNT":1,"LOCATION":1},"geometry":{"type":"Point","coordinates":[120.2887795,22.7986317]}},
{"type":"Feature","properties":{"ACC_TYPE":"A2","YEAR":111,"DEAD_CNT":0,"INJ_CNT":2,"LOCATION":9},"geometry":{"type":"Point","coordinates":[120.2909002,22.7946454]}},
{"type":"Feature","properties":{"ACC_TYPE":"A2","YEAR":111,"DEAD_CNT":0,"INJ_CNT":2,"LOCATION":1},"geometry":{"type":"Point","coordinates":[120.3095,22.64487]}},
{"type":"Feature","properties":{"ACC_TYPE":"A2","YEAR":111,"DEAD_CNT":0,"INJ_CNT":1,"LOCATION":1},"geometry":{"type":"Point","coordinates":[120.3319893,22.6299862]}},
{"type":"Feature","properties":{"ACC_TYPE":"A2","YEAR":111,"DEAD_CNT":0,"INJ_CNT":1,"LOCATION":9},"geometry":{"type":"Point","coordinates":[120.69,22.69]}},
{"type":"Feature","properties":{"ACC_TYPE":"A2","YEAR":111,"DEAD_CNT":0,"INJ_CNT":2,"LOCATION":8},"geometry":{"type":"Point","coordinates":[120.3227982,22.69884545]}},
{"type":"Feature","properties":{"ACC_TYPE":"A2","YEAR":111,"DEAD_CNT":0,"INJ_CNT":2,"LOCATION":2},"geometry":{"type":"Point","coordinates":[120.2985,22.61246]}},
{"type":"Feature","properties":{"ACC_TYPE":"A2","YEAR":111,"DEAD_CNT":0,"INJ_CNT":2,"LOCATION":8},"geometry":{"type":"Point","coordinates":[120.294905,22.626937]}},
{"type":"Feature","properties":{"ACC_TYPE":"A2","YEAR":111,"DEAD_CNT":0,"INJ_CNT":1,"LOCATION":9},"geometry":{"type":"Point","coordinates":[120.2437228,22.8879289]}},
{"type":"Feature","properties":{"ACC_TYPE":"A2","YEAR":111,"DEAD_CNT":0,"INJ_CNT":2,"LOCATION":1},"geometry":{"type":"Point","coordinates":[120.3764986,22.62670767]}},
{"type":"Feature","properties":{"ACC_TYPE":"A2","YEAR":111,"DEAD_CNT":0,"INJ_CNT":1,"LOCATION":7},"geometry":{"type":"Point","coordinates":[120.329472,22.605255]}},
{"type":"Feature","properties":{"ACC_TYPE":"A2","YEAR":111,"DEAD_CNT":0,"INJ_CNT":1,"LOCATION":7},"geometry":{"type":"Point","coordinates":[120.2858846,22.8016472]}},
{"type":"Feature","properties":{"ACC_TYPE":"A2","YEAR":111,"DEAD_CNT":0,"INJ_CNT":1,"LOCATION":9},"geometry":{"type":"Point","coordinates":[120.3348798,22.6019298]}},
{"type":"Feature","properties":{"ACC_TYPE":"A2","YEAR":111,"DEAD_CNT":0,"INJ_CNT":1,"LOCATION":13},"geometry":{"type":"Point","coordinates":[120.3292344,22.7889989]}},
{"type":"Feature","properties":{"ACC_TYPE":"A2","YEAR":111,"DEAD_CNT":0,"INJ_CNT":2,"LOCATION":8},"geometry":{"type":"Point","coordinates":[120.3130331,22.6374395]}},
{"type":"Feature","properties":{"ACC_TYPE":"A2","YEAR":111,"DEAD_CNT":0,"INJ_CNT":1,"LOCATION":1},"geometry":{"type":"Point","coordinates":[120.3122902,22.6234334]}},
{"type":"Feature","properties":{"ACC_TYPE":"A2","YEAR":111,"DEAD_CNT":0,"INJ_CNT":2,"LOCATION":8},"geometry":{"type":"Point","coordinates":[120.2864228,22.7868245]}},
{"type":"Feature","properties":{"ACC_TYPE":"A2","YEAR":111,"DEAD_CNT":0,"INJ_CNT":1,"LOCATION":1},"geometry":{"type":"Point","coordinates":[120.3110626,22.6893682]}},
{"type":"Feature","properties":{"ACC_TYPE":"A2","YEAR":111,"DEAD_CNT":0,"INJ_CNT":1,"LOCATION":9},"geometry":{"type":"Point","coordinates":[120.2717,22.85187]}},
{"type":"Feature","properties":{"ACC_TYPE":"A2","YEAR":111,"DEAD_CNT":0,"INJ_CNT":2,"LOCATION":7},"geometry":{"type":"Point","coordinates":[120.320399,22.668998]}},
{"type":"Feature","properties":{"ACC_TYPE":"A2","YEAR":111,"DEAD_CNT":0,"INJ_CNT":2,"LOCATION":1},"geometry":{"type":"Point","coordinates":[120.3109569,22.7199896]}},
{"type":"Feature","properties":{"ACC_TYPE":"A2","YEAR":111,"DEAD_CNT":0,"INJ_CNT":1,"LOCATION":1},"geometry":{"type":"Point","coordinates":[120.3052263,22.6811921]}},
{"type":"Feature","properties":{"ACC_TYPE":"A2","YEAR":111,"DEAD_CNT":0,"INJ_CNT":1,"LOCATION":8},"geometry":{"type":"Point","coordinates":[120.3232968,22.6200541]}},
{"type":"Feature","properties":{"ACC_TYPE":"A2","YEAR":111,"DEAD_CNT":0,"INJ_CNT":1,"LOCATION":2},"geometry":{"type":"Point","coordinates":[120.409964,22.6176232]}},
{"type":"Feature","properties":{"ACC_TYPE":"A2","YEAR":111,"DEAD_CNT":0,"INJ_CNT":2,"LOCATION":1},"geometry":{"type":"Point","coordinates":[120.30152,22.60315]}},
{"type":"Feature","properties":{"ACC_TYPE":"A2","YEAR":111,"DEAD_CNT":0,"INJ_CNT":1,"LOCATION":1},"geometry":{"type":"Point","coordinates":[120.321588,22.5796358]}},
{"type":"Feature","properties":{"ACC_TYPE":"A2","YEAR":111,"DEAD_CNT":0,"INJ_CNT":1,"LOCATION":1},"geometry":{"type":"Point","coordinates":[120.3719997,22.631032]}},
{"type":"Feature","properties":{"ACC_TYPE":"A2","YEAR":111,"DEAD_CNT":0,"INJ_CNT":1,"LOCATION":8},"geometry":{"type":"Point","coordinates":[120.3006,22.69546]}},
{"type":"Feature","properties":{"ACC_TYPE":"A2","YEAR":111,"DEAD_CNT":0,"INJ_CNT":1,"LOCATION":18},"geometry":{"type":"Point","coordinates":[120.3533,22.66396]}},
{"type":"Feature","properties":{"ACC_TYPE":"A2","YEAR":111,"DEAD_CNT":0,"INJ_CNT":2,"LOCATION":2},"geometry":{"type":"Point","coordinates":[120.4004317,22.6123421]}},
{"type":"Feature","properties":{"ACC_TYPE":"A2","YEAR":111,"DEAD_CNT":0,"INJ_CNT":1,"LOCATION":9},"geometry":{"type":"Point","coordinates":[120.3448675,22.61640308]}},
{"type":"Feature","properties":{"ACC_TYPE":"A2","YEAR":111,"DEAD_CNT":0,"INJ_CNT":2,"LOCATION":2},"geometry":{"type":"Point","coordinates":[120.309,22.65642]}},
{"type":"Feature","properties":{"ACC_TYPE":"A2","YEAR":111,"DEAD_CNT":0,"INJ_CNT":1,"LOCATION":1},"geometry":{"type":"Point","coordinates":[120.3129,22.60555]}},
{"type":"Feature","properties":{"ACC_TYPE":"A2","YEAR":111,"DEAD_CNT":0,"INJ_CNT":2,"LOCATION":1},"geometry":{"type":"Point","coordinates":[120.322,22.68059]}},
{"type":"Feature","properties":{"ACC_TYPE":"A2","YEAR":111,"DEAD_CNT":0,"INJ_CNT":1,"LOCATION":9},"geometry":{"type":"Point","coordinates":[120.3347,22.874]}},
{"type":"Feature","properties":{"ACC_TYPE":"A2","YEAR":111,"DEAD_CNT":0,"INJ_CNT":2,"LOCATION":7},"geometry":{"type":"Point","coordinates":[120.2877279,22.68129512]}},
{"type":"Feature","properties":{"ACC_TYPE":"A2","YEAR":111,"DEAD_CNT":0,"INJ_CNT":1,"LOCATION":9},"geometry":{"type":"Point","coordinates":[120.280639,22.630048]}},
{"type":"Feature","properties":{"ACC_TYPE":"A2","YEAR":111,"DEAD_CNT":0,"INJ_CNT":1,"LOCATION":1},"geometry":{"type":"Point","coordinates":[120.2327,22.8182909]}},
{"type":"Feature","properties":{"ACC_TYPE":"A2","YEAR":111,"DEAD_CNT":0,"INJ_CNT":3,"LOCATION":9},"geometry":{"type":"Point","coordinates":[120.2553746,22.7276942]}},
{"type":"Feature","properties":{"ACC_TYPE":"A2","YEAR":111,"DEAD_CNT":0,"INJ_CNT":2,"LOCATION":9},"geometry":{"type":"Point","coordinates":[120.27637,22.652039]}},
{"type":"Feature","properties":{"ACC_TYPE":"A2","YEAR":111,"DEAD_CNT":0,"INJ_CNT":1,"LOCATION":1},"geometry":{"type":"Point","coordinates":[120.3898545,22.59387643]}},
{"type":"Feature","properties":{"ACC_TYPE":"A2","YEAR":111,"DEAD_CNT":0,"INJ_CNT":1,"LOCATION":1},"geometry":{"type":"Point","coordinates":[120.3024599,22.7894794]}},
{"type":"Feature","properties":{"ACC_TYPE":"A2","YEAR":111,"DEAD_CNT":0,"INJ_CNT":1,"LOCATION":1},"geometry":{"type":"Point","coordinates":[120.3657932,22.6241647]}},
{"type":"Feature","properties":{"ACC_TYPE":"A2","YEAR":111,"DEAD_CNT":0,"INJ_CNT":1,"LOCATION":1},"geometry":{"type":"Point","coordinates":[120.3299,22.63901]}},
{"type":"Feature","properties":{"ACC_TYPE":"A2","YEAR":111,"DEAD_CNT":0,"INJ_CNT":1,"LOCATION":22},"geometry":{"type":"Point","coordinates":[120.3021739,22.6199994]}},
{"type":"Feature","properties":{"ACC_TYPE":"A2","YEAR":111,"DEAD_CNT":0,"INJ_CNT":1,"LOCATION":1},"geometry":{"type":"Point","coordinates":[120.2959852,22.7928354]}},
{"type":"Feature","properties":{"ACC_TYPE":"A2","YEAR":111,"DEAD_CNT":0,"INJ_CNT":2,"LOCATION":8},"geometry":{"type":"Point","coordinates":[120.3679,22.72989]}},
{"type":"Feature","properties":{"ACC_TYPE":"A2","YEAR":111,"DEAD_CNT":0,"INJ_CNT":2,"LOCATION":7},"geometry":{"type":"Point","coordinates":[120.324232,22.725905]}},
{"type":"Feature","properties":{"ACC_TYPE":"A2","YEAR":111,"DEAD_CNT":0,"INJ_CNT":2,"LOCATION":9},"geometry":{"type":"Point","coordinates":[120.2677168,22.75250112]}},
{"type":"Feature","properties":{"ACC_TYPE":"A2","YEAR":111,"DEAD_CNT":0,"INJ_CNT":2,"LOCATION":18},"geometry":{"type":"Point","coordinates":[120.334389,22.6358594]}},
{"type":"Feature","properties":{"ACC_TYPE":"A2","YEAR":111,"DEAD_CNT":0,"INJ_CNT":1,"LOCATION":8},"geometry":{"type":"Point","coordinates":[120.2919589,22.7908444]}},
{"type":"Feature","properties":{"ACC_TYPE":"A2","YEAR":111,"DEAD_CNT":0,"INJ_CNT":2,"LOCATION":9},"geometry":{"type":"Point","coordinates":[120.3011444,22.6465597]}},
{"type":"Feature","properties":{"ACC_TYPE":"A2","YEAR":111,"DEAD_CNT":0,"INJ_CNT":1,"LOCATION":2},"geometry":{"type":"Point","coordinates":[120.3554998,22.67822328]}},
{"type":"Feature","properties":{"ACC_TYPE":"A2","YEAR":111,"DEAD_CNT":0,"INJ_CNT":2,"LOCATION":18},"geometry":{"type":"Point","coordinates":[120.3095525,22.7598541]}},
{"type":"Feature","properties":{"ACC_TYPE":"A2","YEAR":111,"DEAD_CNT":0,"INJ_CNT":2,"LOCATION":1},"geometry":{"type":"Point","coordinates":[120.304655,22.62519634]}},
{"type":"Feature","properties":{"ACC_TYPE":"A2","YEAR":111,"DEAD_CNT":0,"INJ_CNT":2,"LOCATION":1},"geometry":{"type":"Point","coordinates":[120.4123152,22.5923195]}},
{"type":"Feature","properties":{"ACC_TYPE":"A2","YEAR":111,"DEAD_CNT":0,"INJ_CNT":1,"LOCATION":1},"geometry":{"type":"Point","coordinates":[120.359,22.792]}},
{"type":"Feature","properties":{"ACC_TYPE":"A2","YEAR":111,"DEAD_CNT":0,"INJ_CNT":2,"LOCATION":2},"geometry":{"type":"Point","coordinates":[120.3252264,22.6322594]}},
{"type":"Feature","properties":{"ACC_TYPE":"A2","YEAR":111,"DEAD_CNT":0,"INJ_CNT":1,"LOCATION":18},"geometry":{"type":"Point","coordinates":[120.3405,22.62625]}},
{"type":"Feature","properties":{"ACC_TYPE":"A2","YEAR":111,"DEAD_CNT":0,"INJ_CNT":2,"LOCATION":1},"geometry":{"type":"Point","coordinates":[120.297645,22.723857]}},
{"type":"Feature","properties":{"ACC_TYPE":"A2","YEAR":111,"DEAD_CNT":0,"INJ_CNT":1,"LOCATION":9},"geometry":{"type":"Point","coordinates":[120.266287,22.5745929]}},
{"type":"Feature","properties":{"ACC_TYPE":"A2","YEAR":111,"DEAD_CNT":0,"INJ_CNT":2,"LOCATION":1},"geometry":{"type":"Point","coordinates":[120.4248,22.65225]}},
{"type":"Feature","properties":{"ACC_TYPE":"A2","YEAR":111,"DEAD_CNT":0,"INJ_CNT":2,"LOCATION":1},"geometry":{"type":"Point","coordinates":[120.2826,22.63317]}},
{"type":"Feature","properties":{"ACC_TYPE":"A2","YEAR":111,"DEAD_CNT":0,"INJ_CNT":1,"LOCATION":1},"geometry":{"type":"Point","coordinates":[120.3460284,22.64314075]}},
{"type":"Feature","properties":{"ACC_TYPE":"A2","YEAR":111,"DEAD_CNT":0,"INJ_CNT":2,"LOCATION":1},"geometry":{"type":"Point","coordinates":[120.35,22.68]}},
{"type":"Feature","properties":{"ACC_TYPE":"A2","YEAR":111,"DEAD_CNT":0,"INJ_CNT":1,"LOCATION":2},"geometry":{"type":"Point","coordinates":[120.3073388,22.62564954]}},
{"type":"Feature","properties":{"ACC_TYPE":"A2","YEAR":111,"DEAD_CNT":0,"INJ_CNT":1,"LOCATION":1},"geometry":{"type":"Point","coordinates":[120.3052149,22.6025552]}},
{"type":"Feature","properties":{"ACC_TYPE":"A2","YEAR":111,"DEAD_CNT":0,"INJ_CNT":2,"LOCATION":8},"geometry":{"type":"Point","coordinates":[120.3017181,22.6250193]}},
{"type":"Feature","properties":{"ACC_TYPE":"A2","YEAR":111,"DEAD_CNT":0,"INJ_CNT":2,"LOCATION":9},"geometry":{"type":"Point","coordinates":[120.3286644,22.6027935]}},
{"type":"Feature","properties":{"ACC_TYPE":"A2","YEAR":111,"DEAD_CNT":0,"INJ_CNT":1,"LOCATION":9},"geometry":{"type":"Point","coordinates":[120.296516,22.62539668]}},
{"type":"Feature","properties":{"ACC_TYPE":"A2","YEAR":111,"DEAD_CNT":0,"INJ_CNT":1,"LOCATION":8},"geometry":{"type":"Point","coordinates":[120.301,22.61313]}},
{"type":"Feature","properties":{"ACC_TYPE":"A2","YEAR":111,"DEAD_CNT":0,"INJ_CNT":1,"LOCATION":11},"geometry":{"type":"Point","coordinates":[120.30152,22.62716]}},
{"type":"Feature","properties":{"ACC_TYPE":"A2","YEAR":111,"DEAD_CNT":0,"INJ_CNT":2,"LOCATION":2},"geometry":{"type":"Point","coordinates":[120.3407033,22.73199089]}},
{"type":"Feature","properties":{"ACC_TYPE":"A2","YEAR":111,"DEAD_CNT":0,"INJ_CNT":2,"LOCATION":8},"geometry":{"type":"Point","coordinates":[120.3722,22.62761]}},
{"type":"Feature","properties":{"ACC_TYPE":"A2","YEAR":111,"DEAD_CNT":0,"INJ_CNT":1,"LOCATION":1},"geometry":{"type":"Point","coordinates":[120.3622526,22.62083534]}},
{"type":"Feature","properties":{"ACC_TYPE":"A2","YEAR":111,"DEAD_CNT":0,"INJ_CNT":1,"LOCATION":20},"geometry":{"type":"Point","coordinates":[120.2902,22.6622]}},
{"type":"Feature","properties":{"ACC_TYPE":"A2","YEAR":111,"DEAD_CNT":0,"INJ_CNT":1,"LOCATION":1},"geometry":{"type":"Point","coordinates":[120.3026447,22.62792437]}},
{"type":"Feature","properties":{"ACC_TYPE":"A2","YEAR":111,"DEAD_CNT":0,"INJ_CNT":1,"LOCATION":1},"geometry":{"type":"Point","coordinates":[120.3150883,22.6646351]}},
{"type":"Feature","properties":{"ACC_TYPE":"A2","YEAR":111,"DEAD_CNT":0,"INJ_CNT":2,"LOCATION":9},"geometry":{"type":"Point","coordinates":[120.3566288,22.56752597]}},
{"type":"Feature","properties":{"ACC_TYPE":"A2","YEAR":111,"DEAD_CNT":0,"INJ_CNT":2,"LOCATION":7},"geometry":{"type":"Point","coordinates":[120.3591463,22.62266551]}},
{"type":"Feature","properties":{"ACC_TYPE":"A2","YEAR":111,"DEAD_CNT":0,"INJ_CNT":2,"LOCATION":8},"geometry":{"type":"Point","coordinates":[120.3427875,22.65460392]}},
{"type":"Feature","properties":{"ACC_TYPE":"A2","YEAR":111,"DEAD_CNT":0,"INJ_CNT":1,"LOCATION":1},"geometry":{"type":"Point","coordinates":[120.3049487,22.6244592]}},
{"type":"Feature","properties":{"ACC_TYPE":"A2","YEAR":111,"DEAD_CNT":0,"INJ_CNT":1,"LOCATION":1},"geometry":{"type":"Point","coordinates":[120.3643,22.6405]}},
{"type":"Feature","properties":{"ACC_TYPE":"A2","YEAR":111,"DEAD_CNT":0,"INJ_CNT":1,"LOCATION":1},"geometry":{"type":"Point","coordinates":[120.2890036,22.627029]}},
{"type":"Feature","properties":{"ACC_TYPE":"A2","YEAR":111,"DEAD_CNT":0,"INJ_CNT":1,"LOCATION":9},"geometry":{"type":"Point","coordinates":[120.67257,23.063964]}},
{"type":"Feature","properties":{"ACC_TYPE":"A2","YEAR":111,"DEAD_CNT":0,"INJ_CNT":2,"LOCATION":8},"geometry":{"type":"Point","coordinates":[120.3201129,22.667172]}},
{"type":"Feature","properties":{"ACC_TYPE":"A2","YEAR":111,"DEAD_CNT":0,"INJ_CNT":1,"LOCATION":8},"geometry":{"type":"Point","coordinates":[120.3445,22.61303]}},
{"type":"Feature","properties":{"ACC_TYPE":"A2","YEAR":111,"DEAD_CNT":0,"INJ_CNT":1,"LOCATION":1},"geometry":{"type":"Point","coordinates":[120.3059345,22.62951796]}},
{"type":"Feature","properties":{"ACC_TYPE":"A2","YEAR":111,"DEAD_CNT":0,"INJ_CNT":1,"LOCATION":7},"geometry":{"type":"Point","coordinates":[120.3615697,22.7299737]}},
{"type":"Feature","properties":{"ACC_TYPE":"A2","YEAR":111,"DEAD_CNT":0,"INJ_CNT":1,"LOCATION":22},"geometry":{"type":"Point","coordinates":[120.2848643,22.65492365]}},
{"type":"Feature","properties":{"ACC_TYPE":"A2","YEAR":111,"DEAD_CNT":0,"INJ_CNT":1,"LOCATION":1},"geometry":{"type":"Point","coordinates":[120.3614561,22.6587134]}},
{"type":"Feature","properties":{"ACC_TYPE":"A2","YEAR":111,"DEAD_CNT":0,"INJ_CNT":2,"LOCATION":22},"geometry":{"type":"Point","coordinates":[120.4839991,22.8807279]}},
{"type":"Feature","properties":{"ACC_TYPE":"A2","YEAR":111,"DEAD_CNT":0,"INJ_CNT":1,"LOCATION":1},"geometry":{"type":"Point","coordinates":[120.29396,22.63968]}},
{"type":"Feature","properties":{"ACC_TYPE":"A2","YEAR":111,"DEAD_CNT":0,"INJ_CNT":1,"LOCATION":8},"geometry":{"type":"Point","coordinates":[120.2913457,22.6414811]}},
{"type":"Feature","properties":{"ACC_TYPE":"A2","YEAR":111,"DEAD_CNT":0,"INJ_CNT":2,"LOCATION":1},"geometry":{"type":"Point","coordinates":[120.3112711,22.6406582]}},
{"type":"Feature","properties":{"ACC_TYPE":"A2","YEAR":111,"DEAD_CNT":0,"INJ_CNT":1,"LOCATION":1},"geometry":{"type":"Point","coordinates":[120.3172,22.65013]}},
{"type":"Feature","properties":{"ACC_TYPE":"A2","YEAR":111,"DEAD_CNT":0,"INJ_CNT":1,"LOCATION":1},"geometry":{"type":"Point","coordinates":[120.3505668,22.6374218]}},
{"type":"Feature","properties":{"ACC_TYPE":"A2","YEAR":111,"DEAD_CNT":0,"INJ_CNT":1,"LOCATION":7},"geometry":{"type":"Point","coordinates":[120.2762,22.84547]}},
{"type":"Feature","properties":{"ACC_TYPE":"A2","YEAR":111,"DEAD_CNT":0,"INJ_CNT":1,"LOCATION":1},"geometry":{"type":"Point","coordinates":[120.4953851,22.8828011]}},
{"type":"Feature","properties":{"ACC_TYPE":"A2","YEAR":111,"DEAD_CNT":0,"INJ_CNT":1,"LOCATION":1},"geometry":{"type":"Point","coordinates":[120.3281907,22.6329768]}},
{"type":"Feature","properties":{"ACC_TYPE":"A2","YEAR":111,"DEAD_CNT":0,"INJ_CNT":2,"LOCATION":9},"geometry":{"type":"Point","coordinates":[120.3114022,22.6369368]}},
{"type":"Feature","properties":{"ACC_TYPE":"A2","YEAR":111,"DEAD_CNT":0,"INJ_CNT":1,"LOCATION":9},"geometry":{"type":"Point","coordinates":[120.3240262,22.468171]}},
{"type":"Feature","properties":{"ACC_TYPE":"A2","YEAR":111,"DEAD_CNT":0,"INJ_CNT":2,"LOCATION":2},"geometry":{"type":"Point","coordinates":[120.3272917,22.6141699]}},
{"type":"Feature","properties":{"ACC_TYPE":"A2","YEAR":111,"DEAD_CNT":0,"INJ_CNT":2,"LOCATION":7},"geometry":{"type":"Point","coordinates":[120.3165,22.67255]}},
{"type":"Feature","properties":{"ACC_TYPE":"A2","YEAR":111,"DEAD_CNT":0,"INJ_CNT":1,"LOCATION":1},"geometry":{"type":"Point","coordinates":[120.2871038,22.6854817]}},
{"type":"Feature","properties":{"ACC_TYPE":"A2","YEAR":111,"DEAD_CNT":0,"INJ_CNT":2,"LOCATION":2},"geometry":{"type":"Point","coordinates":[120.307927,22.62194846]}},
{"type":"Feature","properties":{"ACC_TYPE":"A2","YEAR":111,"DEAD_CNT":0,"INJ_CNT":3,"LOCATION":1},"geometry":{"type":"Point","coordinates":[120.3064372,22.63622328]}},
{"type":"Feature","properties":{"ACC_TYPE":"A2","YEAR":111,"DEAD_CNT":0,"INJ_CNT":1,"LOCATION":1},"geometry":{"type":"Point","coordinates":[120.3680296,22.62296583]}},
{"type":"Feature","properties":{"ACC_TYPE":"A2","YEAR":111,"DEAD_CNT":0,"INJ_CNT":1,"LOCATION":13},"geometry":{"type":"Point","coordinates":[120.3482242,22.7318819]}},
{"type":"Feature","properties":{"ACC_TYPE":"A2","YEAR":111,"DEAD_CNT":0,"INJ_CNT":2,"LOCATION":1},"geometry":{"type":"Point","coordinates":[120.3168,22.61796]}},
{"type":"Feature","properties":{"ACC_TYPE":"A2","YEAR":111,"DEAD_CNT":0,"INJ_CNT":1,"LOCATION":2},"geometry":{"type":"Point","coordinates":[120.2831,22.66383]}},
{"type":"Feature","properties":{"ACC_TYPE":"A2","YEAR":111,"DEAD_CNT":0,"INJ_CNT":1,"LOCATION":1},"geometry":{"type":"Point","coordinates":[120.336211,22.5928294]}},
{"type":"Feature","properties":{"ACC_TYPE":"A2","YEAR":111,"DEAD_CNT":0,"INJ_CNT":1,"LOCATION":1},"geometry":{"type":"Point","coordinates":[120.3479,22.5225]}},
{"type":"Feature","properties":{"ACC_TYPE":"A2","YEAR":111,"DEAD_CNT":0,"INJ_CNT":1,"LOCATION":1},"geometry":{"type":"Point","coordinates":[120.3853824,22.6172155]}},
{"type":"Feature","properties":{"ACC_TYPE":"A2","YEAR":111,"DEAD_CNT":0,"INJ_CNT":1,"LOCATION":1},"geometry":{"type":"Point","coordinates":[120.38,22.5559]}},
{"type":"Feature","properties":{"ACC_TYPE":"A2","YEAR":111,"DEAD_CNT":0,"INJ_CNT":2,"LOCATION":1},"geometry":{"type":"Point","coordinates":[120.3537,22.56759]}},
{"type":"Feature","properties":{"ACC_TYPE":"A2","YEAR":111,"DEAD_CNT":0,"INJ_CNT":1,"LOCATION":9},"geometry":{"type":"Point","coordinates":[120.2850027,22.7131053]}},
{"type":"Feature","properties":{"ACC_TYPE":"A2","YEAR":111,"DEAD_CNT":0,"INJ_CNT":1,"LOCATION":9},"geometry":{"type":"Point","coordinates":[120.3541,22.62399]}},
{"type":"Feature","properties":{"ACC_TYPE":"A2","YEAR":111,"DEAD_CNT":0,"INJ_CNT":1,"LOCATION":1},"geometry":{"type":"Point","coordinates":[120.2971608,22.6183309]}},
{"type":"Feature","properties":{"ACC_TYPE":"A2","YEAR":111,"DEAD_CNT":0,"INJ_CNT":2,"LOCATION":7},"geometry":{"type":"Point","coordinates":[120.3016,22.66571]}},
{"type":"Feature","properties":{"ACC_TYPE":"A2","YEAR":111,"DEAD_CNT":0,"INJ_CNT":1,"LOCATION":2},"geometry":{"type":"Point","coordinates":[120.3,22.6]}},
{"type":"Feature","properties":{"ACC_TYPE":"A2","YEAR":111,"DEAD_CNT":0,"INJ_CNT":2,"LOCATION":9},"geometry":{"type":"Point","coordinates":[120.1858007,22.89400741]}},
{"type":"Feature","properties":{"ACC_TYPE":"A2","YEAR":111,"DEAD_CNT":0,"INJ_CNT":2,"LOCATION":2},"geometry":{"type":"Point","coordinates":[120.3207,22.64529]}},
{"type":"Feature","properties":{"ACC_TYPE":"A2","YEAR":111,"DEAD_CNT":0,"INJ_CNT":2,"LOCATION":9},"geometry":{"type":"Point","coordinates":[120.3015937,22.6646488]}},
{"type":"Feature","properties":{"ACC_TYPE":"A2","YEAR":111,"DEAD_CNT":0,"INJ_CNT":1,"LOCATION":1},"geometry":{"type":"Point","coordinates":[120.373629,22.734636]}},
{"type":"Feature","properties":{"ACC_TYPE":"A2","YEAR":111,"DEAD_CNT":0,"INJ_CNT":2,"LOCATION":7},"geometry":{"type":"Point","coordinates":[120.3360114,22.56148198]}},
{"type":"Feature","properties":{"ACC_TYPE":"A2","YEAR":111,"DEAD_CNT":0,"INJ_CNT":4,"LOCATION":8},"geometry":{"type":"Point","coordinates":[120.3513942,22.6258012]}},
{"type":"Feature","properties":{"ACC_TYPE":"A2","YEAR":111,"DEAD_CNT":0,"INJ_CNT":1,"LOCATION":1},"geometry":{"type":"Point","coordinates":[120.3197458,22.6675127]}},
{"type":"Feature","properties":{"ACC_TYPE":"A2","YEAR":111,"DEAD_CNT":0,"INJ_CNT":2,"LOCATION":1},"geometry":{"type":"Point","coordinates":[120.3491,22.73181]}},
{"type":"Feature","properties":{"ACC_TYPE":"A2","YEAR":111,"DEAD_CNT":0,"INJ_CNT":1,"LOCATION":9},"geometry":{"type":"Point","coordinates":[120.2627691,22.7489028]}},
{"type":"Feature","properties":{"ACC_TYPE":"A2","YEAR":111,"DEAD_CNT":0,"INJ_CNT":1,"LOCATION":1},"geometry":{"type":"Point","coordinates":[120.3454435,22.67436]}},
{"type":"Feature","properties":{"ACC_TYPE":"A2","YEAR":111,"DEAD_CNT":0,"INJ_CNT":2,"LOCATION":8},"geometry":{"type":"Point","coordinates":[120.3006077,22.6922155]}},
{"type":"Feature","properties":{"ACC_TYPE":"A2","YEAR":111,"DEAD_CNT":0,"INJ_CNT":1,"LOCATION":1},"geometry":{"type":"Point","coordinates":[120.3501,22.63461]}},
{"type":"Feature","properties":{"ACC_TYPE":"A2","YEAR":111,"DEAD_CNT":0,"INJ_CNT":1,"LOCATION":2},"geometry":{"type":"Point","coordinates":[120.3004,22.67471]}},
{"type":"Feature","properties":{"ACC_TYPE":"A2","YEAR":111,"DEAD_CNT":0,"INJ_CNT":1,"LOCATION":1},"geometry":{"type":"Point","coordinates":[120.3068373,22.6649235]}},
{"type":"Feature","properties":{"ACC_TYPE":"A2","YEAR":111,"DEAD_CNT":0,"INJ_CNT":2,"LOCATION":9},"geometry":{"type":"Point","coordinates":[120.3256566,22.6676364]}},
{"type":"Feature","properties":{"ACC_TYPE":"A2","YEAR":111,"DEAD_CNT":0,"INJ_CNT":2,"LOCATION":9},"geometry":{"type":"Point","coordinates":[120.3905862,22.6078153]}},
{"type":"Feature","properties":{"ACC_TYPE":"A2","YEAR":111,"DEAD_CNT":0,"INJ_CNT":1,"LOCATION":2},"geometry":{"type":"Point","coordinates":[120.3408,22.68492]}},
{"type":"Feature","properties":{"ACC_TYPE":"A2","YEAR":111,"DEAD_CNT":0,"INJ_CNT":1,"LOCATION":1},"geometry":{"type":"Point","coordinates":[120.2615162,22.7472088]}},
{"type":"Feature","properties":{"ACC_TYPE":"A2","YEAR":111,"DEAD_CNT":0,"INJ_CNT":1,"LOCATION":22},"geometry":{"type":"Point","coordinates":[120.2808,22.63968]}},
{"type":"Feature","properties":{"ACC_TYPE":"A2","YEAR":111,"DEAD_CNT":0,"INJ_CNT":1,"LOCATION":1},"geometry":{"type":"Point","coordinates":[120.3119867,22.6353146]}},
{"type":"Feature","properties":{"ACC_TYPE":"A2","YEAR":111,"DEAD_CNT":0,"INJ_CNT":1,"LOCATION":8},"geometry":{"type":"Point","coordinates":[120.3065,22.66248]}},
{"type":"Feature","properties":{"ACC_TYPE":"A2","YEAR":111,"DEAD_CNT":0,"INJ_CNT":1,"LOCATION":1},"geometry":{"type":"Point","coordinates":[120.3514,22.56902]}},
{"type":"Feature","properties":{"ACC_TYPE":"A2","YEAR":111,"DEAD_CNT":0,"INJ_CNT":1,"LOCATION":1},"geometry":{"type":"Point","coordinates":[120.3473698,22.7319447]}},
{"type":"Feature","properties":{"ACC_TYPE":"A2","YEAR":111,"DEAD_CNT":0,"INJ_CNT":2,"LOCATION":1},"geometry":{"type":"Point","coordinates":[120.3253431,22.680369]}},
{"type":"Feature","properties":{"ACC_TYPE":"A2","YEAR":111,"DEAD_CNT":0,"INJ_CNT":2,"LOCATION":9},"geometry":{"type":"Point","coordinates":[120.4078638,22.4821417]}},
{"type":"Feature","properties":{"ACC_TYPE":"A2","YEAR":111,"DEAD_CNT":0,"INJ_CNT":2,"LOCATION":1},"geometry":{"type":"Point","coordinates":[120.30796,22.62866]}},
{"type":"Feature","properties":{"ACC_TYPE":"A2","YEAR":111,"DEAD_CNT":0,"INJ_CNT":1,"LOCATION":9},"geometry":{"type":"Point","coordinates":[120.3050538,22.6024964]}},
{"type":"Feature","properties":{"ACC_TYPE":"A2","YEAR":111,"DEAD_CNT":0,"INJ_CNT":1,"LOCATION":1},"geometry":{"type":"Point","coordinates":[120.3024073,22.6645684]}},
{"type":"Feature","properties":{"ACC_TYPE":"A2","YEAR":111,"DEAD_CNT":0,"INJ_CNT":1,"LOCATION":9},"geometry":{"type":"Point","coordinates":[120.3277219,22.6296648]}},
{"type":"Feature","properties":{"ACC_TYPE":"A2","YEAR":111,"DEAD_CNT":0,"INJ_CNT":2,"LOCATION":1},"geometry":{"type":"Point","coordinates":[120.2947531,22.79936661]}},
{"type":"Feature","properties":{"ACC_TYPE":"A2","YEAR":111,"DEAD_CNT":0,"INJ_CNT":2,"LOCATION":1},"geometry":{"type":"Point","coordinates":[120.3123259,22.62696159]}},
{"type":"Feature","properties":{"ACC_TYPE":"A2","YEAR":111,"DEAD_CNT":0,"INJ_CNT":1,"LOCATION":22},"geometry":{"type":"Point","coordinates":[120.3655,22.65957]}},
{"type":"Feature","properties":{"ACC_TYPE":"A2","YEAR":111,"DEAD_CNT":0,"INJ_CNT":1,"LOCATION":9},"geometry":{"type":"Point","coordinates":[120.395258,22.506764]}},
{"type":"Feature","properties":{"ACC_TYPE":"A2","YEAR":111,"DEAD_CNT":0,"INJ_CNT":1,"LOCATION":1},"geometry":{"type":"Point","coordinates":[120.361604,22.57002156]}},
{"type":"Feature","properties":{"ACC_TYPE":"A2","YEAR":111,"DEAD_CNT":0,"INJ_CNT":2,"LOCATION":9},"geometry":{"type":"Point","coordinates":[120.3511006,22.73486397]}},
{"type":"Feature","properties":{"ACC_TYPE":"A2","YEAR":111,"DEAD_CNT":0,"INJ_CNT":1,"LOCATION":9},"geometry":{"type":"Point","coordinates":[120.394866,22.6084556]}},
{"type":"Feature","properties":{"ACC_TYPE":"A2","YEAR":111,"DEAD_CNT":0,"INJ_CNT":1,"LOCATION":8},"geometry":{"type":"Point","coordinates":[120.3017885,22.66583839]}},
{"type":"Feature","properties":{"ACC_TYPE":"A2","YEAR":111,"DEAD_CNT":0,"INJ_CNT":2,"LOCATION":1},"geometry":{"type":"Point","coordinates":[120.29379,22.62414]}},
{"type":"Feature","properties":{"ACC_TYPE":"A2","YEAR":111,"DEAD_CNT":0,"INJ_CNT":3,"LOCATION":8},"geometry":{"type":"Point","coordinates":[120.3605683,22.6241779]}},
{"type":"Feature","properties":{"ACC_TYPE":"A2","YEAR":111,"DEAD_CNT":0,"INJ_CNT":1,"LOCATION":20},"geometry":{"type":"Point","coordinates":[120.3019003,22.63129598]}},
{"type":"Feature","properties":{"ACC_TYPE":"A2","YEAR":111,"DEAD_CNT":0,"INJ_CNT":3,"LOCATION":9},"geometry":{"type":"Point","coordinates":[120.323963,22.6477539]}},
{"type":"Feature","properties":{"ACC_TYPE":"A2","YEAR":111,"DEAD_CNT":0,"INJ_CNT":2,"LOCATION":7},"geometry":{"type":"Point","coordinates":[120.30601,22.6838]}},
{"type":"Feature","properties":{"ACC_TYPE":"A2","YEAR":111,"DEAD_CNT":0,"INJ_CNT":3,"LOCATION":9},"geometry":{"type":"Point","coordinates":[120.3982,22.6009]}},
{"type":"Feature","properties":{"ACC_TYPE":"A2","YEAR":111,"DEAD_CNT":0,"INJ_CNT":2,"LOCATION":9},"geometry":{"type":"Point","coordinates":[120.20828,22.9124853]}},
{"type":"Feature","properties":{"ACC_TYPE":"A2","YEAR":111,"DEAD_CNT":0,"INJ_CNT":1,"LOCATION":1},"geometry":{"type":"Point","coordinates":[120.316839,22.743052]}},
{"type":"Feature","properties":{"ACC_TYPE":"A2","YEAR":111,"DEAD_CNT":0,"INJ_CNT":2,"LOCATION":2},"geometry":{"type":"Point","coordinates":[120.3329818,22.5962808]}},
{"type":"Feature","properties":{"ACC_TYPE":"A2","YEAR":111,"DEAD_CNT":0,"INJ_CNT":2,"LOCATION":2},"geometry":{"type":"Point","coordinates":[120.3562342,22.6384513]}},
{"type":"Feature","properties":{"ACC_TYPE":"A2","YEAR":111,"DEAD_CNT":0,"INJ_CNT":1,"LOCATION":1},"geometry":{"type":"Point","coordinates":[120.3412,22.67683]}},
{"type":"Feature","properties":{"ACC_TYPE":"A2","YEAR":111,"DEAD_CNT":0,"INJ_CNT":2,"LOCATION":8},"geometry":{"type":"Point","coordinates":[120.3014888,22.6629901]}},
{"type":"Feature","properties":{"ACC_TYPE":"A2","YEAR":111,"DEAD_CNT":0,"INJ_CNT":2,"LOCATION":7},"geometry":{"type":"Point","coordinates":[120.3178377,22.6321259]}},
{"type":"Feature","properties":{"ACC_TYPE":"A2","YEAR":111,"DEAD_CNT":0,"INJ_CNT":1,"LOCATION":2},"geometry":{"type":"Point","coordinates":[120.3445401,22.6370585]}},
{"type":"Feature","properties":{"ACC_TYPE":"A2","YEAR":111,"DEAD_CNT":0,"INJ_CNT":1,"LOCATION":1},"geometry":{"type":"Point","coordinates":[120.3297,22.68815]}},
{"type":"Feature","properties":{"ACC_TYPE":"A2","YEAR":111,"DEAD_CNT":0,"INJ_CNT":1,"LOCATION":1},"geometry":{"type":"Point","coordinates":[120.3679477,22.62486969]}},
{"type":"Feature","properties":{"ACC_TYPE":"A2","YEAR":111,"DEAD_CNT":0,"INJ_CNT":2,"LOCATION":1},"geometry":{"type":"Point","coordinates":[120.3313895,22.6533125]}},
{"type":"Feature","properties":{"ACC_TYPE":"A2","YEAR":111,"DEAD_CNT":0,"INJ_CNT":2,"LOCATION":1},"geometry":{"type":"Point","coordinates":[120.2980513,22.797084]}},
{"type":"Feature","properties":{"ACC_TYPE":"A2","YEAR":111,"DEAD_CNT":0,"INJ_CNT":2,"LOCATION":9},"geometry":{"type":"Point","coordinates":[120.2974,22.61563]}},
{"type":"Feature","properties":{"ACC_TYPE":"A2","YEAR":111,"DEAD_CNT":0,"INJ_CNT":1,"LOCATION":9},"geometry":{"type":"Point","coordinates":[120.3463,22.61265]}},
{"type":"Feature","properties":{"ACC_TYPE":"A2","YEAR":111,"DEAD_CNT":0,"INJ_CNT":2,"LOCATION":9},"geometry":{"type":"Point","coordinates":[120.394036,22.649616]}},
{"type":"Feature","properties":{"ACC_TYPE":"A2","YEAR":111,"DEAD_CNT":0,"INJ_CNT":3,"LOCATION":8},"geometry":{"type":"Point","coordinates":[120.3309,22.72879]}},
{"type":"Feature","properties":{"ACC_TYPE":"A2","YEAR":111,"DEAD_CNT":0,"INJ_CNT":2,"LOCATION":18},"geometry":{"type":"Point","coordinates":[120.393628,22.51316]}},
{"type":"Feature","properties":{"ACC_TYPE":"A2","YEAR":111,"DEAD_CNT":0,"INJ_CNT":1,"LOCATION":1},"geometry":{"type":"Point","coordinates":[120.3185368,22.6290061]}},
{"type":"Feature","properties":{"ACC_TYPE":"A2","YEAR":111,"DEAD_CNT":0,"INJ_CNT":1,"LOCATION":1},"geometry":{"type":"Point","coordinates":[120.361747,22.66633]}},
{"type":"Feature","properties":{"ACC_TYPE":"A2","YEAR":111,"DEAD_CNT":0,"INJ_CNT":2,"LOCATION":8},"geometry":{"type":"Point","coordinates":[120.3915,22.61775]}},
{"type":"Feature","properties":{"ACC_TYPE":"A2","YEAR":111,"DEAD_CNT":0,"INJ_CNT":2,"LOCATION":9},"geometry":{"type":"Point","coordinates":[120.3087598,22.7266827]}},
{"type":"Feature","properties":{"ACC_TYPE":"A2","YEAR":111,"DEAD_CNT":0,"INJ_CNT":2,"LOCATION":9},"geometry":{"type":"Point","coordinates":[120.3652,22.57007]}},
{"type":"Feature","properties":{"ACC_TYPE":"A2","YEAR":111,"DEAD_CNT":0,"INJ_CNT":1,"LOCATION":8},"geometry":{"type":"Point","coordinates":[120.3276425,22.6050664]}},
{"type":"Feature","properties":{"ACC_TYPE":"A2","YEAR":111,"DEAD_CNT":0,"INJ_CNT":1,"LOCATION":8},"geometry":{"type":"Point","coordinates":[120.3443017,22.56568288]}},
{"type":"Feature","properties":{"ACC_TYPE":"A2","YEAR":111,"DEAD_CNT":0,"INJ_CNT":1,"LOCATION":7},"geometry":{"type":"Point","coordinates":[120.3536985,22.62916555]}},
{"type":"Feature","properties":{"ACC_TYPE":"A2","YEAR":111,"DEAD_CNT":0,"INJ_CNT":1,"LOCATION":1},"geometry":{"type":"Point","coordinates":[120.3081007,22.6123743]}},
{"type":"Feature","properties":{"ACC_TYPE":"A2","YEAR":111,"DEAD_CNT":0,"INJ_CNT":1,"LOCATION":2},"geometry":{"type":"Point","coordinates":[120.3138258,22.6638135]}},
{"type":"Feature","properties":{"ACC_TYPE":"A2","YEAR":111,"DEAD_CNT":0,"INJ_CNT":1,"LOCATION":9},"geometry":{"type":"Point","coordinates":[120.3139565,22.7521508]}},
{"type":"Feature","properties":{"ACC_TYPE":"A2","YEAR":111,"DEAD_CNT":0,"INJ_CNT":1,"LOCATION":7},"geometry":{"type":"Point","coordinates":[120.314,22.75202]}},
{"type":"Feature","properties":{"ACC_TYPE":"A2","YEAR":111,"DEAD_CNT":0,"INJ_CNT":1,"LOCATION":9},"geometry":{"type":"Point","coordinates":[120.3257,22.61651]}},
{"type":"Feature","properties":{"ACC_TYPE":"A2","YEAR":111,"DEAD_CNT":0,"INJ_CNT":1,"LOCATION":1},"geometry":{"type":"Point","coordinates":[120.3365,22.69217]}},
{"type":"Feature","properties":{"ACC_TYPE":"A2","YEAR":111,"DEAD_CNT":0,"INJ_CNT":1,"LOCATION":1},"geometry":{"type":"Point","coordinates":[120.3208409,22.6398731]}},
{"type":"Feature","properties":{"ACC_TYPE":"A2","YEAR":111,"DEAD_CNT":0,"INJ_CNT":1,"LOCATION":1},"geometry":{"type":"Point","coordinates":[120.2970392,22.6578285]}},
{"type":"Feature","properties":{"ACC_TYPE":"A2","YEAR":111,"DEAD_CNT":0,"INJ_CNT":2,"LOCATION":2},"geometry":{"type":"Point","coordinates":[120.3126,22.6736]}},
{"type":"Feature","properties":{"ACC_TYPE":"A2","YEAR":111,"DEAD_CNT":0,"INJ_CNT":1,"LOCATION":1},"geometry":{"type":"Point","coordinates":[120.2792,22.6588]}},
{"type":"Feature","properties":{"ACC_TYPE":"A2","YEAR":111,"DEAD_CNT":0,"INJ_CNT":1,"LOCATION":9},"geometry":{"type":"Point","coordinates":[120.3117,22.7560794]}},
{"type":"Feature","properties":{"ACC_TYPE":"A2","YEAR":111,"DEAD_CNT":0,"INJ_CNT":2,"LOCATION":9},"geometry":{"type":"Point","coordinates":[120.339,22.59411]}},
{"type":"Feature","properties":{"ACC_TYPE":"A2","YEAR":111,"DEAD_CNT":0,"INJ_CNT":1,"LOCATION":1},"geometry":{"type":"Point","coordinates":[120.3376074,22.56944967]}},
{"type":"Feature","properties":{"ACC_TYPE":"A2","YEAR":111,"DEAD_CNT":0,"INJ_CNT":2,"LOCATION":7},"geometry":{"type":"Point","coordinates":[120.3386,22.6857]}},
{"type":"Feature","properties":{"ACC_TYPE":"A2","YEAR":111,"DEAD_CNT":0,"INJ_CNT":1,"LOCATION":1},"geometry":{"type":"Point","coordinates":[120.3901175,22.6130045]}},
{"type":"Feature","properties":{"ACC_TYPE":"A2","YEAR":111,"DEAD_CNT":0,"INJ_CNT":2,"LOCATION":9},"geometry":{"type":"Point","coordinates":[120.3567516,22.73077028]}},
{"type":"Feature","properties":{"ACC_TYPE":"A2","YEAR":111,"DEAD_CNT":0,"INJ_CNT":2,"LOCATION":18},"geometry":{"type":"Point","coordinates":[120.3141,22.67734]}},
{"type":"Feature","properties":{"ACC_TYPE":"A2","YEAR":111,"DEAD_CNT":0,"INJ_CNT":1,"LOCATION":1},"geometry":{"type":"Point","coordinates":[120.3292723,22.6388613]}},
{"type":"Feature","properties":{"ACC_TYPE":"A2","YEAR":111,"DEAD_CNT":0,"INJ_CNT":2,"LOCATION":9},"geometry":{"type":"Point","coordinates":[120.229,22.86081]}},
{"type":"Feature","properties":{"ACC_TYPE":"A2","YEAR":111,"DEAD_CNT":0,"INJ_CNT":2,"LOCATION":7},"geometry":{"type":"Point","coordinates":[120.184,22.9013]}},
{"type":"Feature","properties":{"ACC_TYPE":"A2","YEAR":111,"DEAD_CNT":0,"INJ_CNT":1,"LOCATION":1},"geometry":{"type":"Point","coordinates":[120.3555242,22.6213356]}},
{"type":"Feature","properties":{"ACC_TYPE":"A2","YEAR":111,"DEAD_CNT":0,"INJ_CNT":1,"LOCATION":1},"geometry":{"type":"Point","coordinates":[120.3372365,22.5633392]}},
{"type":"Feature","properties":{"ACC_TYPE":"A2","YEAR":111,"DEAD_CNT":0,"INJ_CNT":2,"LOCATION":8},"geometry":{"type":"Point","coordinates":[120.3262422,22.7067515]}},
{"type":"Feature","properties":{"ACC_TYPE":"A2","YEAR":111,"DEAD_CNT":0,"INJ_CNT":2,"LOCATION":9},"geometry":{"type":"Point","coordinates":[120.2925424,22.6896955]}},
{"type":"Feature","properties":{"ACC_TYPE":"A2","YEAR":111,"DEAD_CNT":0,"INJ_CNT":2,"LOCATION":8},"geometry":{"type":"Point","coordinates":[120.3025,22.7017]}},
{"type":"Feature","properties":{"ACC_TYPE":"A2","YEAR":111,"DEAD_CNT":0,"INJ_CNT":2,"LOCATION":1},"geometry":{"type":"Point","coordinates":[120.3445922,22.63318714]}},
{"type":"Feature","properties":{"ACC_TYPE":"A2","YEAR":111,"DEAD_CNT":0,"INJ_CNT":1,"LOCATION":1},"geometry":{"type":"Point","coordinates":[120.2905,22.78786]}},
{"type":"Feature","properties":{"ACC_TYPE":"A2","YEAR":111,"DEAD_CNT":0,"INJ_CNT":1,"LOCATION":8},"geometry":{"type":"Point","coordinates":[120.3076122,22.6309146]}},
{"type":"Feature","properties":{"ACC_TYPE":"A2","YEAR":111,"DEAD_CNT":0,"INJ_CNT":1,"LOCATION":9},"geometry":{"type":"Point","coordinates":[120.2891507,22.79039934]}},
{"type":"Feature","properties":{"ACC_TYPE":"A2","YEAR":111,"DEAD_CNT":0,"INJ_CNT":1,"LOCATION":1},"geometry":{"type":"Point","coordinates":[120.3120052,22.6353207]}},
{"type":"Feature","properties":{"ACC_TYPE":"A2","YEAR":111,"DEAD_CNT":0,"INJ_CNT":1,"LOCATION":1},"geometry":{"type":"Point","coordinates":[120.3415641,22.6476313]}},
{"type":"Feature","properties":{"ACC_TYPE":"A2","YEAR":111,"DEAD_CNT":0,"INJ_CNT":1,"LOCATION":9},"geometry":{"type":"Point","coordinates":[120.3166002,22.64375788]}},
{"type":"Feature","properties":{"ACC_TYPE":"A2","YEAR":111,"DEAD_CNT":0,"INJ_CNT":1,"LOCATION":1},"geometry":{"type":"Point","coordinates":[120.2959488,22.6335818]}},
{"type":"Feature","properties":{"ACC_TYPE":"A2","YEAR":112,"DEAD_CNT":0,"INJ_CNT":1,"LOCATION":8},"geometry":{"type":"Point","coordinates":[120.3135654,22.679234]}},
{"type":"Feature","properties":{"ACC_TYPE":"A2","YEAR":112,"DEAD_CNT":0,"INJ_CNT":2,"LOCATION":1},"geometry":{"type":"Point","coordinates":[120.2883745,22.6329731]}},
{"type":"Feature","properties":{"ACC_TYPE":"A2","YEAR":112,"DEAD_CNT":0,"INJ_CNT":2,"LOCATION":8},"geometry":{"type":"Point","coordinates":[120.3757866,22.62623073]}},
{"type":"Feature","properties":{"ACC_TYPE":"A2","YEAR":112,"DEAD_CNT":0,"INJ_CNT":2,"LOCATION":18},"geometry":{"type":"Point","coordinates":[120.2967308,22.6704335]}},
{"type":"Feature","properties":{"ACC_TYPE":"A2","YEAR":112,"DEAD_CNT":0,"INJ_CNT":2,"LOCATION":7},"geometry":{"type":"Point","coordinates":[120.3274,22.87682]}},
{"type":"Feature","properties":{"ACC_TYPE":"A2","YEAR":112,"DEAD_CNT":0,"INJ_CNT":1,"LOCATION":1},"geometry":{"type":"Point","coordinates":[120.1852,22.91653]}},
{"type":"Feature","properties":{"ACC_TYPE":"A2","YEAR":112,"DEAD_CNT":0,"INJ_CNT":1,"LOCATION":9},"geometry":{"type":"Point","coordinates":[120.3,22.6]}},
{"type":"Feature","properties":{"ACC_TYPE":"A2","YEAR":112,"DEAD_CNT":0,"INJ_CNT":2,"LOCATION":9},"geometry":{"type":"Point","coordinates":[120.3025214,22.7876614]}},
{"type":"Feature","properties":{"ACC_TYPE":"A2","YEAR":112,"DEAD_CNT":0,"INJ_CNT":1,"LOCATION":9},"geometry":{"type":"Point","coordinates":[120.328591,22.729955]}},
{"type":"Feature","properties":{"ACC_TYPE":"A2","YEAR":112,"DEAD_CNT":0,"INJ_CNT":2,"LOCATION":8},"geometry":{"type":"Point","coordinates":[120.4191,22.59417]}},
{"type":"Feature","properties":{"ACC_TYPE":"A2","YEAR":112,"DEAD_CNT":0,"INJ_CNT":1,"LOCATION":1},"geometry":{"type":"Point","coordinates":[120.3382,22.60186]}},
{"type":"Feature","properties":{"ACC_TYPE":"A2","YEAR":112,"DEAD_CNT":0,"INJ_CNT":2,"LOCATION":9},"geometry":{"type":"Point","coordinates":[120.3960867,22.6360189]}},
{"type":"Feature","properties":{"ACC_TYPE":"A2","YEAR":112,"DEAD_CNT":0,"INJ_CNT":2,"LOCATION":1},"geometry":{"type":"Point","coordinates":[120.5789,24.27787]}},
{"type":"Feature","properties":{"ACC_TYPE":"A2","YEAR":112,"DEAD_CNT":0,"INJ_CNT":1,"LOCATION":2},"geometry":{"type":"Point","coordinates":[120.3102948,22.6307367]}},
{"type":"Feature","properties":{"ACC_TYPE":"A2","YEAR":112,"DEAD_CNT":0,"INJ_CNT":1,"LOCATION":1},"geometry":{"type":"Point","coordinates":[120.2973921,22.6314979]}},
{"type":"Feature","properties":{"ACC_TYPE":"A2","YEAR":112,"DEAD_CNT":0,"INJ_CNT":1,"LOCATION":9},"geometry":{"type":"Point","coordinates":[120.3355223,22.59781444]}},
{"type":"Feature","properties":{"ACC_TYPE":"A2","YEAR":112,"DEAD_CNT":0,"INJ_CNT":1,"LOCATION":1},"geometry":{"type":"Point","coordinates":[120.306239,22.6247787]}},
{"type":"Feature","properties":{"ACC_TYPE":"A2","YEAR":112,"DEAD_CNT":0,"INJ_CNT":1,"LOCATION":8},"geometry":{"type":"Point","coordinates":[120.3537744,22.72626623]}},
{"type":"Feature","properties":{"ACC_TYPE":"A2","YEAR":112,"DEAD_CNT":0,"INJ_CNT":1,"LOCATION":2},"geometry":{"type":"Point","coordinates":[120.2937,22.61808]}},
{"type":"Feature","properties":{"ACC_TYPE":"A2","YEAR":112,"DEAD_CNT":0,"INJ_CNT":2,"LOCATION":9},"geometry":{"type":"Point","coordinates":[120.3084726,22.62266762]}},
{"type":"Feature","properties":{"ACC_TYPE":"A2","YEAR":112,"DEAD_CNT":0,"INJ_CNT":2,"LOCATION":8},"geometry":{"type":"Point","coordinates":[120.315015,22.652953]}},
{"type":"Feature","properties":{"ACC_TYPE":"A2","YEAR":112,"DEAD_CNT":0,"INJ_CNT":2,"LOCATION":9},"geometry":{"type":"Point","coordinates":[120.2922,22.67268]}},
{"type":"Feature","properties":{"ACC_TYPE":"A2","YEAR":112,"DEAD_CNT":0,"INJ_CNT":2,"LOCATION":9},"geometry":{"type":"Point","coordinates":[120.3210533,22.6049923]}},
{"type":"Feature","properties":{"ACC_TYPE":"A2","YEAR":112,"DEAD_CNT":0,"INJ_CNT":1,"LOCATION":1},"geometry":{"type":"Point","coordinates":[120.3140313,22.6425583]}},
{"type":"Feature","properties":{"ACC_TYPE":"A2","YEAR":112,"DEAD_CNT":0,"INJ_CNT":2,"LOCATION":2},"geometry":{"type":"Point","coordinates":[120.2999098,22.6192531]}},
{"type":"Feature","properties":{"ACC_TYPE":"A2","YEAR":112,"DEAD_CNT":0,"INJ_CNT":1,"LOCATION":1},"geometry":{"type":"Point","coordinates":[120.3025823,22.6166254]}},
{"type":"Feature","properties":{"ACC_TYPE":"A2","YEAR":112,"DEAD_CNT":0,"INJ_CNT":1,"LOCATION":2},"geometry":{"type":"Point","coordinates":[120.2793108,22.660277]}},
{"type":"Feature","properties":{"ACC_TYPE":"A2","YEAR":112,"DEAD_CNT":0,"INJ_CNT":1,"LOCATION":7},"geometry":{"type":"Point","coordinates":[120.1931379,22.8688229]}},
{"type":"Feature","properties":{"ACC_TYPE":"A2","YEAR":112,"DEAD_CNT":0,"INJ_CNT":2,"LOCATION":18},"geometry":{"type":"Point","coordinates":[120.2836978,22.62361419]}},
{"type":"Feature","properties":{"ACC_TYPE":"A2","YEAR":112,"DEAD_CNT":0,"INJ_CNT":2,"LOCATION":20},"geometry":{"type":"Point","coordinates":[120.2917,22.68356]}},
{"type":"Feature","properties":{"ACC_TYPE":"A2","YEAR":112,"DEAD_CNT":0,"INJ_CNT":2,"LOCATION":1},"geometry":{"type":"Point","coordinates":[120.3062536,22.574389]}},
{"type":"Feature","properties":{"ACC_TYPE":"A2","YEAR":112,"DEAD_CNT":0,"INJ_CNT":2,"LOCATION":9},"geometry":{"type":"Point","coordinates":[120.2758,22.85842]}},
{"type":"Feature","properties":{"ACC_TYPE":"A2","YEAR":112,"DEAD_CNT":0,"INJ_CNT":2,"LOCATION":9},"geometry":{"type":"Point","coordinates":[120.5517,22.90453]}},
{"type":"Feature","properties":{"ACC_TYPE":"A2","YEAR":112,"DEAD_CNT":0,"INJ_CNT":1,"LOCATION":2},"geometry":{"type":"Point","coordinates":[120.3803,22.63075]}},
{"type":"Feature","properties":{"ACC_TYPE":"A2","YEAR":112,"DEAD_CNT":0,"INJ_CNT":1,"LOCATION":2},"geometry":{"type":"Point","coordinates":[120.3283111,22.6345499]}},
{"type":"Feature","properties":{"ACC_TYPE":"A2","YEAR":112,"DEAD_CNT":0,"INJ_CNT":2,"LOCATION":2},"geometry":{"type":"Point","coordinates":[120.2486,22.87847]}},
{"type":"Feature","properties":{"ACC_TYPE":"A2","YEAR":112,"DEAD_CNT":0,"INJ_CNT":2,"LOCATION":1},"geometry":{"type":"Point","coordinates":[120.3071866,22.6072862]}},
{"type":"Feature","properties":{"ACC_TYPE":"A2","YEAR":112,"DEAD_CNT":0,"INJ_CNT":2,"LOCATION":9},"geometry":{"type":"Point","coordinates":[120.3465829,22.6912167]}},
{"type":"Feature","properties":{"ACC_TYPE":"A2","YEAR":112,"DEAD_CNT":0,"INJ_CNT":1,"LOCATION":1},"geometry":{"type":"Point","coordinates":[120.3606759,22.6213065]}},
{"type":"Feature","properties":{"ACC_TYPE":"A2","YEAR":112,"DEAD_CNT":0,"INJ_CNT":1,"LOCATION":9},"geometry":{"type":"Point","coordinates":[120.29343,22.686839]}},
{"type":"Feature","properties":{"ACC_TYPE":"A2","YEAR":112,"DEAD_CNT":0,"INJ_CNT":2,"LOCATION":1},"geometry":{"type":"Point","coordinates":[120.3476868,22.6264416]}},
{"type":"Feature","properties":{"ACC_TYPE":"A2","YEAR":112,"DEAD_CNT":0,"INJ_CNT":1,"LOCATION":9},"geometry":{"type":"Point","coordinates":[120.3659162,22.6432733]}},
{"type":"Feature","properties":{"ACC_TYPE":"A2","YEAR":112,"DEAD_CNT":0,"INJ_CNT":3,"LOCATION":9},"geometry":{"type":"Point","coordinates":[120.3267,22.60558]}},
{"type":"Feature","properties":{"ACC_TYPE":"A2","YEAR":112,"DEAD_CNT":0,"INJ_CNT":1,"LOCATION":1},"geometry":{"type":"Point","coordinates":[120.3342505,22.56713797]}},
{"type":"Feature","properties":{"ACC_TYPE":"A2","YEAR":112,"DEAD_CNT":0,"INJ_CNT":2,"LOCATION":13},"geometry":{"type":"Point","coordinates":[120.5342,22.88582]}},
{"type":"Feature","properties":{"ACC_TYPE":"A2","YEAR":112,"DEAD_CNT":0,"INJ_CNT":1,"LOCATION":22},"geometry":{"type":"Point","coordinates":[120.225,22.91]}},
{"type":"Feature","properties":{"ACC_TYPE":"A2","YEAR":112,"DEAD_CNT":0,"INJ_CNT":1,"LOCATION":1},"geometry":{"type":"Point","coordinates":[120.3240071,22.6466592]}},
{"type":"Feature","properties":{"ACC_TYPE":"A2","YEAR":112,"DEAD_CNT":0,"INJ_CNT":1,"LOCATION":1},"geometry":{"type":"Point","coordinates":[120.2964082,22.6379113]}},
{"type":"Feature","properties":{"ACC_TYPE":"A2","YEAR":112,"DEAD_CNT":0,"INJ_CNT":1,"LOCATION":9},"geometry":{"type":"Point","coordinates":[120.357677,22.624862]}},
{"type":"Feature","properties":{"ACC_TYPE":"A2","YEAR":112,"DEAD_CNT":0,"INJ_CNT":1,"LOCATION":9},"geometry":{"type":"Point","coordinates":[120.3484,22.61269]}},
{"type":"Feature","properties":{"ACC_TYPE":"A2","YEAR":112,"DEAD_CNT":0,"INJ_CNT":1,"LOCATION":1},"geometry":{"type":"Point","coordinates":[120.2986474,22.6319232]}},
{"type":"Feature","properties":{"ACC_TYPE":"A2","YEAR":112,"DEAD_CNT":0,"INJ_CNT":2,"LOCATION":2},"geometry":{"type":"Point","coordinates":[120.2924,22.79324]}},
{"type":"Feature","properties":{"ACC_TYPE":"A2","YEAR":112,"DEAD_CNT":0,"INJ_CNT":1,"LOCATION":20},"geometry":{"type":"Point","coordinates":[120.3196743,22.5862963]}},
{"type":"Feature","properties":{"ACC_TYPE":"A2","YEAR":112,"DEAD_CNT":0,"INJ_CNT":2,"LOCATION":2},"geometry":{"type":"Point","coordinates":[120.3,22.6]}},
{"type":"Feature","properties":{"ACC_TYPE":"A2","YEAR":112,"DEAD_CNT":0,"INJ_CNT":1,"LOCATION":1},"geometry":{"type":"Point","coordinates":[120.3062565,22.6437316]}},
{"type":"Feature","properties":{"ACC_TYPE":"A2","YEAR":112,"DEAD_CNT":0,"INJ_CNT":1,"LOCATION":9},"geometry":{"type":"Point","coordinates":[120.4340863,22.5849941]}},
{"type":"Feature","properties":{"ACC_TYPE":"A2","YEAR":112,"DEAD_CNT":0,"INJ_CNT":1,"LOCATION":9},"geometry":{"type":"Point","coordinates":[120.3547276,22.6411506]}},
{"type":"Feature","properties":{"ACC_TYPE":"A2","YEAR":112,"DEAD_CNT":0,"INJ_CNT":3,"LOCATION":2},"geometry":{"type":"Point","coordinates":[120.3209936,22.6457131]}},
{"type":"Feature","properties":{"ACC_TYPE":"A2","YEAR":112,"DEAD_CNT":0,"INJ_CNT":2,"LOCATION":9},"geometry":{"type":"Point","coordinates":[120.35163,22.731431]}},
{"type":"Feature","properties":{"ACC_TYPE":"A2","YEAR":112,"DEAD_CNT":0,"INJ_CNT":1,"LOCATION":9},"geometry":{"type":"Point","coordinates":[120.324124,22.645822]}},
{"type":"Feature","properties":{"ACC_TYPE":"A2","YEAR":112,"DEAD_CNT":0,"INJ_CNT":1,"LOCATION":9},"geometry":{"type":"Point","coordinates":[120.2969343,22.8041588]}},
{"type":"Feature","properties":{"ACC_TYPE":"A2","YEAR":112,"DEAD_CNT":0,"INJ_CNT":3,"LOCATION":9},"geometry":{"type":"Point","coordinates":[120.3876524,22.5037935]}},
{"type":"Feature","properties":{"ACC_TYPE":"A2","YEAR":112,"DEAD_CNT":0,"INJ_CNT":1,"LOCATION":8},"geometry":{"type":"Point","coordinates":[120.3548931,22.6813421]}},
{"type":"Feature","properties":{"ACC_TYPE":"A2","YEAR":112,"DEAD_CNT":0,"INJ_CNT":2,"LOCATION":9},"geometry":{"type":"Point","coordinates":[120.3622088,22.62208145]}},
{"type":"Feature","properties":{"ACC_TYPE":"A2","YEAR":112,"DEAD_CNT":0,"INJ_CNT":1,"LOCATION":2},"geometry":{"type":"Point","coordinates":[120.3252,22.60019]}},
{"type":"Feature","properties":{"ACC_TYPE":"A2","YEAR":112,"DEAD_CNT":0,"INJ_CNT":1,"LOCATION":1},"geometry":{"type":"Point","coordinates":[120.3583243,22.6218986]}},
{"type":"Feature","properties":{"ACC_TYPE":"A2","YEAR":112,"DEAD_CNT":0,"INJ_CNT":3,"LOCATION":2},"geometry":{"type":"Point","coordinates":[120.3586819,22.7941251]}},
{"type":"Feature","properties":{"ACC_TYPE":"A2","YEAR":112,"DEAD_CNT":0,"INJ_CNT":1,"LOCATION":9},"geometry":{"type":"Point","coordinates":[120.2848266,22.6243731]}},
{"type":"Feature","properties":{"ACC_TYPE":"A2","YEAR":112,"DEAD_CNT":0,"INJ_CNT":1,"LOCATION":2},"geometry":{"type":"Point","coordinates":[120.30152,22.62716]}},
{"type":"Feature","properties":{"ACC_TYPE":"A2","YEAR":112,"DEAD_CNT":0,"INJ_CNT":1,"LOCATION":9},"geometry":{"type":"Point","coordinates":[120.32593,22.6160883]}},
{"type":"Feature","properties":{"ACC_TYPE":"A2","YEAR":112,"DEAD_CNT":0,"INJ_CNT":1,"LOCATION":9},"geometry":{"type":"Point","coordinates":[120.3109777,22.7602479]}},
{"type":"Feature","properties":{"ACC_TYPE":"A2","YEAR":112,"DEAD_CNT":0,"INJ_CNT":1,"LOCATION":1},"geometry":{"type":"Point","coordinates":[120.3396173,22.6007703]}},
{"type":"Feature","properties":{"ACC_TYPE":"A2","YEAR":112,"DEAD_CNT":0,"INJ_CNT":1,"LOCATION":1},"geometry":{"type":"Point","coordinates":[120.3277004,22.62969011]}},
{"type":"Feature","properties":{"ACC_TYPE":"A2","YEAR":112,"DEAD_CNT":0,"INJ_CNT":2,"LOCATION":1},"geometry":{"type":"Point","coordinates":[120.3242992,22.6292088]}},
{"type":"Feature","properties":{"ACC_TYPE":"A2","YEAR":112,"DEAD_CNT":0,"INJ_CNT":1,"LOCATION":8},"geometry":{"type":"Point","coordinates":[120.3079921,22.6272978]}},
{"type":"Feature","properties":{"ACC_TYPE":"A2","YEAR":112,"DEAD_CNT":0,"INJ_CNT":2,"LOCATION":1},"geometry":{"type":"Point","coordinates":[120.3496186,22.5848187]}},
{"type":"Feature","properties":{"ACC_TYPE":"A2","YEAR":112,"DEAD_CNT":0,"INJ_CNT":1,"LOCATION":2},"geometry":{"type":"Point","coordinates":[120.30071,22.637815]}},
{"type":"Feature","properties":{"ACC_TYPE":"A2","YEAR":112,"DEAD_CNT":0,"INJ_CNT":1,"LOCATION":1},"geometry":{"type":"Point","coordinates":[120.356466,22.67522]}},
{"type":"Feature","properties":{"ACC_TYPE":"A2","YEAR":112,"DEAD_CNT":0,"INJ_CNT":1,"LOCATION":8},"geometry":{"type":"Point","coordinates":[120.3236,22.71417]}},
{"type":"Feature","properties":{"ACC_TYPE":"A2","YEAR":112,"DEAD_CNT":0,"INJ_CNT":1,"LOCATION":20},"geometry":{"type":"Point","coordinates":[120.3235,22.60554]}},
{"type":"Feature","properties":{"ACC_TYPE":"A2","YEAR":112,"DEAD_CNT":0,"INJ_CNT":1,"LOCATION":7},"geometry":{"type":"Point","coordinates":[120.3673616,22.58122239]}},
{"type":"Feature","properties":{"ACC_TYPE":"A2","YEAR":112,"DEAD_CNT":0,"INJ_CNT":2,"LOCATION":9},"geometry":{"type":"Point","coordinates":[120.34795,22.73667]}},
{"type":"Feature","properties":{"ACC_TYPE":"A2","YEAR":112,"DEAD_CNT":0,"INJ_CNT":2,"LOCATION":2},"geometry":{"type":"Point","coordinates":[120.345037,22.5660168]}},
{"type":"Feature","properties":{"ACC_TYPE":"A2","YEAR":112,"DEAD_CNT":0,"INJ_CNT":2,"LOCATION":1},"geometry":{"type":"Point","coordinates":[120.246,22.84472]}},
{"type":"Feature","properties":{"ACC_TYPE":"A2","YEAR":112,"DEAD_CNT":0,"INJ_CNT":1,"LOCATION":20},"geometry":{"type":"Point","coordinates":[120.3173351,22.6112273]}},
{"type":"Feature","properties":{"ACC_TYPE":"A2","YEAR":112,"DEAD_CNT":0,"INJ_CNT":1,"LOCATION":1},"geometry":{"type":"Point","coordinates":[120.3945958,22.5088333]}},
{"type":"Feature","properties":{"ACC_TYPE":"A2","YEAR":112,"DEAD_CNT":0,"INJ_CNT":1,"LOCATION":9},"geometry":{"type":"Point","coordinates":[120.2836,22.86591]}},
{"type":"Feature","properties":{"ACC_TYPE":"A2","YEAR":112,"DEAD_CNT":0,"INJ_CNT":1,"LOCATION":2},"geometry":{"type":"Point","coordinates":[120.3219,22.66714]}},
{"type":"Feature","properties":{"ACC_TYPE":"A2","YEAR":112,"DEAD_CNT":0,"INJ_CNT":1,"LOCATION":8},"geometry":{"type":"Point","coordinates":[120.3342591,22.5829246]}},
{"type":"Feature","properties":{"ACC_TYPE":"A2","YEAR":112,"DEAD_CNT":0,"INJ_CNT":1,"LOCATION":1},"geometry":{"type":"Point","coordinates":[120.3127526,22.605747]}},
{"type":"Feature","properties":{"ACC_TYPE":"A2","YEAR":112,"DEAD_CNT":0,"INJ_CNT":1,"LOCATION":1},"geometry":{"type":"Point","coordinates":[120.2961356,22.7919271]}},
{"type":"Feature","properties":{"ACC_TYPE":"A2","YEAR":112,"DEAD_CNT":0,"INJ_CNT":1,"LOCATION":1},"geometry":{"type":"Point","coordinates":[120.3607,22.62446]}},
{"type":"Feature","properties":{"ACC_TYPE":"A2","YEAR":112,"DEAD_CNT":0,"INJ_CNT":2,"LOCATION":7},"geometry":{"type":"Point","coordinates":[120.3142317,22.6605495]}},
{"type":"Feature","properties":{"ACC_TYPE":"A2","YEAR":112,"DEAD_CNT":0,"INJ_CNT":2,"LOCATION":7},"geometry":{"type":"Point","coordinates":[120.3563,22.62012]}},
{"type":"Feature","properties":{"ACC_TYPE":"A2","YEAR":112,"DEAD_CNT":0,"INJ_CNT":2,"LOCATION":9},"geometry":{"type":"Point","coordinates":[120.389786,22.523447]}},
{"type":"Feature","properties":{"ACC_TYPE":"A2","YEAR":112,"DEAD_CNT":0,"INJ_CNT":1,"LOCATION":1},"geometry":{"type":"Point","coordinates":[120.3242116,22.6476772]}},
{"type":"Feature","properties":{"ACC_TYPE":"A2","YEAR":112,"DEAD_CNT":0,"INJ_CNT":1,"LOCATION":13},"geometry":{"type":"Point","coordinates":[120.3483805,22.7266511]}},
{"type":"Feature","properties":{"ACC_TYPE":"A2","YEAR":112,"DEAD_CNT":0,"INJ_CNT":2,"LOCATION":8},"geometry":{"type":"Point","coordinates":[120.31159,22.6167914]}},
{"type":"Feature","properties":{"ACC_TYPE":"A2","YEAR":112,"DEAD_CNT":0,"INJ_CNT":2,"LOCATION":2},"geometry":{"type":"Point","coordinates":[120.3574,22.62893]}},
{"type":"Feature","properties":{"ACC_TYPE":"A2","YEAR":112,"DEAD_CNT":0,"INJ_CNT":1,"LOCATION":2},"geometry":{"type":"Point","coordinates":[120.420871,22.66241299]}},
{"type":"Feature","properties":{"ACC_TYPE":"A2","YEAR":112,"DEAD_CNT":0,"INJ_CNT":1,"LOCATION":1},"geometry":{"type":"Point","coordinates":[120.3250918,22.6119939]}},
{"type":"Feature","properties":{"ACC_TYPE":"A2","YEAR":112,"DEAD_CNT":0,"INJ_CNT":2,"LOCATION":7},"geometry":{"type":"Point","coordinates":[120.3136031,22.636579]}},
{"type":"Feature","properties":{"ACC_TYPE":"A2","YEAR":112,"DEAD_CNT":0,"INJ_CNT":1,"LOCATION":8},"geometry":{"type":"Point","coordinates":[120.3482,22.60825]}},
{"type":"Feature","properties":{"ACC_TYPE":"A2","YEAR":112,"DEAD_CNT":0,"INJ_CNT":2,"LOCATION":2},"geometry":{"type":"Point","coordinates":[120.3103,22.61955]}},
{"type":"Feature","properties":{"ACC_TYPE":"A2","YEAR":112,"DEAD_CNT":0,"INJ_CNT":1,"LOCATION":1},"geometry":{"type":"Point","coordinates":[120.3159356,22.6228531]}},
{"type":"Feature","properties":{"ACC_TYPE":"A2","YEAR":112,"DEAD_CNT":0,"INJ_CNT":1,"LOCATION":2},"geometry":{"type":"Point","coordinates":[120.2989,22.61612]}},
{"type":"Feature","properties":{"ACC_TYPE":"A2","YEAR":112,"DEAD_CNT":0,"INJ_CNT":1,"LOCATION":1},"geometry":{"type":"Point","coordinates":[120.3466969,22.6465923]}},
{"type":"Feature","properties":{"ACC_TYPE":"A2","YEAR":112,"DEAD_CNT":0,"INJ_CNT":1,"LOCATION":1},"geometry":{"type":"Point","coordinates":[120.2950827,22.6851126]}},
{"type":"Feature","properties":{"ACC_TYPE":"A2","YEAR":112,"DEAD_CNT":0,"INJ_CNT":1,"LOCATION":1},"geometry":{"type":"Point","coordinates":[120.3502922,22.6149811]}},
{"type":"Feature","properties":{"ACC_TYPE":"A2","YEAR":112,"DEAD_CNT":0,"INJ_CNT":2,"LOCATION":1},"geometry":{"type":"Point","coordinates":[120.3276521,22.5952721]}},
{"type":"Feature","properties":{"ACC_TYPE":"A2","YEAR":112,"DEAD_CNT":0,"INJ_CNT":2,"LOCATION":9},"geometry":{"type":"Point","coordinates":[120.2945846,22.7931848]}},
{"type":"Feature","properties":{"ACC_TYPE":"A2","YEAR":112,"DEAD_CNT":0,"INJ_CNT":1,"LOCATION":1},"geometry":{"type":"Point","coordinates":[120.345627,22.6100296]}},
{"type":"Feature","properties":{"ACC_TYPE":"A2","YEAR":112,"DEAD_CNT":0,"INJ_CNT":3,"LOCATION":1},"geometry":{"type":"Point","coordinates":[120.4831,22.89034]}},
{"type":"Feature","properties":{"ACC_TYPE":"A2","YEAR":112,"DEAD_CNT":0,"INJ_CNT":2,"LOCATION":1},"geometry":{"type":"Point","coordinates":[120.3153295,22.6244143]}},
{"type":"Feature","properties":{"ACC_TYPE":"A2","YEAR":112,"DEAD_CNT":0,"INJ_CNT":1,"LOCATION":1},"geometry":{"type":"Point","coordinates":[120.3412292,22.616928]}},
{"type":"Feature","properties":{"ACC_TYPE":"A2","YEAR":112,"DEAD_CNT":0,"INJ_CNT":2,"LOCATION":7},"geometry":{"type":"Point","coordinates":[120.3587,22.58361]}},
{"type":"Feature","properties":{"ACC_TYPE":"A2","YEAR":112,"DEAD_CNT":0,"INJ_CNT":1,"LOCATION":9},"geometry":{"type":"Point","coordinates":[120.2929765,22.7952884]}},
{"type":"Feature","properties":{"ACC_TYPE":"A2","YEAR":112,"DEAD_CNT":0,"INJ_CNT":1,"LOCATION":9},"geometry":{"type":"Point","coordinates":[120.3180304,22.8077347]}},
{"type":"Feature","properties":{"ACC_TYPE":"A2","YEAR":112,"DEAD_CNT":0,"INJ_CNT":3,"LOCATION":9},"geometry":{"type":"Point","coordinates":[120.3375504,22.602196]}},
{"type":"Feature","properties":{"ACC_TYPE":"A2","YEAR":112,"DEAD_CNT":0,"INJ_CNT":1,"LOCATION":7},"geometry":{"type":"Point","coordinates":[120.4688,22.97597]}},
{"type":"Feature","properties":{"ACC_TYPE":"A2","YEAR":112,"DEAD_CNT":0,"INJ_CNT":1,"LOCATION":1},"geometry":{"type":"Point","coordinates":[120.3847095,22.6187715]}},
{"type":"Feature","properties":{"ACC_TYPE":"A2","YEAR":112,"DEAD_CNT":0,"INJ_CNT":2,"LOCATION":7},"geometry":{"type":"Point","coordinates":[120.3341996,22.60011373]}},
{"type":"Feature","properties":{"ACC_TYPE":"A2","YEAR":112,"DEAD_CNT":0,"INJ_CNT":2,"LOCATION":8},"geometry":{"type":"Point","coordinates":[120.3594668,22.622032]}},
{"type":"Feature","properties":{"ACC_TYPE":"A2","YEAR":112,"DEAD_CNT":0,"INJ_CNT":2,"LOCATION":8},"geometry":{"type":"Point","coordinates":[120.3321633,22.61687663]}},
{"type":"Feature","properties":{"ACC_TYPE":"A2","YEAR":112,"DEAD_CNT":0,"INJ_CNT":2,"LOCATION":8},"geometry":{"type":"Point","coordinates":[120.335649,22.6090188]}},
{"type":"Feature","properties":{"ACC_TYPE":"A2","YEAR":112,"DEAD_CNT":0,"INJ_CNT":1,"LOCATION":9},"geometry":{"type":"Point","coordinates":[120.3503758,22.5632158]}},
{"type":"Feature","properties":{"ACC_TYPE":"A2","YEAR":112,"DEAD_CNT":0,"INJ_CNT":2,"LOCATION":22},"geometry":{"type":"Point","coordinates":[120.287,22.65159]}},
{"type":"Feature","properties":{"ACC_TYPE":"A2","YEAR":112,"DEAD_CNT":0,"INJ_CNT":5,"LOCATION":8},"geometry":{"type":"Point","coordinates":[120.2799927,22.6255915]}},
{"type":"Feature","properties":{"ACC_TYPE":"A2","YEAR":112,"DEAD_CNT":0,"INJ_CNT":1,"LOCATION":9},"geometry":{"type":"Point","coordinates":[120.493821,22.88215]}},
{"type":"Feature","properties":{"ACC_TYPE":"A2","YEAR":112,"DEAD_CNT":0,"INJ_CNT":2,"LOCATION":7},"geometry":{"type":"Point","coordinates":[120.2885908,22.7205275]}},
{"type":"Feature","properties":{"ACC_TYPE":"A2","YEAR":112,"DEAD_CNT":0,"INJ_CNT":2,"LOCATION":1},"geometry":{"type":"Point","coordinates":[120.3285866,22.6519787]}},
{"type":"Feature","properties":{"ACC_TYPE":"A2","YEAR":112,"DEAD_CNT":0,"INJ_CNT":2,"LOCATION":2},"geometry":{"type":"Point","coordinates":[120.3172,22.62394]}},
{"type":"Feature","properties":{"ACC_TYPE":"A2","YEAR":112,"DEAD_CNT":0,"INJ_CNT":1,"LOCATION":1},"geometry":{"type":"Point","coordinates":[120.3946875,22.6127688]}},
{"type":"Feature","properties":{"ACC_TYPE":"A2","YEAR":112,"DEAD_CNT":0,"INJ_CNT":3,"LOCATION":7},"geometry":{"type":"Point","coordinates":[120.3444832,22.61017412]}},
{"type":"Feature","properties":{"ACC_TYPE":"A2","YEAR":112,"DEAD_CNT":0,"INJ_CNT":2,"LOCATION":9},"geometry":{"type":"Point","coordinates":[120.3268415,22.62394579]}},
{"type":"Feature","properties":{"ACC_TYPE":"A2","YEAR":112,"DEAD_CNT":0,"INJ_CNT":3,"LOCATION":1},"geometry":{"type":"Point","coordinates":[120.345037,22.5660168]}},
{"type":"Feature","properties":{"ACC_TYPE":"A2","YEAR":112,"DEAD_CNT":0,"INJ_CNT":2,"LOCATION":2},"geometry":{"type":"Point","coordinates":[120.3348719,22.6380276]}},
{"type":"Feature","properties":{"ACC_TYPE":"A2","YEAR":112,"DEAD_CNT":0,"INJ_CNT":1,"LOCATION":2},"geometry":{"type":"Point","coordinates":[120.3391234,22.6308962]}},
{"type":"Feature","properties":{"ACC_TYPE":"A2","YEAR":112,"DEAD_CNT":0,"INJ_CNT":1,"LOCATION":1},"geometry":{"type":"Point","coordinates":[120.3635974,22.63394072]}},
{"type":"Feature","properties":{"ACC_TYPE":"A2","YEAR":112,"DEAD_CNT":0,"INJ_CNT":2,"LOCATION":9},"geometry":{"type":"Point","coordinates":[120.324003,22.6477621]}},
{"type":"Feature","properties":{"ACC_TYPE":"A2","YEAR":112,"DEAD_CNT":0,"INJ_CNT":2,"LOCATION":1},"geometry":{"type":"Point","coordinates":[120.2834702,22.7699049]}},
{"type":"Feature","properties":{"ACC_TYPE":"A2","YEAR":112,"DEAD_CNT":0,"INJ_CNT":1,"LOCATION":9},"geometry":{"type":"Point","coordinates":[120.329246,22.5939792]}},
{"type":"Feature","properties":{"ACC_TYPE":"A2","YEAR":112,"DEAD_CNT":0,"INJ_CNT":3,"LOCATION":8},"geometry":{"type":"Point","coordinates":[120.3897326,22.6138277]}},
{"type":"Feature","properties":{"ACC_TYPE":"A2","YEAR":112,"DEAD_CNT":0,"INJ_CNT":1,"LOCATION":8},"geometry":{"type":"Point","coordinates":[120.3355533,22.6057049]}},
{"type":"Feature","properties":{"ACC_TYPE":"A2","YEAR":112,"DEAD_CNT":0,"INJ_CNT":3,"LOCATION":1},"geometry":{"type":"Point","coordinates":[120.3549,22.62643]}},
{"type":"Feature","properties":{"ACC_TYPE":"A2","YEAR":112,"DEAD_CNT":0,"INJ_CNT":1,"LOCATION":2},"geometry":{"type":"Point","coordinates":[120.3690305,22.6316492]}},
{"type":"Feature","properties":{"ACC_TYPE":"A2","YEAR":112,"DEAD_CNT":0,"INJ_CNT":2,"LOCATION":18},"geometry":{"type":"Point","coordinates":[120.2649,22.62439]}},
{"type":"Feature","properties":{"ACC_TYPE":"A2","YEAR":112,"DEAD_CNT":0,"INJ_CNT":1,"LOCATION":9},"geometry":{"type":"Point","coordinates":[120.3422536,22.628449]}},
{"type":"Feature","properties":{"ACC_TYPE":"A2","YEAR":112,"DEAD_CNT":0,"INJ_CNT":2,"LOCATION":7},"geometry":{"type":"Point","coordinates":[120.3492804,22.69924656]}},
{"type":"Feature","properties":{"ACC_TYPE":"A2","YEAR":112,"DEAD_CNT":0,"INJ_CNT":1,"LOCATION":9},"geometry":{"type":"Point","coordinates":[120.2968,22.6199]}},
{"type":"Feature","properties":{"ACC_TYPE":"A2","YEAR":112,"DEAD_CNT":0,"INJ_CNT":1,"LOCATION":9},"geometry":{"type":"Point","coordinates":[120.2387872,22.8218622]}},
{"type":"Feature","properties":{"ACC_TYPE":"A2","YEAR":112,"DEAD_CNT":0,"INJ_CNT":2,"LOCATION":9},"geometry":{"type":"Point","coordinates":[120.4099299,22.4805841]}},
{"type":"Feature","properties":{"ACC_TYPE":"A2","YEAR":112,"DEAD_CNT":0,"INJ_CNT":1,"LOCATION":9},"geometry":{"type":"Point","coordinates":[120.3706403,22.5898491]}},
{"type":"Feature","properties":{"ACC_TYPE":"A2","YEAR":112,"DEAD_CNT":0,"INJ_CNT":2,"LOCATION":9},"geometry":{"type":"Point","coordinates":[120.4832275,22.8841218]}},
{"type":"Feature","properties":{"ACC_TYPE":"A2","YEAR":112,"DEAD_CNT":0,"INJ_CNT":1,"LOCATION":2},"geometry":{"type":"Point","coordinates":[120.3247676,22.5991039]}},
{"type":"Feature","properties":{"ACC_TYPE":"A2","YEAR":112,"DEAD_CNT":0,"INJ_CNT":1,"LOCATION":22},"geometry":{"type":"Point","coordinates":[120.2864902,22.6692679]}},
{"type":"Feature","properties":{"ACC_TYPE":"A2","YEAR":112,"DEAD_CNT":0,"INJ_CNT":2,"LOCATION":1},"geometry":{"type":"Point","coordinates":[120.2958,22.6195]}},
{"type":"Feature","properties":{"ACC_TYPE":"A2","YEAR":112,"DEAD_CNT":0,"INJ_CNT":2,"LOCATION":7},"geometry":{"type":"Point","coordinates":[120.2957,22.66536]}},
{"type":"Feature","properties":{"ACC_TYPE":"A2","YEAR":112,"DEAD_CNT":0,"INJ_CNT":2,"LOCATION":1},"geometry":{"type":"Point","coordinates":[120.3372511,22.6127078]}},
{"type":"Feature","properties":{"ACC_TYPE":"A2","YEAR":112,"DEAD_CNT":0,"INJ_CNT":1,"LOCATION":8},"geometry":{"type":"Point","coordinates":[120.3081092,22.63018247]}},
{"type":"Feature","properties":{"ACC_TYPE":"A2","YEAR":112,"DEAD_CNT":0,"INJ_CNT":1,"LOCATION":18},"geometry":{"type":"Point","coordinates":[120.3235881,22.626625]}},
{"type":"Feature","properties":{"ACC_TYPE":"A2","YEAR":112,"DEAD_CNT":0,"INJ_CNT":1,"LOCATION":1},"geometry":{"type":"Point","coordinates":[120.2979646,22.6236561]}},
{"type":"Feature","properties":{"ACC_TYPE":"A2","YEAR":112,"DEAD_CNT":0,"INJ_CNT":1,"LOCATION":1},"geometry":{"type":"Point","coordinates":[120.330196,22.642134]}},
{"type":"Feature","properties":{"ACC_TYPE":"A2","YEAR":112,"DEAD_CNT":0,"INJ_CNT":2,"LOCATION":9},"geometry":{"type":"Point","coordinates":[120.4153498,22.6019423]}},
{"type":"Feature","properties":{"ACC_TYPE":"A2","YEAR":112,"DEAD_CNT":0,"INJ_CNT":2,"LOCATION":7},"geometry":{"type":"Point","coordinates":[120.6865,22.9697]}},
{"type":"Feature","properties":{"ACC_TYPE":"A2","YEAR":112,"DEAD_CNT":0,"INJ_CNT":2,"LOCATION":1},"geometry":{"type":"Point","coordinates":[120.2612,22.85397]}},
{"type":"Feature","properties":{"ACC_TYPE":"A2","YEAR":112,"DEAD_CNT":0,"INJ_CNT":3,"LOCATION":1},"geometry":{"type":"Point","coordinates":[120.313439,22.66184319]}},
{"type":"Feature","properties":{"ACC_TYPE":"A2","YEAR":112,"DEAD_CNT":0,"INJ_CNT":3,"LOCATION":1},"geometry":{"type":"Point","coordinates":[120.3513384,22.6419641]}},
{"type":"Feature","properties":{"ACC_TYPE":"A2","YEAR":112,"DEAD_CNT":0,"INJ_CNT":2,"LOCATION":9},"geometry":{"type":"Point","coordinates":[120.332467,22.608611]}},
{"type":"Feature","properties":{"ACC_TYPE":"A2","YEAR":112,"DEAD_CNT":0,"INJ_CNT":1,"LOCATION":1},"geometry":{"type":"Point","coordinates":[120.2998555,22.6323807]}},
{"type":"Feature","properties":{"ACC_TYPE":"A2","YEAR":112,"DEAD_CNT":0,"INJ_CNT":1,"LOCATION":1},"geometry":{"type":"Point","coordinates":[120.2980183,22.63001168]}},
{"type":"Feature","properties":{"ACC_TYPE":"A2","YEAR":112,"DEAD_CNT":0,"INJ_CNT":1,"LOCATION":8},"geometry":{"type":"Point","coordinates":[120.302503,22.704448]}},
{"type":"Feature","properties":{"ACC_TYPE":"A2","YEAR":112,"DEAD_CNT":0,"INJ_CNT":1,"LOCATION":1},"geometry":{"type":"Point","coordinates":[120.3176617,22.6475159]}},
{"type":"Feature","properties":{"ACC_TYPE":"A2","YEAR":112,"DEAD_CNT":0,"INJ_CNT":1,"LOCATION":9},"geometry":{"type":"Point","coordinates":[120.4168125,22.6580589]}},
{"type":"Feature","properties":{"ACC_TYPE":"A2","YEAR":112,"DEAD_CNT":0,"INJ_CNT":2,"LOCATION":20},"geometry":{"type":"Point","coordinates":[120.3443,22.61625]}},
{"type":"Feature","properties":{"ACC_TYPE":"A2","YEAR":112,"DEAD_CNT":0,"INJ_CNT":3,"LOCATION":9},"geometry":{"type":"Point","coordinates":[120.3036986,22.7545115]}},
{"type":"Feature","properties":{"ACC_TYPE":"A2","YEAR":112,"DEAD_CNT":0,"INJ_CNT":1,"LOCATION":9},"geometry":{"type":"Point","coordinates":[120.3545269,22.56532024]}},
{"type":"Feature","properties":{"ACC_TYPE":"A2","YEAR":112,"DEAD_CNT":0,"INJ_CNT":1,"LOCATION":1},"geometry":{"type":"Point","coordinates":[120.358,22.63238]}},
{"type":"Feature","properties":{"ACC_TYPE":"A2","YEAR":112,"DEAD_CNT":0,"INJ_CNT":1,"LOCATION":1},"geometry":{"type":"Point","coordinates":[120.3,22.6]}},
{"type":"Feature","properties":{"ACC_TYPE":"A2","YEAR":112,"DEAD_CNT":0,"INJ_CNT":2,"LOCATION":9},"geometry":{"type":"Point","coordinates":[120.2512754,22.73095908]}},
{"type":"Feature","properties":{"ACC_TYPE":"A2","YEAR":112,"DEAD_CNT":0,"INJ_CNT":1,"LOCATION":2},"geometry":{"type":"Point","coordinates":[120.424,22.65343]}},
{"type":"Feature","properties":{"ACC_TYPE":"A2","YEAR":112,"DEAD_CNT":0,"INJ_CNT":1,"LOCATION":13},"geometry":{"type":"Point","coordinates":[120.33472,22.59729461]}},
{"type":"Feature","properties":{"ACC_TYPE":"A2","YEAR":112,"DEAD_CNT":0,"INJ_CNT":2,"LOCATION":7},"geometry":{"type":"Point","coordinates":[120.3257899,22.7388322]}},
{"type":"Feature","properties":{"ACC_TYPE":"A2","YEAR":112,"DEAD_CNT":0,"INJ_CNT":2,"LOCATION":22},"geometry":{"type":"Point","coordinates":[120.5339563,22.8859704]}},
{"type":"Feature","properties":{"ACC_TYPE":"A2","YEAR":112,"DEAD_CNT":0,"INJ_CNT":1,"LOCATION":1},"geometry":{"type":"Point","coordinates":[120.3026599,22.7878311]}},
{"type":"Feature","properties":{"ACC_TYPE":"A2","YEAR":112,"DEAD_CNT":0,"INJ_CNT":1,"LOCATION":2},"geometry":{"type":"Point","coordinates":[120.2871843,22.6303255]}},
{"type":"Feature","properties":{"ACC_TYPE":"A2","YEAR":112,"DEAD_CNT":0,"INJ_CNT":2,"LOCATION":1},"geometry":{"type":"Point","coordinates":[120.3534333,22.61609106]}},
{"type":"Feature","properties":{"ACC_TYPE":"A2","YEAR":112,"DEAD_CNT":0,"INJ_CNT":1,"LOCATION":2},"geometry":{"type":"Point","coordinates":[120.3255,22.62754]}},
{"type":"Feature","properties":{"ACC_TYPE":"A2","YEAR":112,"DEAD_CNT":0,"INJ_CNT":1,"LOCATION":9},"geometry":{"type":"Point","coordinates":[120.302808,22.625354]}},
{"type":"Feature","properties":{"ACC_TYPE":"A2","YEAR":112,"DEAD_CNT":0,"INJ_CNT":1,"LOCATION":2},"geometry":{"type":"Point","coordinates":[120.2776612,22.63486828]}},
{"type":"Feature","properties":{"ACC_TYPE":"A2","YEAR":112,"DEAD_CNT":0,"INJ_CNT":2,"LOCATION":2},"geometry":{"type":"Point","coordinates":[120.2976945,22.7234839]}},
{"type":"Feature","properties":{"ACC_TYPE":"A2","YEAR":112,"DEAD_CNT":0,"INJ_CNT":2,"LOCATION":1},"geometry":{"type":"Point","coordinates":[120.3202613,22.6440037]}},
{"type":"Feature","properties":{"ACC_TYPE":"A2","YEAR":112,"DEAD_CNT":0,"INJ_CNT":2,"LOCATION":1},"geometry":{"type":"Point","coordinates":[120.3470706,22.5974452]}},
{"type":"Feature","properties":{"ACC_TYPE":"A2","YEAR":112,"DEAD_CNT":0,"INJ_CNT":2,"LOCATION":7},"geometry":{"type":"Point","coordinates":[120.3467,22.7319]}},
{"type":"Feature","properties":{"ACC_TYPE":"A2","YEAR":112,"DEAD_CNT":0,"INJ_CNT":1,"LOCATION":9},"geometry":{"type":"Point","coordinates":[120.287991,22.837684]}},
{"type":"Feature","properties":{"ACC_TYPE":"A2","YEAR":112,"DEAD_CNT":0,"INJ_CNT":1,"LOCATION":1},"geometry":{"type":"Point","coordinates":[120.284162,22.6208849]}},
{"type":"Feature","properties":{"ACC_TYPE":"A2","YEAR":112,"DEAD_CNT":0,"INJ_CNT":1,"LOCATION":1},"geometry":{"type":"Point","coordinates":[120.2878274,22.6728617]}},
{"type":"Feature","properties":{"ACC_TYPE":"A2","YEAR":112,"DEAD_CNT":0,"INJ_CNT":2,"LOCATION":1},"geometry":{"type":"Point","coordinates":[120.3491282,22.62771148]}},
{"type":"Feature","properties":{"ACC_TYPE":"A2","YEAR":112,"DEAD_CNT":0,"INJ_CNT":1,"LOCATION":1},"geometry":{"type":"Point","coordinates":[120.2911,22.70178]}},
{"type":"Feature","properties":{"ACC_TYPE":"A2","YEAR":112,"DEAD_CNT":0,"INJ_CNT":1,"LOCATION":1},"geometry":{"type":"Point","coordinates":[120.3387296,22.59569178]}},
{"type":"Feature","properties":{"ACC_TYPE":"A2","YEAR":112,"DEAD_CNT":0,"INJ_CNT":1,"LOCATION":1},"geometry":{"type":"Point","coordinates":[120.3744402,22.57352321]}},
{"type":"Feature","properties":{"ACC_TYPE":"A2","YEAR":112,"DEAD_CNT":0,"INJ_CNT":1,"LOCATION":1},"geometry":{"type":"Point","coordinates":[120.2968012,22.6164724]}},
{"type":"Feature","properties":{"ACC_TYPE":"A2","YEAR":112,"DEAD_CNT":0,"INJ_CNT":1,"LOCATION":1},"geometry":{"type":"Point","coordinates":[120.3502922,22.6149811]}},
{"type":"Feature","properties":{"ACC_TYPE":"A2","YEAR":112,"DEAD_CNT":0,"INJ_CNT":1,"LOCATION":2},"geometry":{"type":"Point","coordinates":[120.3922737,22.6359913]}},
{"type":"Feature","properties":{"ACC_TYPE":"A2","YEAR":112,"DEAD_CNT":0,"INJ_CNT":1,"LOCATION":9},"geometry":{"type":"Point","coordinates":[120.1872107,22.8998355]}},
{"type":"Feature","properties":{"ACC_TYPE":"A2","YEAR":112,"DEAD_CNT":0,"INJ_CNT":2,"LOCATION":8},"geometry":{"type":"Point","coordinates":[120.2989,22.77918]}},
{"type":"Feature","properties":{"ACC_TYPE":"A2","YEAR":112,"DEAD_CNT":0,"INJ_CNT":1,"LOCATION":8},"geometry":{"type":"Point","coordinates":[120.3318404,22.620814]}},
{"type":"Feature","properties":{"ACC_TYPE":"A2","YEAR":112,"DEAD_CNT":0,"INJ_CNT":1,"LOCATION":8},"geometry":{"type":"Point","coordinates":[120.418247,22.599515]}},
{"type":"Feature","properties":{"ACC_TYPE":"A2","YEAR":112,"DEAD_CNT":0,"INJ_CNT":1,"LOCATION":7},"geometry":{"type":"Point","coordinates":[120.2997,22.69422]}},
{"type":"Feature","properties":{"ACC_TYPE":"A2","YEAR":112,"DEAD_CNT":0,"INJ_CNT":3,"LOCATION":2},"geometry":{"type":"Point","coordinates":[120.3019842,22.61316671]}},
{"type":"Feature","properties":{"ACC_TYPE":"A2","YEAR":112,"DEAD_CNT":0,"INJ_CNT":1,"LOCATION":1},"geometry":{"type":"Point","coordinates":[120.3266749,22.5921849]}},
{"type":"Feature","properties":{"ACC_TYPE":"A2","YEAR":112,"DEAD_CNT":0,"INJ_CNT":1,"LOCATION":18},"geometry":{"type":"Point","coordinates":[120.2887255,22.6830828]}},
{"type":"Feature","properties":{"ACC_TYPE":"A2","YEAR":112,"DEAD_CNT":0,"INJ_CNT":2,"LOCATION":9},"geometry":{"type":"Point","coordinates":[120.316296,22.649353]}},
{"type":"Feature","properties":{"ACC_TYPE":"A2","YEAR":112,"DEAD_CNT":0,"INJ_CNT":3,"LOCATION":8},"geometry":{"type":"Point","coordinates":[120.3202499,22.63342575]}},
{"type":"Feature","properties":{"ACC_TYPE":"A2","YEAR":112,"DEAD_CNT":0,"INJ_CNT":3,"LOCATION":8},"geometry":{"type":"Point","coordinates":[120.2365,22.89809]}},
{"type":"Feature","properties":{"ACC_TYPE":"A2","YEAR":112,"DEAD_CNT":0,"INJ_CNT":1,"LOCATION":1},"geometry":{"type":"Point","coordinates":[120.297979,22.629984]}},
{"type":"Feature","properties":{"ACC_TYPE":"A2","YEAR":112,"DEAD_CNT":0,"INJ_CNT":1,"LOCATION":1},"geometry":{"type":"Point","coordinates":[120.3571169,22.5668553]}},
{"type":"Feature","properties":{"ACC_TYPE":"A2","YEAR":112,"DEAD_CNT":0,"INJ_CNT":1,"LOCATION":9},"geometry":{"type":"Point","coordinates":[120.3621,22.5919]}},
{"type":"Feature","properties":{"ACC_TYPE":"A2","YEAR":112,"DEAD_CNT":0,"INJ_CNT":1,"LOCATION":2},"geometry":{"type":"Point","coordinates":[120.3082989,22.6325682]}},
{"type":"Feature","properties":{"ACC_TYPE":"A2","YEAR":112,"DEAD_CNT":0,"INJ_CNT":1,"LOCATION":2},"geometry":{"type":"Point","coordinates":[120.3644,22.56861]}},
{"type":"Feature","properties":{"ACC_TYPE":"A2","YEAR":112,"DEAD_CNT":0,"INJ_CNT":1,"LOCATION":1},"geometry":{"type":"Point","coordinates":[120.35399,22.70309]}},
{"type":"Feature","properties":{"ACC_TYPE":"A2","YEAR":112,"DEAD_CNT":0,"INJ_CNT":2,"LOCATION":2},"geometry":{"type":"Point","coordinates":[120.296349,22.669596]}},
{"type":"Feature","properties":{"ACC_TYPE":"A2","YEAR":112,"DEAD_CNT":0,"INJ_CNT":1,"LOCATION":1},"geometry":{"type":"Point","coordinates":[120.3118188,22.7547082]}},
{"type":"Feature","properties":{"ACC_TYPE":"A2","YEAR":112,"DEAD_CNT":0,"INJ_CNT":2,"LOCATION":13},"geometry":{"type":"Point","coordinates":[120.4856,22.88441]}},
{"type":"Feature","properties":{"ACC_TYPE":"A2","YEAR":112,"DEAD_CNT":0,"INJ_CNT":2,"LOCATION":8},"geometry":{"type":"Point","coordinates":[120.2927585,22.6473789]}},
{"type":"Feature","properties":{"ACC_TYPE":"A2","YEAR":112,"DEAD_CNT":0,"INJ_CNT":2,"LOCATION":9},"geometry":{"type":"Point","coordinates":[120.3568,22.62126]}},
{"type":"Feature","properties":{"ACC_TYPE":"A2","YEAR":112,"DEAD_CNT":0,"INJ_CNT":1,"LOCATION":2},"geometry":{"type":"Point","coordinates":[120.288087,22.708116]}},
{"type":"Feature","properties":{"ACC_TYPE":"A2","YEAR":112,"DEAD_CNT":0,"INJ_CNT":1,"LOCATION":1},"geometry":{"type":"Point","coordinates":[120.3627251,22.5865347]}},
{"type":"Feature","properties":{"ACC_TYPE":"A2","YEAR":112,"DEAD_CNT":0,"INJ_CNT":2,"LOCATION":8},"geometry":{"type":"Point","coordinates":[120.2824,22.63257]}},
{"type":"Feature","properties":{"ACC_TYPE":"A2","YEAR":112,"DEAD_CNT":0,"INJ_CNT":1,"LOCATION":3},"geometry":{"type":"Point","coordinates":[120.2883745,22.6329731]}},
{"type":"Feature","properties":{"ACC_TYPE":"A2","YEAR":112,"DEAD_CNT":0,"INJ_CNT":2,"LOCATION":9},"geometry":{"type":"Point","coordinates":[120.311382,22.609992]}},
{"type":"Feature","properties":{"ACC_TYPE":"A2","YEAR":112,"DEAD_CNT":0,"INJ_CNT":2,"LOCATION":9},"geometry":{"type":"Point","coordinates":[120.3879856,22.6169207]}},
{"type":"Feature","properties":{"ACC_TYPE":"A2","YEAR":112,"DEAD_CNT":0,"INJ_CNT":1,"LOCATION":9},"geometry":{"type":"Point","coordinates":[120.3457116,22.7010067]}},
{"type":"Feature","properties":{"ACC_TYPE":"A2","YEAR":112,"DEAD_CNT":0,"INJ_CNT":1,"LOCATION":1},"geometry":{"type":"Point","coordinates":[120.2952647,22.6308162]}},
{"type":"Feature","properties":{"ACC_TYPE":"A2","YEAR":112,"DEAD_CNT":0,"INJ_CNT":1,"LOCATION":18},"geometry":{"type":"Point","coordinates":[120.3214134,22.6229807]}},
{"type":"Feature","properties":{"ACC_TYPE":"A2","YEAR":112,"DEAD_CNT":0,"INJ_CNT":2,"LOCATION":9},"geometry":{"type":"Point","coordinates":[120.3228251,22.61227021]}},
{"type":"Feature","properties":{"ACC_TYPE":"A2","YEAR":112,"DEAD_CNT":0,"INJ_CNT":2,"LOCATION":2},"geometry":{"type":"Point","coordinates":[120.3581,22.64128]}},
{"type":"Feature","properties":{"ACC_TYPE":"A2","YEAR":112,"DEAD_CNT":0,"INJ_CNT":2,"LOCATION":8},"geometry":{"type":"Point","coordinates":[120.3301501,22.6513279]}},
{"type":"Feature","properties":{"ACC_TYPE":"A2","YEAR":112,"DEAD_CNT":0,"INJ_CNT":2,"LOCATION":8},"geometry":{"type":"Point","coordinates":[120.3224131,22.6112355]}},
{"type":"Feature","properties":{"ACC_TYPE":"A2","YEAR":112,"DEAD_CNT":0,"INJ_CNT":1,"LOCATION":2},"geometry":{"type":"Point","coordinates":[120.308721,22.642733]}},
{"type":"Feature","properties":{"ACC_TYPE":"A2","YEAR":112,"DEAD_CNT":0,"INJ_CNT":1,"LOCATION":2},"geometry":{"type":"Point","coordinates":[120.3500471,22.63392457]}},
{"type":"Feature","properties":{"ACC_TYPE":"A2","YEAR":112,"DEAD_CNT":0,"INJ_CNT":2,"LOCATION":9},"geometry":{"type":"Point","coordinates":[120.3175417,22.6106385]}},
{"type":"Feature","properties":{"ACC_TYPE":"A2","YEAR":112,"DEAD_CNT":0,"INJ_CNT":2,"LOCATION":1},"geometry":{"type":"Point","coordinates":[120.3571122,22.6242024]}},
{"type":"Feature","properties":{"ACC_TYPE":"A2","YEAR":112,"DEAD_CNT":0,"INJ_CNT":2,"LOCATION":2},"geometry":{"type":"Point","coordinates":[120.302775,22.634579]}},
{"type":"Feature","properties":{"ACC_TYPE":"A2","YEAR":112,"DEAD_CNT":0,"INJ_CNT":2,"LOCATION":1},"geometry":{"type":"Point","coordinates":[120.364,22.76561]}},
{"type":"Feature","properties":{"ACC_TYPE":"A2","YEAR":112,"DEAD_CNT":0,"INJ_CNT":1,"LOCATION":9},"geometry":{"type":"Point","coordinates":[120.3558536,22.6480441]}},
{"type":"Feature","properties":{"ACC_TYPE":"A2","YEAR":112,"DEAD_CNT":0,"INJ_CNT":2,"LOCATION":1},"geometry":{"type":"Point","coordinates":[120.3240657,22.6497488]}},
{"type":"Feature","properties":{"ACC_TYPE":"A2","YEAR":112,"DEAD_CNT":0,"INJ_CNT":1,"LOCATION":1},"geometry":{"type":"Point","coordinates":[120.3137226,22.5870745]}},
{"type":"Feature","properties":{"ACC_TYPE":"A2","YEAR":112,"DEAD_CNT":0,"INJ_CNT":2,"LOCATION":9},"geometry":{"type":"Point","coordinates":[120.293332,22.62716]}},
{"type":"Feature","properties":{"ACC_TYPE":"A2","YEAR":112,"DEAD_CNT":0,"INJ_CNT":1,"LOCATION":9},"geometry":{"type":"Point","coordinates":[120.3627,22.78992]}},
{"type":"Feature","properties":{"ACC_TYPE":"A2","YEAR":112,"DEAD_CNT":0,"INJ_CNT":1,"LOCATION":7},"geometry":{"type":"Point","coordinates":[120.2777909,22.7300968]}},
{"type":"Feature","properties":{"ACC_TYPE":"A2","YEAR":112,"DEAD_CNT":0,"INJ_CNT":2,"LOCATION":2},"geometry":{"type":"Point","coordinates":[120.3293719,22.6497288]}},
{"type":"Feature","properties":{"ACC_TYPE":"A2","YEAR":112,"DEAD_CNT":0,"INJ_CNT":1,"LOCATION":13},"geometry":{"type":"Point","coordinates":[120.285927,22.63403]}},
{"type":"Feature","properties":{"ACC_TYPE":"A2","YEAR":112,"DEAD_CNT":0,"INJ_CNT":3,"LOCATION":8},"geometry":{"type":"Point","coordinates":[120.3016774,22.77477327]}},
{"type":"Feature","properties":{"ACC_TYPE":"A2","YEAR":112,"DEAD_CNT":0,"INJ_CNT":1,"LOCATION":1},"geometry":{"type":"Point","coordinates":[120.3287051,22.6590434]}},
{"type":"Feature","properties":{"ACC_TYPE":"A2","YEAR":112,"DEAD_CNT":0,"INJ_CNT":1,"LOCATION":13},"geometry":{"type":"Point","coordinates":[120.3491,22.7322]}},
{"type":"Feature","properties":{"ACC_TYPE":"A2","YEAR":112,"DEAD_CNT":0,"INJ_CNT":2,"LOCATION":1},"geometry":{"type":"Point","coordinates":[120.30864,22.63776]}},
{"type":"Feature","properties":{"ACC_TYPE":"A2","YEAR":112,"DEAD_CNT":0,"INJ_CNT":1,"LOCATION":1},"geometry":{"type":"Point","coordinates":[120.4857,22.88495]}},
{"type":"Feature","properties":{"ACC_TYPE":"A2","YEAR":112,"DEAD_CNT":0,"INJ_CNT":1,"LOCATION":1},"geometry":{"type":"Point","coordinates":[120.3061,22.67531]}},
{"type":"Feature","properties":{"ACC_TYPE":"A2","YEAR":112,"DEAD_CNT":0,"INJ_CNT":1,"LOCATION":9},"geometry":{"type":"Point","coordinates":[120.4319976,22.68688276]}},
{"type":"Feature","properties":{"ACC_TYPE":"A2","YEAR":112,"DEAD_CNT":0,"INJ_CNT":1,"LOCATION":1},"geometry":{"type":"Point","coordinates":[120.2953743,22.6252014]}},
{"type":"Feature","properties":{"ACC_TYPE":"A2","YEAR":112,"DEAD_CNT":0,"INJ_CNT":2,"LOCATION":2},"geometry":{"type":"Point","coordinates":[120.2944075,22.6843876]}},
{"type":"Feature","properties":{"ACC_TYPE":"A2","YEAR":112,"DEAD_CNT":0,"INJ_CNT":2,"LOCATION":1},"geometry":{"type":"Point","coordinates":[120.3011713,22.6052139]}},
{"type":"Feature","properties":{"ACC_TYPE":"A2","YEAR":112,"DEAD_CNT":0,"INJ_CNT":1,"LOCATION":1},"geometry":{"type":"Point","coordinates":[120.2783,22.66264]}},
{"type":"Feature","properties":{"ACC_TYPE":"A2","YEAR":112,"DEAD_CNT":0,"INJ_CNT":2,"LOCATION":1},"geometry":{"type":"Point","coordinates":[120.3263435,22.602235]}},
{"type":"Feature","properties":{"ACC_TYPE":"A2","YEAR":112,"DEAD_CNT":0,"INJ_CNT":2,"LOCATION":1},"geometry":{"type":"Point","coordinates":[120.3293444,22.7262606]}},
{"type":"Feature","properties":{"ACC_TYPE":"A2","YEAR":112,"DEAD_CNT":0,"INJ_CNT":2,"LOCATION":1},"geometry":{"type":"Point","coordinates":[120.298886,22.631228]}},
{"type":"Feature","properties":{"ACC_TYPE":"A2","YEAR":112,"DEAD_CNT":0,"INJ_CNT":1,"LOCATION":2},"geometry":{"type":"Point","coordinates":[120.2741,22.62]}},
{"type":"Feature","properties":{"ACC_TYPE":"A2","YEAR":112,"DEAD_CNT":0,"INJ_CNT":2,"LOCATION":1},"geometry":{"type":"Point","coordinates":[120.3223,22.5791]}},
{"type":"Feature","properties":{"ACC_TYPE":"A2","YEAR":112,"DEAD_CNT":0,"INJ_CNT":1,"LOCATION":2},"geometry":{"type":"Point","coordinates":[120.3211357,22.6672162]}},
{"type":"Feature","properties":{"ACC_TYPE":"A2","YEAR":112,"DEAD_CNT":0,"INJ_CNT":2,"LOCATION":2},"geometry":{"type":"Point","coordinates":[120.348391,22.6154791]}},
{"type":"Feature","properties":{"ACC_TYPE":"A2","YEAR":112,"DEAD_CNT":0,"INJ_CNT":1,"LOCATION":1},"geometry":{"type":"Point","coordinates":[120.323928,22.62399938]}},
{"type":"Feature","properties":{"ACC_TYPE":"A2","YEAR":112,"DEAD_CNT":0,"INJ_CNT":2,"LOCATION":9},"geometry":{"type":"Point","coordinates":[120.3468636,22.73199003]}},
{"type":"Feature","properties":{"ACC_TYPE":"A2","YEAR":112,"DEAD_CNT":0,"INJ_CNT":2,"LOCATION":9},"geometry":{"type":"Point","coordinates":[120.3027,22.7001]}},
{"type":"Feature","properties":{"ACC_TYPE":"A2","YEAR":112,"DEAD_CNT":0,"INJ_CNT":1,"LOCATION":1},"geometry":{"type":"Point","coordinates":[120.3994724,22.6003533]}},
{"type":"Feature","properties":{"ACC_TYPE":"A2","YEAR":112,"DEAD_CNT":0,"INJ_CNT":1,"LOCATION":8},"geometry":{"type":"Point","coordinates":[120.3593666,22.6289577]}},
{"type":"Feature","properties":{"ACC_TYPE":"A2","YEAR":112,"DEAD_CNT":0,"INJ_CNT":1,"LOCATION":7},"geometry":{"type":"Point","coordinates":[120.3196509,22.6339053]}},
{"type":"Feature","properties":{"ACC_TYPE":"A2","YEAR":112,"DEAD_CNT":0,"INJ_CNT":3,"LOCATION":2},"geometry":{"type":"Point","coordinates":[120.326241,22.6085982]}},
{"type":"Feature","properties":{"ACC_TYPE":"A2","YEAR":112,"DEAD_CNT":0,"INJ_CNT":1,"LOCATION":1},"geometry":{"type":"Point","coordinates":[120.68,22.62716]}},
{"type":"Feature","properties":{"ACC_TYPE":"A2","YEAR":112,"DEAD_CNT":0,"INJ_CNT":1,"LOCATION":7},"geometry":{"type":"Point","coordinates":[120.3089632,22.6355256]}},
{"type":"Feature","properties":{"ACC_TYPE":"A2","YEAR":112,"DEAD_CNT":0,"INJ_CNT":1,"LOCATION":9},"geometry":{"type":"Point","coordinates":[120.3702463,22.7947176]}},
{"type":"Feature","properties":{"ACC_TYPE":"A2","YEAR":112,"DEAD_CNT":0,"INJ_CNT":1,"LOCATION":1},"geometry":{"type":"Point","coordinates":[120.3042547,22.6216033]}},
{"type":"Feature","properties":{"ACC_TYPE":"A2","YEAR":112,"DEAD_CNT":0,"INJ_CNT":3,"LOCATION":9},"geometry":{"type":"Point","coordinates":[120.2868927,22.6390568]}},
{"type":"Feature","properties":{"ACC_TYPE":"A2","YEAR":112,"DEAD_CNT":0,"INJ_CNT":1,"LOCATION":2},"geometry":{"type":"Point","coordinates":[120.3050151,22.5715529]}},
{"type":"Feature","properties":{"ACC_TYPE":"A2","YEAR":112,"DEAD_CNT":0,"INJ_CNT":2,"LOCATION":7},"geometry":{"type":"Point","coordinates":[120.3173531,22.6182133]}},
{"type":"Feature","properties":{"ACC_TYPE":"A2","YEAR":112,"DEAD_CNT":0,"INJ_CNT":2,"LOCATION":9},"geometry":{"type":"Point","coordinates":[120.3047794,22.6028004]}},
{"type":"Feature","properties":{"ACC_TYPE":"A2","YEAR":112,"DEAD_CNT":0,"INJ_CNT":2,"LOCATION":18},"geometry":{"type":"Point","coordinates":[120.3144506,22.6085802]}},
{"type":"Feature","properties":{"ACC_TYPE":"A2","YEAR":112,"DEAD_CNT":0,"INJ_CNT":1,"LOCATION":2},"geometry":{"type":"Point","coordinates":[120.2999776,22.78465604]}},
{"type":"Feature","properties":{"ACC_TYPE":"A2","YEAR":112,"DEAD_CNT":0,"INJ_CNT":2,"LOCATION":9},"geometry":{"type":"Point","coordinates":[120.300289,22.6125219]}},
{"type":"Feature","properties":{"ACC_TYPE":"A2","YEAR":112,"DEAD_CNT":0,"INJ_CNT":2,"LOCATION":1},"geometry":{"type":"Point","coordinates":[120.308414,22.6628557]}},
{"type":"Feature","properties":{"ACC_TYPE":"A2","YEAR":112,"DEAD_CNT":0,"INJ_CNT":2,"LOCATION":1},"geometry":{"type":"Point","coordinates":[120.3517675,22.68118639]}},
{"type":"Feature","properties":{"ACC_TYPE":"A2","YEAR":112,"DEAD_CNT":0,"INJ_CNT":2,"LOCATION":9},"geometry":{"type":"Point","coordinates":[120.3148,22.58607]}},
{"type":"Feature","properties":{"ACC_TYPE":"A2","YEAR":112,"DEAD_CNT":0,"INJ_CNT":1,"LOCATION":1},"geometry":{"type":"Point","coordinates":[120.3065563,22.6473557]}},
{"type":"Feature","properties":{"ACC_TYPE":"A2","YEAR":112,"DEAD_CNT":0,"INJ_CNT":1,"LOCATION":2},"geometry":{"type":"Point","coordinates":[120.2822,22.66267]}},
{"type":"Feature","properties":{"ACC_TYPE":"A2","YEAR":112,"DEAD_CNT":0,"INJ_CNT":2,"LOCATION":7},"geometry":{"type":"Point","coordinates":[120.2939654,22.63721652]}},
{"type":"Feature","properties":{"ACC_TYPE":"A2","YEAR":112,"DEAD_CNT":0,"INJ_CNT":1,"LOCATION":2},"geometry":{"type":"Point","coordinates":[120.2973051,22.635382]}},
{"type":"Feature","properties":{"ACC_TYPE":"A2","YEAR":112,"DEAD_CNT":0,"INJ_CNT":1,"LOCATION":2},"geometry":{"type":"Point","coordinates":[120.3240328,22.589952]}},
{"type":"Feature","properties":{"ACC_TYPE":"A2","YEAR":112,"DEAD_CNT":0,"INJ_CNT":1,"LOCATION":1},"geometry":{"type":"Point","coordinates":[120.3117705,22.61635]}},
{"type":"Feature","properties":{"ACC_TYPE":"A2","YEAR":112,"DEAD_CNT":0,"INJ_CNT":1,"LOCATION":1},"geometry":{"type":"Point","coordinates":[120.3244,22.60482]}},
{"type":"Feature","properties":{"ACC_TYPE":"A2","YEAR":112,"DEAD_CNT":0,"INJ_CNT":2,"LOCATION":9},"geometry":{"type":"Point","coordinates":[120.3088574,22.6473594]}},
{"type":"Feature","properties":{"ACC_TYPE":"A2","YEAR":112,"DEAD_CNT":0,"INJ_CNT":1,"LOCATION":9},"geometry":{"type":"Point","coordinates":[120.279254,22.659458]}},
{"type":"Feature","properties":{"ACC_TYPE":"A2","YEAR":112,"DEAD_CNT":0,"INJ_CNT":1,"LOCATION":7},"geometry":{"type":"Point","coordinates":[120.3422678,22.6260252]}},
{"type":"Feature","properties":{"ACC_TYPE":"A2","YEAR":112,"DEAD_CNT":0,"INJ_CNT":1,"LOCATION":9},"geometry":{"type":"Point","coordinates":[120.4002,22.6916]}},
{"type":"Feature","properties":{"ACC_TYPE":"A2","YEAR":112,"DEAD_CNT":0,"INJ_CNT":2,"LOCATION":9},"geometry":{"type":"Point","coordinates":[120.3873908,22.6582256]}},
{"type":"Feature","properties":{"ACC_TYPE":"A2","YEAR":112,"DEAD_CNT":0,"INJ_CNT":2,"LOCATION":9},"geometry":{"type":"Point","coordinates":[120.4837309,22.8802175]}},
{"type":"Feature","properties":{"ACC_TYPE":"A2","YEAR":112,"DEAD_CNT":0,"INJ_CNT":2,"LOCATION":7},"geometry":{"type":"Point","coordinates":[120.2854988,22.6380419]}},
{"type":"Feature","properties":{"ACC_TYPE":"A2","YEAR":112,"DEAD_CNT":0,"INJ_CNT":1,"LOCATION":9},"geometry":{"type":"Point","coordinates":[120.3268579,22.6371609]}},
{"type":"Feature","properties":{"ACC_TYPE":"A2","YEAR":112,"DEAD_CNT":0,"INJ_CNT":2,"LOCATION":18},"geometry":{"type":"Point","coordinates":[120.3219964,22.6629585]}},
{"type":"Feature","properties":{"ACC_TYPE":"A2","YEAR":112,"DEAD_CNT":0,"INJ_CNT":2,"LOCATION":9},"geometry":{"type":"Point","coordinates":[120.301984,22.64451]}},
{"type":"Feature","properties":{"ACC_TYPE":"A2","YEAR":112,"DEAD_CNT":0,"INJ_CNT":3,"LOCATION":1},"geometry":{"type":"Point","coordinates":[120.262976,22.864054]}},
{"type":"Feature","properties":{"ACC_TYPE":"A2","YEAR":112,"DEAD_CNT":0,"INJ_CNT":1,"LOCATION":9},"geometry":{"type":"Point","coordinates":[120.3937258,22.65778619]}},
{"type":"Feature","properties":{"ACC_TYPE":"A2","YEAR":112,"DEAD_CNT":0,"INJ_CNT":2,"LOCATION":2},"geometry":{"type":"Point","coordinates":[120.3308413,22.5954079]}},
{"type":"Feature","properties":{"ACC_TYPE":"A2","YEAR":112,"DEAD_CNT":0,"INJ_CNT":2,"LOCATION":8},"geometry":{"type":"Point","coordinates":[120.3812476,22.5036493]}},
{"type":"Feature","properties":{"ACC_TYPE":"A2","YEAR":112,"DEAD_CNT":0,"INJ_CNT":2,"LOCATION":9},"geometry":{"type":"Point","coordinates":[120.3255,22.61212]}},
{"type":"Feature","properties":{"ACC_TYPE":"A2","YEAR":112,"DEAD_CNT":0,"INJ_CNT":2,"LOCATION":8},"geometry":{"type":"Point","coordinates":[120.3146847,22.6635942]}},
{"type":"Feature","properties":{"ACC_TYPE":"A2","YEAR":112,"DEAD_CNT":0,"INJ_CNT":1,"LOCATION":9},"geometry":{"type":"Point","coordinates":[120.3406015,22.8295739]}},
{"type":"Feature","properties":{"ACC_TYPE":"A2","YEAR":112,"DEAD_CNT":0,"INJ_CNT":1,"LOCATION":1},"geometry":{"type":"Point","coordinates":[120.3186,22.62007]}},
{"type":"Feature","properties":{"ACC_TYPE":"A2","YEAR":112,"DEAD_CNT":0,"INJ_CNT":3,"LOCATION":9},"geometry":{"type":"Point","coordinates":[120.293,22.79764]}},
{"type":"Feature","properties":{"ACC_TYPE":"A2","YEAR":112,"DEAD_CNT":0,"INJ_CNT":2,"LOCATION":1},"geometry":{"type":"Point","coordinates":[120.2885,22.65893]}},
{"type":"Feature","properties":{"ACC_TYPE":"A2","YEAR":112,"DEAD_CNT":0,"INJ_CNT":1,"LOCATION":1},"geometry":{"type":"Point","coordinates":[120.3242319,22.6240749]}},
{"type":"Feature","properties":{"ACC_TYPE":"A2","YEAR":112,"DEAD_CNT":0,"INJ_CNT":2,"LOCATION":8},"geometry":{"type":"Point","coordinates":[120.3170055,22.59700123]}},
{"type":"Feature","properties":{"ACC_TYPE":"A2","YEAR":112,"DEAD_CNT":0,"INJ_CNT":1,"LOCATION":2},"geometry":{"type":"Point","coordinates":[120.2969,22.65636]}},
{"type":"Feature","properties":{"ACC_TYPE":"A2","YEAR":112,"DEAD_CNT":0,"INJ_CNT":1,"LOCATION":8},"geometry":{"type":"Point","coordinates":[120.312158,22.684662]}},
{"type":"Feature","properties":{"ACC_TYPE":"A2","YEAR":112,"DEAD_CNT":0,"INJ_CNT":2,"LOCATION":9},"geometry":{"type":"Point","coordinates":[120.3157561,22.62116475]}},
{"type":"Feature","properties":{"ACC_TYPE":"A2","YEAR":112,"DEAD_CNT":0,"INJ_CNT":2,"LOCATION":1},"geometry":{"type":"Point","coordinates":[120.3127294,22.6433128]}},
{"type":"Feature","properties":{"ACC_TYPE":"A2","YEAR":112,"DEAD_CNT":0,"INJ_CNT":1,"LOCATION":1},"geometry":{"type":"Point","coordinates":[120.3177763,22.681392]}},
{"type":"Feature","properties":{"ACC_TYPE":"A2","YEAR":112,"DEAD_CNT":0,"INJ_CNT":3,"LOCATION":8},"geometry":{"type":"Point","coordinates":[120.3260965,22.71399418]}},
{"type":"Feature","properties":{"ACC_TYPE":"A2","YEAR":112,"DEAD_CNT":0,"INJ_CNT":1,"LOCATION":9},"geometry":{"type":"Point","coordinates":[120.306034,22.643997]}},
{"type":"Feature","properties":{"ACC_TYPE":"A2","YEAR":112,"DEAD_CNT":0,"INJ_CNT":3,"LOCATION":9},"geometry":{"type":"Point","coordinates":[120.2821904,22.79402706]}},
{"type":"Feature","properties":{"ACC_TYPE":"A2","YEAR":112,"DEAD_CNT":0,"INJ_CNT":2,"LOCATION":7},"geometry":{"type":"Point","coordinates":[120.3565,22.62914]}},
{"type":"Feature","properties":{"ACC_TYPE":"A2","YEAR":112,"DEAD_CNT":0,"INJ_CNT":3,"LOCATION":1},"geometry":{"type":"Point","coordinates":[120.3990868,22.5977453]}},
{"type":"Feature","properties":{"ACC_TYPE":"A2","YEAR":112,"DEAD_CNT":0,"INJ_CNT":1,"LOCATION":1},"geometry":{"type":"Point","coordinates":[120.2929353,22.6314654]}},
{"type":"Feature","properties":{"ACC_TYPE":"A2","YEAR":112,"DEAD_CNT":0,"INJ_CNT":1,"LOCATION":2},"geometry":{"type":"Point","coordinates":[120.2507615,22.7318997]}},
{"type":"Feature","properties":{"ACC_TYPE":"A2","YEAR":112,"DEAD_CNT":0,"INJ_CNT":1,"LOCATION":1},"geometry":{"type":"Point","coordinates":[120.3137,22.68148]}},
{"type":"Feature","properties":{"ACC_TYPE":"A2","YEAR":112,"DEAD_CNT":0,"INJ_CNT":2,"LOCATION":8},"geometry":{"type":"Point","coordinates":[120.3567142,22.7306201]}},
{"type":"Feature","properties":{"ACC_TYPE":"A2","YEAR":112,"DEAD_CNT":0,"INJ_CNT":3,"LOCATION":2},"geometry":{"type":"Point","coordinates":[120.2821,22.65884]}},
{"type":"Feature","properties":{"ACC_TYPE":"A2","YEAR":112,"DEAD_CNT":0,"INJ_CNT":2,"LOCATION":2},"geometry":{"type":"Point","coordinates":[120.318932,22.581535]}},
{"type":"Feature","properties":{"ACC_TYPE":"A2","YEAR":112,"DEAD_CNT":0,"INJ_CNT":2,"LOCATION":1},"geometry":{"type":"Point","coordinates":[120.3586,22.57005]}},
{"type":"Feature","properties":{"ACC_TYPE":"A2","YEAR":112,"DEAD_CNT":0,"INJ_CNT":2,"LOCATION":8},"geometry":{"type":"Point","coordinates":[120.3285,22.60524]}},
{"type":"Feature","properties":{"ACC_TYPE":"A2","YEAR":112,"DEAD_CNT":0,"INJ_CNT":1,"LOCATION":9},"geometry":{"type":"Point","coordinates":[120.3380547,22.6047249]}},
{"type":"Feature","properties":{"ACC_TYPE":"A2","YEAR":112,"DEAD_CNT":0,"INJ_CNT":1,"LOCATION":2},"geometry":{"type":"Point","coordinates":[120.322,22.60649]}},
{"type":"Feature","properties":{"ACC_TYPE":"A2","YEAR":112,"DEAD_CNT":0,"INJ_CNT":1,"LOCATION":12},"geometry":{"type":"Point","coordinates":[120.3278977,22.5665321]}},
{"type":"Feature","properties":{"ACC_TYPE":"A2","YEAR":112,"DEAD_CNT":0,"INJ_CNT":2,"LOCATION":2},"geometry":{"type":"Point","coordinates":[120.3560668,22.6198262]}},
{"type":"Feature","properties":{"ACC_TYPE":"A2","YEAR":112,"DEAD_CNT":0,"INJ_CNT":1,"LOCATION":9},"geometry":{"type":"Point","coordinates":[120.3302244,22.7311093]}},
{"type":"Feature","properties":{"ACC_TYPE":"A2","YEAR":112,"DEAD_CNT":0,"INJ_CNT":2,"LOCATION":9},"geometry":{"type":"Point","coordinates":[120.300661,22.688706]}},
{"type":"Feature","properties":{"ACC_TYPE":"A2","YEAR":112,"DEAD_CNT":0,"INJ_CNT":1,"LOCATION":1},"geometry":{"type":"Point","coordinates":[120.3513836,22.62212]}},
{"type":"Feature","properties":{"ACC_TYPE":"A2","YEAR":112,"DEAD_CNT":0,"INJ_CNT":1,"LOCATION":2},"geometry":{"type":"Point","coordinates":[120.3139646,22.5867134]}},
{"type":"Feature","properties":{"ACC_TYPE":"A2","YEAR":112,"DEAD_CNT":0,"INJ_CNT":2,"LOCATION":9},"geometry":{"type":"Point","coordinates":[120.2674151,22.867341]}},
{"type":"Feature","properties":{"ACC_TYPE":"A2","YEAR":112,"DEAD_CNT":0,"INJ_CNT":1,"LOCATION":9},"geometry":{"type":"Point","coordinates":[120.3317605,22.71469749]}},
{"type":"Feature","properties":{"ACC_TYPE":"A2","YEAR":112,"DEAD_CNT":0,"INJ_CNT":2,"LOCATION":9},"geometry":{"type":"Point","coordinates":[120.3025024,22.7952211]}},
{"type":"Feature","properties":{"ACC_TYPE":"A2","YEAR":112,"DEAD_CNT":0,"INJ_CNT":1,"LOCATION":1},"geometry":{"type":"Point","coordinates":[120.3106318,22.6327526]}},
{"type":"Feature","properties":{"ACC_TYPE":"A2","YEAR":112,"DEAD_CNT":0,"INJ_CNT":2,"LOCATION":9},"geometry":{"type":"Point","coordinates":[120.2963,22.63095]}},
{"type":"Feature","properties":{"ACC_TYPE":"A2","YEAR":112,"DEAD_CNT":0,"INJ_CNT":1,"LOCATION":1},"geometry":{"type":"Point","coordinates":[120.3101,22.72711]}},
{"type":"Feature","properties":{"ACC_TYPE":"A2","YEAR":112,"DEAD_CNT":0,"INJ_CNT":1,"LOCATION":1},"geometry":{"type":"Point","coordinates":[120.3242116,22.6498034]}},
{"type":"Feature","properties":{"ACC_TYPE":"A2","YEAR":112,"DEAD_CNT":0,"INJ_CNT":2,"LOCATION":9},"geometry":{"type":"Point","coordinates":[120.3974825,22.6089396]}},
{"type":"Feature","properties":{"ACC_TYPE":"A2","YEAR":112,"DEAD_CNT":0,"INJ_CNT":1,"LOCATION":2},"geometry":{"type":"Point","coordinates":[120.2554904,22.7300284]}},
{"type":"Feature","properties":{"ACC_TYPE":"A2","YEAR":112,"DEAD_CNT":0,"INJ_CNT":2,"LOCATION":7},"geometry":{"type":"Point","coordinates":[120.2108589,22.90557996]}},
{"type":"Feature","properties":{"ACC_TYPE":"A2","YEAR":112,"DEAD_CNT":0,"INJ_CNT":2,"LOCATION":1},"geometry":{"type":"Point","coordinates":[120.2917825,22.6420201]}},
{"type":"Feature","properties":{"ACC_TYPE":"A2","YEAR":112,"DEAD_CNT":0,"INJ_CNT":1,"LOCATION":1},"geometry":{"type":"Point","coordinates":[120.3084349,22.63413847]}},
{"type":"Feature","properties":{"ACC_TYPE":"A2","YEAR":112,"DEAD_CNT":0,"INJ_CNT":1,"LOCATION":1},"geometry":{"type":"Point","coordinates":[120.288445,22.6626748]}},
{"type":"Feature","properties":{"ACC_TYPE":"A2","YEAR":112,"DEAD_CNT":0,"INJ_CNT":1,"LOCATION":9},"geometry":{"type":"Point","coordinates":[120.360743,22.625839]}},
{"type":"Feature","properties":{"ACC_TYPE":"A2","YEAR":112,"DEAD_CNT":0,"INJ_CNT":2,"LOCATION":9},"geometry":{"type":"Point","coordinates":[120.3326,22.61024]}},
{"type":"Feature","properties":{"ACC_TYPE":"A2","YEAR":112,"DEAD_CNT":0,"INJ_CNT":2,"LOCATION":9},"geometry":{"type":"Point","coordinates":[120.3362108,22.607762]}},
{"type":"Feature","properties":{"ACC_TYPE":"A2","YEAR":112,"DEAD_CNT":0,"INJ_CNT":2,"LOCATION":9},"geometry":{"type":"Point","coordinates":[120.3458,22.591]}},
{"type":"Feature","properties":{"ACC_TYPE":"A2","YEAR":112,"DEAD_CNT":0,"INJ_CNT":2,"LOCATION":9},"geometry":{"type":"Point","coordinates":[120.4209,22.65737]}},
{"type":"Feature","properties":{"ACC_TYPE":"A2","YEAR":112,"DEAD_CNT":0,"INJ_CNT":1,"LOCATION":2},"geometry":{"type":"Point","coordinates":[120.3557671,22.56837004]}},
{"type":"Feature","properties":{"ACC_TYPE":"A2","YEAR":112,"DEAD_CNT":0,"INJ_CNT":2,"LOCATION":2},"geometry":{"type":"Point","coordinates":[120.3554,22.64941]}},
{"type":"Feature","properties":{"ACC_TYPE":"A2","YEAR":112,"DEAD_CNT":0,"INJ_CNT":1,"LOCATION":9},"geometry":{"type":"Point","coordinates":[120.3620727,22.6347435]}},
{"type":"Feature","properties":{"ACC_TYPE":"A2","YEAR":112,"DEAD_CNT":0,"INJ_CNT":1,"LOCATION":8},"geometry":{"type":"Point","coordinates":[120.3113028,22.6017499]}},
{"type":"Feature","properties":{"ACC_TYPE":"A2","YEAR":112,"DEAD_CNT":0,"INJ_CNT":2,"LOCATION":9},"geometry":{"type":"Point","coordinates":[120.3531281,22.72735127]}},
{"type":"Feature","properties":{"ACC_TYPE":"A2","YEAR":112,"DEAD_CNT":0,"INJ_CNT":2,"LOCATION":1},"geometry":{"type":"Point","coordinates":[120.3086412,22.6436026]}},
{"type":"Feature","properties":{"ACC_TYPE":"A2","YEAR":112,"DEAD_CNT":0,"INJ_CNT":1,"LOCATION":9},"geometry":{"type":"Point","coordinates":[120.3134386,22.613495]}},
{"type":"Feature","properties":{"ACC_TYPE":"A2","YEAR":112,"DEAD_CNT":0,"INJ_CNT":1,"LOCATION":20},"geometry":{"type":"Point","coordinates":[120.3063112,22.6015903]}},
{"type":"Feature","properties":{"ACC_TYPE":"A2","YEAR":112,"DEAD_CNT":0,"INJ_CNT":1,"LOCATION":2},"geometry":{"type":"Point","coordinates":[120.3185368,22.6290061]}},
{"type":"Feature","properties":{"ACC_TYPE":"A2","YEAR":112,"DEAD_CNT":0,"INJ_CNT":2,"LOCATION":7},"geometry":{"type":"Point","coordinates":[120.3134665,22.6254291]}},
{"type":"Feature","properties":{"ACC_TYPE":"A2","YEAR":112,"DEAD_CNT":0,"INJ_CNT":1,"LOCATION":9},"geometry":{"type":"Point","coordinates":[120.3062536,22.6024317]}},
{"type":"Feature","properties":{"ACC_TYPE":"A2","YEAR":112,"DEAD_CNT":0,"INJ_CNT":1,"LOCATION":1},"geometry":{"type":"Point","coordinates":[120.323241,22.608561]}},
{"type":"Feature","properties":{"ACC_TYPE":"A2","YEAR":112,"DEAD_CNT":0,"INJ_CNT":2,"LOCATION":2},"geometry":{"type":"Point","coordinates":[120.3534148,22.64865842]}},
{"type":"Feature","properties":{"ACC_TYPE":"A2","YEAR":112,"DEAD_CNT":0,"INJ_CNT":2,"LOCATION":13},"geometry":{"type":"Point","coordinates":[120.4131,22.61757]}},
{"type":"Feature","properties":{"ACC_TYPE":"A2","YEAR":112,"DEAD_CNT":0,"INJ_CNT":1,"LOCATION":9},"geometry":{"type":"Point","coordinates":[120.3213398,22.6609301]}},
{"type":"Feature","properties":{"ACC_TYPE":"A2","YEAR":112,"DEAD_CNT":0,"INJ_CNT":2,"LOCATION":1},"geometry":{"type":"Point","coordinates":[120.3613511,22.7938412]}},
{"type":"Feature","properties":{"ACC_TYPE":"A2","YEAR":112,"DEAD_CNT":0,"INJ_CNT":3,"LOCATION":8},"geometry":{"type":"Point","coordinates":[120.3088,22.59272]}},
{"type":"Feature","properties":{"ACC_TYPE":"A2","YEAR":112,"DEAD_CNT":0,"INJ_CNT":1,"LOCATION":2},"geometry":{"type":"Point","coordinates":[120.3747121,22.62241103]}},
{"type":"Feature","properties":{"ACC_TYPE":"A2","YEAR":112,"DEAD_CNT":0,"INJ_CNT":1,"LOCATION":2},"geometry":{"type":"Point","coordinates":[120.3101087,22.5900751]}},
{"type":"Feature","properties":{"ACC_TYPE":"A2","YEAR":112,"DEAD_CNT":0,"INJ_CNT":1,"LOCATION":9},"geometry":{"type":"Point","coordinates":[120.3137,22.67873]}},
{"type":"Feature","properties":{"ACC_TYPE":"A2","YEAR":112,"DEAD_CNT":0,"INJ_CNT":1,"LOCATION":1},"geometry":{"type":"Point","coordinates":[120.3024242,22.7010026]}},
{"type":"Feature","properties":{"ACC_TYPE":"A2","YEAR":112,"DEAD_CNT":0,"INJ_CNT":1,"LOCATION":1},"geometry":{"type":"Point","coordinates":[120.3358,22.60337]}},
{"type":"Feature","properties":{"ACC_TYPE":"A2","YEAR":112,"DEAD_CNT":0,"INJ_CNT":2,"LOCATION":9},"geometry":{"type":"Point","coordinates":[120.310116,22.635397]}},
{"type":"Feature","properties":{"ACC_TYPE":"A2","YEAR":112,"DEAD_CNT":0,"INJ_CNT":1,"LOCATION":1},"geometry":{"type":"Point","coordinates":[120.2949,22.62696]}},
{"type":"Feature","properties":{"ACC_TYPE":"A2","YEAR":112,"DEAD_CNT":0,"INJ_CNT":1,"LOCATION":1},"geometry":{"type":"Point","coordinates":[120.3318538,22.6193736]}},
{"type":"Feature","properties":{"ACC_TYPE":"A2","YEAR":112,"DEAD_CNT":0,"INJ_CNT":1,"LOCATION":1},"geometry":{"type":"Point","coordinates":[120.3738075,22.6267969]}},
{"type":"Feature","properties":{"ACC_TYPE":"A2","YEAR":112,"DEAD_CNT":0,"INJ_CNT":1,"LOCATION":1},"geometry":{"type":"Point","coordinates":[120.3457551,22.6174749]}},
{"type":"Feature","properties":{"ACC_TYPE":"A2","YEAR":112,"DEAD_CNT":0,"INJ_CNT":1,"LOCATION":2},"geometry":{"type":"Point","coordinates":[120.331,22.62466]}},
{"type":"Feature","properties":{"ACC_TYPE":"A2","YEAR":112,"DEAD_CNT":0,"INJ_CNT":2,"LOCATION":1},"geometry":{"type":"Point","coordinates":[120.2243,22.81845]}},
{"type":"Feature","properties":{"ACC_TYPE":"A2","YEAR":112,"DEAD_CNT":0,"INJ_CNT":1,"LOCATION":1},"geometry":{"type":"Point","coordinates":[120.310636,22.62639501]}},
{"type":"Feature","properties":{"ACC_TYPE":"A2","YEAR":112,"DEAD_CNT":0,"INJ_CNT":2,"LOCATION":2},"geometry":{"type":"Point","coordinates":[120.3345,22.60274]}},
{"type":"Feature","properties":{"ACC_TYPE":"A2","YEAR":112,"DEAD_CNT":0,"INJ_CNT":1,"LOCATION":1},"geometry":{"type":"Point","coordinates":[120.2891821,22.6428247]}},
{"type":"Feature","properties":{"ACC_TYPE":"A2","YEAR":112,"DEAD_CNT":0,"INJ_CNT":1,"LOCATION":1},"geometry":{"type":"Point","coordinates":[120.3024,22.62185]}},
{"type":"Feature","properties":{"ACC_TYPE":"A2","YEAR":112,"DEAD_CNT":0,"INJ_CNT":1,"LOCATION":1},"geometry":{"type":"Point","coordinates":[120.3584,22.56547]}},
{"type":"Feature","properties":{"ACC_TYPE":"A2","YEAR":112,"DEAD_CNT":0,"INJ_CNT":3,"LOCATION":1},"geometry":{"type":"Point","coordinates":[120.3424139,22.70603999]}},
{"type":"Feature","properties":{"ACC_TYPE":"A2","YEAR":112,"DEAD_CNT":0,"INJ_CNT":1,"LOCATION":1},"geometry":{"type":"Point","coordinates":[120.336311,22.5599792]}},
{"type":"Feature","properties":{"ACC_TYPE":"A2","YEAR":112,"DEAD_CNT":0,"INJ_CNT":1,"LOCATION":1},"geometry":{"type":"Point","coordinates":[120.3491096,22.61347016]}},
{"type":"Feature","properties":{"ACC_TYPE":"A2","YEAR":112,"DEAD_CNT":0,"INJ_CNT":2,"LOCATION":1},"geometry":{"type":"Point","coordinates":[120.3517654,22.7308208]}},
{"type":"Feature","properties":{"ACC_TYPE":"A2","YEAR":112,"DEAD_CNT":0,"INJ_CNT":1,"LOCATION":9},"geometry":{"type":"Point","coordinates":[120.2957,22.79341]}},
{"type":"Feature","properties":{"ACC_TYPE":"A2","YEAR":112,"DEAD_CNT":0,"INJ_CNT":1,"LOCATION":1},"geometry":{"type":"Point","coordinates":[120.3081007,22.6123743]}},
{"type":"Feature","properties":{"ACC_TYPE":"A2","YEAR":112,"DEAD_CNT":0,"INJ_CNT":2,"LOCATION":9},"geometry":{"type":"Point","coordinates":[120.3682,22.57781]}},
{"type":"Feature","properties":{"ACC_TYPE":"A2","YEAR":112,"DEAD_CNT":0,"INJ_CNT":1,"LOCATION":1},"geometry":{"type":"Point","coordinates":[120.2865601,22.6388723]}},
{"type":"Feature","properties":{"ACC_TYPE":"A2","YEAR":112,"DEAD_CNT":0,"INJ_CNT":2,"LOCATION":1},"geometry":{"type":"Point","coordinates":[120.3001,22.71585]}},
{"type":"Feature","properties":{"ACC_TYPE":"A2","YEAR":112,"DEAD_CNT":0,"INJ_CNT":1,"LOCATION":1},"geometry":{"type":"Point","coordinates":[120.3520711,22.6955962]}},
{"type":"Feature","properties":{"ACC_TYPE":"A2","YEAR":112,"DEAD_CNT":0,"INJ_CNT":1,"LOCATION":8},"geometry":{"type":"Point","coordinates":[120.3061146,22.636669]}},
{"type":"Feature","properties":{"ACC_TYPE":"A2","YEAR":112,"DEAD_CNT":0,"INJ_CNT":1,"LOCATION":1},"geometry":{"type":"Point","coordinates":[120.3646,22.63992]}},
{"type":"Feature","properties":{"ACC_TYPE":"A2","YEAR":112,"DEAD_CNT":0,"INJ_CNT":1,"LOCATION":1},"geometry":{"type":"Point","coordinates":[120.3596996,22.62590801]}},
{"type":"Feature","properties":{"ACC_TYPE":"A2","YEAR":112,"DEAD_CNT":0,"INJ_CNT":2,"LOCATION":2},"geometry":{"type":"Point","coordinates":[120.2948,22.79286]}},
{"type":"Feature","properties":{"ACC_TYPE":"A2","YEAR":112,"DEAD_CNT":0,"INJ_CNT":2,"LOCATION":9},"geometry":{"type":"Point","coordinates":[120.2883355,22.6438996]}},
{"type":"Feature","properties":{"ACC_TYPE":"A2","YEAR":112,"DEAD_CNT":0,"INJ_CNT":2,"LOCATION":22},"geometry":{"type":"Point","coordinates":[120.2971193,22.7184499]}},
{"type":"Feature","properties":{"ACC_TYPE":"A2","YEAR":112,"DEAD_CNT":0,"INJ_CNT":1,"LOCATION":1},"geometry":{"type":"Point","coordinates":[120.3283833,22.588038]}},
{"type":"Feature","properties":{"ACC_TYPE":"A2","YEAR":112,"DEAD_CNT":0,"INJ_CNT":1,"LOCATION":2},"geometry":{"type":"Point","coordinates":[120.3002274,22.7628811]}},
{"type":"Feature","properties":{"ACC_TYPE":"A2","YEAR":112,"DEAD_CNT":0,"INJ_CNT":2,"LOCATION":8},"geometry":{"type":"Point","coordinates":[120.3495,22.63063]}},
{"type":"Feature","properties":{"ACC_TYPE":"A2","YEAR":112,"DEAD_CNT":0,"INJ_CNT":1,"LOCATION":1},"geometry":{"type":"Point","coordinates":[120.3050483,22.63611537]}},
{"type":"Feature","properties":{"ACC_TYPE":"A2","YEAR":112,"DEAD_CNT":0,"INJ_CNT":2,"LOCATION":1},"geometry":{"type":"Point","coordinates":[120.2945811,22.72335306]}},
{"type":"Feature","properties":{"ACC_TYPE":"A2","YEAR":112,"DEAD_CNT":0,"INJ_CNT":1,"LOCATION":13},"geometry":{"type":"Point","coordinates":[120.2472,22.78569]}},
{"type":"Feature","properties":{"ACC_TYPE":"A2","YEAR":112,"DEAD_CNT":0,"INJ_CNT":1,"LOCATION":9},"geometry":{"type":"Point","coordinates":[120.3338094,22.7304094]}},
{"type":"Feature","properties":{"ACC_TYPE":"A2","YEAR":112,"DEAD_CNT":0,"INJ_CNT":2,"LOCATION":1},"geometry":{"type":"Point","coordinates":[120.2865819,22.7973729]}},
{"type":"Feature","properties":{"ACC_TYPE":"A2","YEAR":112,"DEAD_CNT":0,"INJ_CNT":2,"LOCATION":1},"geometry":{"type":"Point","coordinates":[120.3589477,22.6722597]}},
{"type":"Feature","properties":{"ACC_TYPE":"A2","YEAR":112,"DEAD_CNT":0,"INJ_CNT":1,"LOCATION":9},"geometry":{"type":"Point","coordinates":[120.3059882,22.7904647]}},
{"type":"Feature","properties":{"ACC_TYPE":"A2","YEAR":112,"DEAD_CNT":0,"INJ_CNT":1,"LOCATION":9},"geometry":{"type":"Point","coordinates":[120.3687049,22.64270011]}},
{"type":"Feature","properties":{"ACC_TYPE":"A2","YEAR":112,"DEAD_CNT":0,"INJ_CNT":2,"LOCATION":7},"geometry":{"type":"Point","coordinates":[120.3317786,22.6215616]}},
{"type":"Feature","properties":{"ACC_TYPE":"A2","YEAR":112,"DEAD_CNT":0,"INJ_CNT":1,"LOCATION":1},"geometry":{"type":"Point","coordinates":[120.293913,22.637586]}},
{"type":"Feature","properties":{"ACC_TYPE":"A2","YEAR":112,"DEAD_CNT":0,"INJ_CNT":1,"LOCATION":1},"geometry":{"type":"Point","coordinates":[120.4209,22.64804]}},
{"type":"Feature","properties":{"ACC_TYPE":"A2","YEAR":112,"DEAD_CNT":0,"INJ_CNT":2,"LOCATION":1},"geometry":{"type":"Point","coordinates":[120.3110258,22.7577634]}},
{"type":"Feature","properties":{"ACC_TYPE":"A2","YEAR":112,"DEAD_CNT":0,"INJ_CNT":1,"LOCATION":9},"geometry":{"type":"Point","coordinates":[120.3212,22.57783]}},
{"type":"Feature","properties":{"ACC_TYPE":"A2","YEAR":112,"DEAD_CNT":0,"INJ_CNT":2,"LOCATION":9},"geometry":{"type":"Point","coordinates":[120.4036448,22.6136124]}},
{"type":"Feature","properties":{"ACC_TYPE":"A2","YEAR":112,"DEAD_CNT":0,"INJ_CNT":1,"LOCATION":9},"geometry":{"type":"Point","coordinates":[120.3172095,22.6654722]}},
{"type":"Feature","properties":{"ACC_TYPE":"A2","YEAR":112,"DEAD_CNT":0,"INJ_CNT":1,"LOCATION":2},"geometry":{"type":"Point","coordinates":[120.2973314,22.6151121]}},
{"type":"Feature","properties":{"ACC_TYPE":"A2","YEAR":112,"DEAD_CNT":0,"INJ_CNT":1,"LOCATION":1},"geometry":{"type":"Point","coordinates":[120.342,22.64237]}},
{"type":"Feature","properties":{"ACC_TYPE":"A2","YEAR":112,"DEAD_CNT":0,"INJ_CNT":1,"LOCATION":1},"geometry":{"type":"Point","coordinates":[120.3180915,22.6524125]}},
{"type":"Feature","properties":{"ACC_TYPE":"A2","YEAR":112,"DEAD_CNT":0,"INJ_CNT":1,"LOCATION":18},"geometry":{"type":"Point","coordinates":[120.3106,22.64722]}},
{"type":"Feature","properties":{"ACC_TYPE":"A2","YEAR":112,"DEAD_CNT":0,"INJ_CNT":1,"LOCATION":1},"geometry":{"type":"Point","coordinates":[120.3313,22.73339]}},
{"type":"Feature","properties":{"ACC_TYPE":"A2","YEAR":112,"DEAD_CNT":0,"INJ_CNT":1,"LOCATION":9},"geometry":{"type":"Point","coordinates":[120.293503,22.683761]}},
{"type":"Feature","properties":{"ACC_TYPE":"A2","YEAR":112,"DEAD_CNT":0,"INJ_CNT":2,"LOCATION":1},"geometry":{"type":"Point","coordinates":[120.3491751,22.62544993]}},
{"type":"Feature","properties":{"ACC_TYPE":"A2","YEAR":112,"DEAD_CNT":0,"INJ_CNT":1,"LOCATION":22},"geometry":{"type":"Point","coordinates":[120.3211518,22.6211812]}},
{"type":"Feature","properties":{"ACC_TYPE":"A2","YEAR":112,"DEAD_CNT":0,"INJ_CNT":1,"LOCATION":8},"geometry":{"type":"Point","coordinates":[120.33515,22.65633]}},
{"type":"Feature","properties":{"ACC_TYPE":"A2","YEAR":112,"DEAD_CNT":0,"INJ_CNT":2,"LOCATION":1},"geometry":{"type":"Point","coordinates":[120.2998926,22.6267038]}},
{"type":"Feature","properties":{"ACC_TYPE":"A2","YEAR":112,"DEAD_CNT":0,"INJ_CNT":2,"LOCATION":1},"geometry":{"type":"Point","coordinates":[120.3946,22.65704]}},
{"type":"Feature","properties":{"ACC_TYPE":"A2","YEAR":112,"DEAD_CNT":0,"INJ_CNT":3,"LOCATION":1},"geometry":{"type":"Point","coordinates":[120.3219514,22.6323099]}},
{"type":"Feature","properties":{"ACC_TYPE":"A2","YEAR":112,"DEAD_CNT":0,"INJ_CNT":2,"LOCATION":9},"geometry":{"type":"Point","coordinates":[120.370202,22.577618]}},
{"type":"Feature","properties":{"ACC_TYPE":"A2","YEAR":112,"DEAD_CNT":0,"INJ_CNT":2,"LOCATION":1},"geometry":{"type":"Point","coordinates":[120.3591,22.58486]}},
{"type":"Feature","properties":{"ACC_TYPE":"A2","YEAR":112,"DEAD_CNT":0,"INJ_CNT":2,"LOCATION":8},"geometry":{"type":"Point","coordinates":[120.3647481,22.6390111]}},
{"type":"Feature","properties":{"ACC_TYPE":"A2","YEAR":112,"DEAD_CNT":0,"INJ_CNT":2,"LOCATION":8},"geometry":{"type":"Point","coordinates":[120.41009,22.6368368]}},
{"type":"Feature","properties":{"ACC_TYPE":"A2","YEAR":112,"DEAD_CNT":0,"INJ_CNT":1,"LOCATION":9},"geometry":{"type":"Point","coordinates":[120.3586744,22.794152]}},
{"type":"Feature","properties":{"ACC_TYPE":"A2","YEAR":112,"DEAD_CNT":0,"INJ_CNT":1,"LOCATION":9},"geometry":{"type":"Point","coordinates":[120.3289,22.60346]}},
{"type":"Feature","properties":{"ACC_TYPE":"A2","YEAR":112,"DEAD_CNT":0,"INJ_CNT":2,"LOCATION":7},"geometry":{"type":"Point","coordinates":[120.3504094,22.6996811]}},
{"type":"Feature","properties":{"ACC_TYPE":"A2","YEAR":112,"DEAD_CNT":0,"INJ_CNT":2,"LOCATION":1},"geometry":{"type":"Point","coordinates":[120.3025298,22.6092117]}},
{"type":"Feature","properties":{"ACC_TYPE":"A2","YEAR":112,"DEAD_CNT":0,"INJ_CNT":1,"LOCATION":1},"geometry":{"type":"Point","coordinates":[120.3382,22.60601]}},
{"type":"Feature","properties":{"ACC_TYPE":"A2","YEAR":112,"DEAD_CNT":0,"INJ_CNT":2,"LOCATION":8},"geometry":{"type":"Point","coordinates":[120.3373693,22.62406144]}},
{"type":"Feature","properties":{"ACC_TYPE":"A2","YEAR":112,"DEAD_CNT":0,"INJ_CNT":2,"LOCATION":7},"geometry":{"type":"Point","coordinates":[120.3337,22.59926]}},
{"type":"Feature","properties":{"ACC_TYPE":"A2","YEAR":112,"DEAD_CNT":0,"INJ_CNT":1,"LOCATION":1},"geometry":{"type":"Point","coordinates":[120.3610271,22.5848841]}},
{"type":"Feature","properties":{"ACC_TYPE":"A2","YEAR":112,"DEAD_CNT":0,"INJ_CNT":3,"LOCATION":18},"geometry":{"type":"Point","coordinates":[120.3000681,22.6596506]}},
{"type":"Feature","properties":{"ACC_TYPE":"A2","YEAR":112,"DEAD_CNT":0,"INJ_CNT":1,"LOCATION":13},"geometry":{"type":"Point","coordinates":[120.2856888,22.78594562]}},
{"type":"Feature","properties":{"ACC_TYPE":"A2","YEAR":112,"DEAD_CNT":0,"INJ_CNT":1,"LOCATION":9},"geometry":{"type":"Point","coordinates":[120.5381161,22.902294]}},
{"type":"Feature","properties":{"ACC_TYPE":"A2","YEAR":112,"DEAD_CNT":0,"INJ_CNT":1,"LOCATION":1},"geometry":{"type":"Point","coordinates":[120.330317,22.6313731]}},
{"type":"Feature","properties":{"ACC_TYPE":"A2","YEAR":112,"DEAD_CNT":0,"INJ_CNT":3,"LOCATION":9},"geometry":{"type":"Point","coordinates":[120.3925496,22.60035153]}},
{"type":"Feature","properties":{"ACC_TYPE":"A2","YEAR":112,"DEAD_CNT":0,"INJ_CNT":3,"LOCATION":8},"geometry":{"type":"Point","coordinates":[120.3223804,22.6129523]}},
{"type":"Feature","properties":{"ACC_TYPE":"A2","YEAR":112,"DEAD_CNT":0,"INJ_CNT":2,"LOCATION":9},"geometry":{"type":"Point","coordinates":[120.3036014,22.6043117]}},
{"type":"Feature","properties":{"ACC_TYPE":"A2","YEAR":112,"DEAD_CNT":0,"INJ_CNT":2,"LOCATION":9},"geometry":{"type":"Point","coordinates":[120.3628,22.62808]}},
{"type":"Feature","properties":{"ACC_TYPE":"A2","YEAR":112,"DEAD_CNT":0,"INJ_CNT":1,"LOCATION":8},"geometry":{"type":"Point","coordinates":[120.2949903,22.7225214]}},
{"type":"Feature","properties":{"ACC_TYPE":"A2","YEAR":112,"DEAD_CNT":0,"INJ_CNT":1,"LOCATION":1},"geometry":{"type":"Point","coordinates":[120.3327406,22.612328]}},
{"type":"Feature","properties":{"ACC_TYPE":"A2","YEAR":112,"DEAD_CNT":0,"INJ_CNT":1,"LOCATION":20},"geometry":{"type":"Point","coordinates":[120.3211757,22.6192469]}},
{"type":"Feature","properties":{"ACC_TYPE":"A2","YEAR":112,"DEAD_CNT":0,"INJ_CNT":1,"LOCATION":9},"geometry":{"type":"Point","coordinates":[120.3506,22.56115]}},
{"type":"Feature","properties":{"ACC_TYPE":"A2","YEAR":112,"DEAD_CNT":0,"INJ_CNT":1,"LOCATION":2},"geometry":{"type":"Point","coordinates":[120.2952453,22.6154101]}},
{"type":"Feature","properties":{"ACC_TYPE":"A2","YEAR":112,"DEAD_CNT":0,"INJ_CNT":1,"LOCATION":2},"geometry":{"type":"Point","coordinates":[120.4822,22.8874]}},
{"type":"Feature","properties":{"ACC_TYPE":"A2","YEAR":112,"DEAD_CNT":0,"INJ_CNT":1,"LOCATION":1},"geometry":{"type":"Point","coordinates":[120.3088265,22.6144388]}},
{"type":"Feature","properties":{"ACC_TYPE":"A2","YEAR":112,"DEAD_CNT":0,"INJ_CNT":1,"LOCATION":1},"geometry":{"type":"Point","coordinates":[120.3241888,22.5973906]}},
{"type":"Feature","properties":{"ACC_TYPE":"A2","YEAR":112,"DEAD_CNT":0,"INJ_CNT":2,"LOCATION":8},"geometry":{"type":"Point","coordinates":[120.2969264,22.6906847]}},
{"type":"Feature","properties":{"ACC_TYPE":"A2","YEAR":112,"DEAD_CNT":0,"INJ_CNT":2,"LOCATION":9},"geometry":{"type":"Point","coordinates":[120.3055842,22.6159195]}},
{"type":"Feature","properties":{"ACC_TYPE":"A2","YEAR":112,"DEAD_CNT":0,"INJ_CNT":1,"LOCATION":9},"geometry":{"type":"Point","coordinates":[120.5583,22.85992]}},
{"type":"Feature","properties":{"ACC_TYPE":"A2","YEAR":112,"DEAD_CNT":0,"INJ_CNT":1,"LOCATION":8},"geometry":{"type":"Point","coordinates":[120.3318564,22.605704]}},
{"type":"Feature","properties":{"ACC_TYPE":"A2","YEAR":112,"DEAD_CNT":0,"INJ_CNT":2,"LOCATION":9},"geometry":{"type":"Point","coordinates":[120.1846528,22.89857184]}},
{"type":"Feature","properties":{"ACC_TYPE":"A2","YEAR":112,"DEAD_CNT":0,"INJ_CNT":1,"LOCATION":1},"geometry":{"type":"Point","coordinates":[120.3148387,22.666818]}},
{"type":"Feature","properties":{"ACC_TYPE":"A2","YEAR":112,"DEAD_CNT":0,"INJ_CNT":1,"LOCATION":1},"geometry":{"type":"Point","coordinates":[120.2643,22.75018]}},
{"type":"Feature","properties":{"ACC_TYPE":"A2","YEAR":112,"DEAD_CNT":0,"INJ_CNT":2,"LOCATION":1},"geometry":{"type":"Point","coordinates":[120.4839583,22.8808805]}},
{"type":"Feature","properties":{"ACC_TYPE":"A2","YEAR":112,"DEAD_CNT":0,"INJ_CNT":2,"LOCATION":7},"geometry":{"type":"Point","coordinates":[120.1863,22.89278]}},
{"type":"Feature","properties":{"ACC_TYPE":"A2","YEAR":112,"DEAD_CNT":0,"INJ_CNT":1,"LOCATION":9},"geometry":{"type":"Point","coordinates":[120.3181997,22.6157806]}},
{"type":"Feature","properties":{"ACC_TYPE":"A2","YEAR":112,"DEAD_CNT":0,"INJ_CNT":1,"LOCATION":9},"geometry":{"type":"Point","coordinates":[120.3589,22.67655]}},
{"type":"Feature","properties":{"ACC_TYPE":"A2","YEAR":112,"DEAD_CNT":0,"INJ_CNT":1,"LOCATION":1},"geometry":{"type":"Point","coordinates":[120.3127526,22.605747]}},
{"type":"Feature","properties":{"ACC_TYPE":"A2","YEAR":112,"DEAD_CNT":0,"INJ_CNT":1,"LOCATION":1},"geometry":{"type":"Point","coordinates":[120.3059,22.61386]}},
{"type":"Feature","properties":{"ACC_TYPE":"A2","YEAR":112,"DEAD_CNT":0,"INJ_CNT":2,"LOCATION":8},"geometry":{"type":"Point","coordinates":[120.3114602,22.635223]}},
{"type":"Feature","properties":{"ACC_TYPE":"A2","YEAR":112,"DEAD_CNT":0,"INJ_CNT":1,"LOCATION":8},"geometry":{"type":"Point","coordinates":[120.3194443,22.6888697]}},
{"type":"Feature","properties":{"ACC_TYPE":"A2","YEAR":112,"DEAD_CNT":0,"INJ_CNT":1,"LOCATION":9},"geometry":{"type":"Point","coordinates":[120.317142,22.6200845]}},
{"type":"Feature","properties":{"ACC_TYPE":"A2","YEAR":112,"DEAD_CNT":0,"INJ_CNT":2,"LOCATION":9},"geometry":{"type":"Point","coordinates":[120.3067,22.68373]}},
{"type":"Feature","properties":{"ACC_TYPE":"A2","YEAR":112,"DEAD_CNT":0,"INJ_CNT":2,"LOCATION":1},"geometry":{"type":"Point","coordinates":[120.3086412,22.6436026]}},
{"type":"Feature","properties":{"ACC_TYPE":"A2","YEAR":112,"DEAD_CNT":0,"INJ_CNT":2,"LOCATION":1},"geometry":{"type":"Point","coordinates":[120.3695206,22.5607066]}},
{"type":"Feature","properties":{"ACC_TYPE":"A2","YEAR":112,"DEAD_CNT":0,"INJ_CNT":2,"LOCATION":7},"geometry":{"type":"Point","coordinates":[120.3235579,22.66473619]}},
{"type":"Feature","properties":{"ACC_TYPE":"A2","YEAR":112,"DEAD_CNT":0,"INJ_CNT":1,"LOCATION":8},"geometry":{"type":"Point","coordinates":[120.4172989,22.6101086]}},
{"type":"Feature","properties":{"ACC_TYPE":"A2","YEAR":112,"DEAD_CNT":0,"INJ_CNT":2,"LOCATION":9},"geometry":{"type":"Point","coordinates":[120.3852425,22.5037231]}},
{"type":"Feature","properties":{"ACC_TYPE":"A2","YEAR":112,"DEAD_CNT":0,"INJ_CNT":1,"LOCATION":1},"geometry":{"type":"Point","coordinates":[120.321148,22.6796629]}},
{"type":"Feature","properties":{"ACC_TYPE":"A2","YEAR":112,"DEAD_CNT":0,"INJ_CNT":2,"LOCATION":9},"geometry":{"type":"Point","coordinates":[120.3069942,22.7544146]}},
{"type":"Feature","properties":{"ACC_TYPE":"A2","YEAR":112,"DEAD_CNT":0,"INJ_CNT":1,"LOCATION":1},"geometry":{"type":"Point","coordinates":[120.291955,22.728887]}},
{"type":"Feature","properties":{"ACC_TYPE":"A2","YEAR":112,"DEAD_CNT":0,"INJ_CNT":2,"LOCATION":22},"geometry":{"type":"Point","coordinates":[120.2533242,22.87510783]}},
{"type":"Feature","properties":{"ACC_TYPE":"A2","YEAR":112,"DEAD_CNT":0,"INJ_CNT":1,"LOCATION":9},"geometry":{"type":"Point","coordinates":[120.2926,22.79465]}},
{"type":"Feature","properties":{"ACC_TYPE":"A2","YEAR":112,"DEAD_CNT":0,"INJ_CNT":2,"LOCATION":2},"geometry":{"type":"Point","coordinates":[120.3838861,22.5019732]}},
{"type":"Feature","properties":{"ACC_TYPE":"A2","YEAR":112,"DEAD_CNT":0,"INJ_CNT":1,"LOCATION":1},"geometry":{"type":"Point","coordinates":[120.3597091,22.6258994]}},
{"type":"Feature","properties":{"ACC_TYPE":"A2","YEAR":112,"DEAD_CNT":0,"INJ_CNT":2,"LOCATION":1},"geometry":{"type":"Point","coordinates":[120.3285262,22.87879798]}},
{"type":"Feature","properties":{"ACC_TYPE":"A2","YEAR":112,"DEAD_CNT":0,"INJ_CNT":1,"LOCATION":21},"geometry":{"type":"Point","coordinates":[120.3365,22.60021]}},
{"type":"Feature","properties":{"ACC_TYPE":"A2","YEAR":112,"DEAD_CNT":0,"INJ_CNT":1,"LOCATION":9},"geometry":{"type":"Point","coordinates":[120.341792,22.631811]}},
{"type":"Feature","properties":{"ACC_TYPE":"A2","YEAR":112,"DEAD_CNT":0,"INJ_CNT":2,"LOCATION":1},"geometry":{"type":"Point","coordinates":[120.2065,22.90796]}},
{"type":"Feature","properties":{"ACC_TYPE":"A2","YEAR":112,"DEAD_CNT":0,"INJ_CNT":1,"LOCATION":2},"geometry":{"type":"Point","coordinates":[120.2833586,22.6353165]}},
{"type":"Feature","properties":{"ACC_TYPE":"A2","YEAR":112,"DEAD_CNT":0,"INJ_CNT":2,"LOCATION":8},"geometry":{"type":"Point","coordinates":[120.316185,22.6480685]}},
{"type":"Feature","properties":{"ACC_TYPE":"A2","YEAR":112,"DEAD_CNT":0,"INJ_CNT":1,"LOCATION":1},"geometry":{"type":"Point","coordinates":[120.3604586,22.6110923]}},
{"type":"Feature","properties":{"ACC_TYPE":"A2","YEAR":112,"DEAD_CNT":0,"INJ_CNT":1,"LOCATION":9},"geometry":{"type":"Point","coordinates":[120.3461429,22.7010844]}},
{"type":"Feature","properties":{"ACC_TYPE":"A2","YEAR":112,"DEAD_CNT":0,"INJ_CNT":2,"LOCATION":22},"geometry":{"type":"Point","coordinates":[120.43182,22.77421]}},
{"type":"Feature","properties":{"ACC_TYPE":"A2","YEAR":112,"DEAD_CNT":0,"INJ_CNT":1,"LOCATION":9},"geometry":{"type":"Point","coordinates":[120.257,22.86024]}},
{"type":"Feature","properties":{"ACC_TYPE":"A2","YEAR":112,"DEAD_CNT":0,"INJ_CNT":2,"LOCATION":9},"geometry":{"type":"Point","coordinates":[120.4939,22.88368]}},
{"type":"Feature","properties":{"ACC_TYPE":"A2","YEAR":112,"DEAD_CNT":0,"INJ_CNT":1,"LOCATION":1},"geometry":{"type":"Point","coordinates":[120.2938006,22.63478727]}},
{"type":"Feature","properties":{"ACC_TYPE":"A2","YEAR":112,"DEAD_CNT":0,"INJ_CNT":2,"LOCATION":22},"geometry":{"type":"Point","coordinates":[120.3628385,22.6254535]}},
{"type":"Feature","properties":{"ACC_TYPE":"A2","YEAR":112,"DEAD_CNT":0,"INJ_CNT":2,"LOCATION":9},"geometry":{"type":"Point","coordinates":[120.4080717,22.6372126]}},
{"type":"Feature","properties":{"ACC_TYPE":"A2","YEAR":112,"DEAD_CNT":0,"INJ_CNT":2,"LOCATION":1},"geometry":{"type":"Point","coordinates":[120.2958744,22.6901021]}},
{"type":"Feature","properties":{"ACC_TYPE":"A2","YEAR":112,"DEAD_CNT":0,"INJ_CNT":2,"LOCATION":1},"geometry":{"type":"Point","coordinates":[120.3051673,22.6629663]}},
{"type":"Feature","properties":{"ACC_TYPE":"A2","YEAR":112,"DEAD_CNT":0,"INJ_CNT":3,"LOCATION":9},"geometry":{"type":"Point","coordinates":[120.3949555,22.628285]}},
{"type":"Feature","properties":{"ACC_TYPE":"A2","YEAR":112,"DEAD_CNT":0,"INJ_CNT":1,"LOCATION":1},"geometry":{"type":"Point","coordinates":[120.2795419,22.6640589]}},
{"type":"Feature","properties":{"ACC_TYPE":"A2","YEAR":112,"DEAD_CNT":0,"INJ_CNT":1,"LOCATION":1},"geometry":{"type":"Point","coordinates":[120.291637,22.721194]}},
{"type":"Feature","properties":{"ACC_TYPE":"A2","YEAR":112,"DEAD_CNT":0,"INJ_CNT":2,"LOCATION":1},"geometry":{"type":"Point","coordinates":[120.34417,22.5947]}},
{"type":"Feature","properties":{"ACC_TYPE":"A2","YEAR":112,"DEAD_CNT":0,"INJ_CNT":2,"LOCATION":2},"geometry":{"type":"Point","coordinates":[120.3307507,22.6322732]}},
{"type":"Feature","properties":{"ACC_TYPE":"A2","YEAR":112,"DEAD_CNT":0,"INJ_CNT":1,"LOCATION":22},"geometry":{"type":"Point","coordinates":[120.2762,22.62364]}},
{"type":"Feature","properties":{"ACC_TYPE":"A2","YEAR":112,"DEAD_CNT":0,"INJ_CNT":1,"LOCATION":2},"geometry":{"type":"Point","coordinates":[120.32827,22.5933]}},
{"type":"Feature","properties":{"ACC_TYPE":"A2","YEAR":112,"DEAD_CNT":0,"INJ_CNT":3,"LOCATION":9},"geometry":{"type":"Point","coordinates":[120.370277,22.505723]}},
{"type":"Feature","properties":{"ACC_TYPE":"A2","YEAR":112,"DEAD_CNT":0,"INJ_CNT":1,"LOCATION":1},"geometry":{"type":"Point","coordinates":[120.3180812,22.6128756]}},
{"type":"Feature","properties":{"ACC_TYPE":"A2","YEAR":112,"DEAD_CNT":0,"INJ_CNT":1,"LOCATION":1},"geometry":{"type":"Point","coordinates":[120.3141262,22.5985395]}},
{"type":"Feature","properties":{"ACC_TYPE":"A2","YEAR":112,"DEAD_CNT":0,"INJ_CNT":2,"LOCATION":7},"geometry":{"type":"Point","coordinates":[120.3304879,22.6405577]}},
{"type":"Feature","properties":{"ACC_TYPE":"A2","YEAR":112,"DEAD_CNT":0,"INJ_CNT":3,"LOCATION":1},"geometry":{"type":"Point","coordinates":[120.329,22.72675]}},
{"type":"Feature","properties":{"ACC_TYPE":"A2","YEAR":112,"DEAD_CNT":0,"INJ_CNT":1,"LOCATION":1},"geometry":{"type":"Point","coordinates":[120.4011911,22.584481]}},
{"type":"Feature","properties":{"ACC_TYPE":"A2","YEAR":112,"DEAD_CNT":0,"INJ_CNT":2,"LOCATION":1},"geometry":{"type":"Point","coordinates":[120.334223,22.5943141]}},
{"type":"Feature","properties":{"ACC_TYPE":"A2","YEAR":112,"DEAD_CNT":0,"INJ_CNT":2,"LOCATION":1},"geometry":{"type":"Point","coordinates":[120.3470706,22.5974452]}},
{"type":"Feature","properties":{"ACC_TYPE":"A2","YEAR":112,"DEAD_CNT":0,"INJ_CNT":2,"LOCATION":9},"geometry":{"type":"Point","coordinates":[120.3189031,22.65150589]}},
{"type":"Feature","properties":{"ACC_TYPE":"A2","YEAR":112,"DEAD_CNT":0,"INJ_CNT":2,"LOCATION":9},"geometry":{"type":"Point","coordinates":[120.3407,22.75954]}},
{"type":"Feature","properties":{"ACC_TYPE":"A2","YEAR":112,"DEAD_CNT":0,"INJ_CNT":2,"LOCATION":2},"geometry":{"type":"Point","coordinates":[120.2228,22.8991]}},
{"type":"Feature","properties":{"ACC_TYPE":"A2","YEAR":112,"DEAD_CNT":0,"INJ_CNT":1,"LOCATION":18},"geometry":{"type":"Point","coordinates":[120.3051673,22.6629663]}},
{"type":"Feature","properties":{"ACC_TYPE":"A2","YEAR":112,"DEAD_CNT":0,"INJ_CNT":1,"LOCATION":1},"geometry":{"type":"Point","coordinates":[120.3349,22.59727]}},
{"type":"Feature","properties":{"ACC_TYPE":"A2","YEAR":112,"DEAD_CNT":0,"INJ_CNT":1,"LOCATION":1},"geometry":{"type":"Point","coordinates":[120.297457,22.661107]}},
{"type":"Feature","properties":{"ACC_TYPE":"A2","YEAR":112,"DEAD_CNT":0,"INJ_CNT":1,"LOCATION":18},"geometry":{"type":"Point","coordinates":[120.2933,22.66101]}},
{"type":"Feature","properties":{"ACC_TYPE":"A2","YEAR":112,"DEAD_CNT":0,"INJ_CNT":1,"LOCATION":2},"geometry":{"type":"Point","coordinates":[120.3241,22.64558]}},
{"type":"Feature","properties":{"ACC_TYPE":"A2","YEAR":112,"DEAD_CNT":0,"INJ_CNT":2,"LOCATION":9},"geometry":{"type":"Point","coordinates":[120.354316,22.7921749]}},
{"type":"Feature","properties":{"ACC_TYPE":"A2","YEAR":112,"DEAD_CNT":0,"INJ_CNT":1,"LOCATION":1},"geometry":{"type":"Point","coordinates":[120.3450781,22.6439381]}},
{"type":"Feature","properties":{"ACC_TYPE":"A2","YEAR":112,"DEAD_CNT":0,"INJ_CNT":2,"LOCATION":8},"geometry":{"type":"Point","coordinates":[120.3548,22.68316]}},
{"type":"Feature","properties":{"ACC_TYPE":"A2","YEAR":112,"DEAD_CNT":0,"INJ_CNT":1,"LOCATION":1},"geometry":{"type":"Point","coordinates":[120.3376987,22.6089107]}},
{"type":"Feature","properties":{"ACC_TYPE":"A2","YEAR":112,"DEAD_CNT":0,"INJ_CNT":1,"LOCATION":1},"geometry":{"type":"Point","coordinates":[120.3032747,22.6239429]}},
{"type":"Feature","properties":{"ACC_TYPE":"A2","YEAR":112,"DEAD_CNT":0,"INJ_CNT":1,"LOCATION":1},"geometry":{"type":"Point","coordinates":[120.2953023,22.6417607]}},
{"type":"Feature","properties":{"ACC_TYPE":"A2","YEAR":112,"DEAD_CNT":0,"INJ_CNT":1,"LOCATION":1},"geometry":{"type":"Point","coordinates":[120.3013676,22.6707813]}},
{"type":"Feature","properties":{"ACC_TYPE":"A2","YEAR":112,"DEAD_CNT":0,"INJ_CNT":2,"LOCATION":9},"geometry":{"type":"Point","coordinates":[120.2251,22.91001]}},
{"type":"Feature","properties":{"ACC_TYPE":"A2","YEAR":112,"DEAD_CNT":0,"INJ_CNT":1,"LOCATION":1},"geometry":{"type":"Point","coordinates":[120.3172833,22.66880595]}},
{"type":"Feature","properties":{"ACC_TYPE":"A2","YEAR":112,"DEAD_CNT":0,"INJ_CNT":1,"LOCATION":9},"geometry":{"type":"Point","coordinates":[120.3408297,22.61283284]}},
{"type":"Feature","properties":{"ACC_TYPE":"A2","YEAR":112,"DEAD_CNT":0,"INJ_CNT":2,"LOCATION":9},"geometry":{"type":"Point","coordinates":[120.5295013,22.9510595]}},
{"type":"Feature","properties":{"ACC_TYPE":"A2","YEAR":112,"DEAD_CNT":0,"INJ_CNT":2,"LOCATION":1},"geometry":{"type":"Point","coordinates":[120.3177752,22.5824324]}},
{"type":"Feature","properties":{"ACC_TYPE":"A2","YEAR":112,"DEAD_CNT":0,"INJ_CNT":1,"LOCATION":11},"geometry":{"type":"Point","coordinates":[120.3034,22.71389]}},
{"type":"Feature","properties":{"ACC_TYPE":"A2","YEAR":112,"DEAD_CNT":0,"INJ_CNT":1,"LOCATION":1},"geometry":{"type":"Point","coordinates":[120.3357,22.59769]}},
{"type":"Feature","properties":{"ACC_TYPE":"A2","YEAR":112,"DEAD_CNT":0,"INJ_CNT":1,"LOCATION":1},"geometry":{"type":"Point","coordinates":[120.3197458,22.6675127]}},
{"type":"Feature","properties":{"ACC_TYPE":"A2","YEAR":112,"DEAD_CNT":0,"INJ_CNT":1,"LOCATION":1},"geometry":{"type":"Point","coordinates":[120.291,22.70179]}},
{"type":"Feature","properties":{"ACC_TYPE":"A2","YEAR":112,"DEAD_CNT":0,"INJ_CNT":2,"LOCATION":1},"geometry":{"type":"Point","coordinates":[120.3147208,22.5970794]}},
{"type":"Feature","properties":{"ACC_TYPE":"A2","YEAR":112,"DEAD_CNT":0,"INJ_CNT":1,"LOCATION":1},"geometry":{"type":"Point","coordinates":[120.343903,22.5899712]}},
{"type":"Feature","properties":{"ACC_TYPE":"A2","YEAR":112,"DEAD_CNT":0,"INJ_CNT":1,"LOCATION":2},"geometry":{"type":"Point","coordinates":[120.3825784,22.5539391]}},
{"type":"Feature","properties":{"ACC_TYPE":"A2","YEAR":112,"DEAD_CNT":0,"INJ_CNT":1,"LOCATION":1},"geometry":{"type":"Point","coordinates":[120.3218,22.67836]}},
{"type":"Feature","properties":{"ACC_TYPE":"A2","YEAR":112,"DEAD_CNT":0,"INJ_CNT":2,"LOCATION":7},"geometry":{"type":"Point","coordinates":[120.3079,22.66799]}},
{"type":"Feature","properties":{"ACC_TYPE":"A2","YEAR":112,"DEAD_CNT":0,"INJ_CNT":1,"LOCATION":1},"geometry":{"type":"Point","coordinates":[120.3301626,22.6479626]}},
{"type":"Feature","properties":{"ACC_TYPE":"A2","YEAR":112,"DEAD_CNT":0,"INJ_CNT":1,"LOCATION":1},"geometry":{"type":"Point","coordinates":[120.3487,22.61599]}},
{"type":"Feature","properties":{"ACC_TYPE":"A2","YEAR":112,"DEAD_CNT":0,"INJ_CNT":2,"LOCATION":1},"geometry":{"type":"Point","coordinates":[120.3499523,22.6256081]}},
{"type":"Feature","properties":{"ACC_TYPE":"A2","YEAR":112,"DEAD_CNT":0,"INJ_CNT":1,"LOCATION":7},"geometry":{"type":"Point","coordinates":[120.3164494,22.69137179]}},
{"type":"Feature","properties":{"ACC_TYPE":"A2","YEAR":112,"DEAD_CNT":0,"INJ_CNT":2,"LOCATION":1},"geometry":{"type":"Point","coordinates":[120.3452289,22.70899574]}},
{"type":"Feature","properties":{"ACC_TYPE":"A2","YEAR":112,"DEAD_CNT":0,"INJ_CNT":2,"LOCATION":8},"geometry":{"type":"Point","coordinates":[120.3572,22.53014]}},
{"type":"Feature","properties":{"ACC_TYPE":"A2","YEAR":112,"DEAD_CNT":0,"INJ_CNT":1,"LOCATION":1},"geometry":{"type":"Point","coordinates":[120.2955,22.62]}},
{"type":"Feature","properties":{"ACC_TYPE":"A2","YEAR":112,"DEAD_CNT":0,"INJ_CNT":2,"LOCATION":2},"geometry":{"type":"Point","coordinates":[120.37718,22.6269952]}},
{"type":"Feature","properties":{"ACC_TYPE":"A2","YEAR":112,"DEAD_CNT":0,"INJ_CNT":3,"LOCATION":9},"geometry":{"type":"Point","coordinates":[120.298317,22.615899]}},
{"type":"Feature","properties":{"ACC_TYPE":"A2","YEAR":112,"DEAD_CNT":0,"INJ_CNT":2,"LOCATION":1},"geometry":{"type":"Point","coordinates":[120.3362936,22.60147472]}},
{"type":"Feature","properties":{"ACC_TYPE":"A2","YEAR":112,"DEAD_CNT":0,"INJ_CNT":2,"LOCATION":8},"geometry":{"type":"Point","coordinates":[120.4118586,22.5513733]}},
{"type":"Feature","properties":{"ACC_TYPE":"A2","YEAR":112,"DEAD_CNT":0,"INJ_CNT":1,"LOCATION":9},"geometry":{"type":"Point","coordinates":[120.5449727,23.0193556]}},
{"type":"Feature","properties":{"ACC_TYPE":"A2","YEAR":112,"DEAD_CNT":0,"INJ_CNT":1,"LOCATION":7},"geometry":{"type":"Point","coordinates":[120.3505793,22.6375664]}},
{"type":"Feature","properties":{"ACC_TYPE":"A2","YEAR":112,"DEAD_CNT":0,"INJ_CNT":2,"LOCATION":2},"geometry":{"type":"Point","coordinates":[120.4001,22.5995]}},
{"type":"Feature","properties":{"ACC_TYPE":"A2","YEAR":112,"DEAD_CNT":0,"INJ_CNT":1,"LOCATION":2},"geometry":{"type":"Point","coordinates":[120.2888,22.68305]}},
{"type":"Feature","properties":{"ACC_TYPE":"A2","YEAR":112,"DEAD_CNT":0,"INJ_CNT":1,"LOCATION":9},"geometry":{"type":"Point","coordinates":[120.4011911,22.584481]}},
{"type":"Feature","properties":{"ACC_TYPE":"A2","YEAR":112,"DEAD_CNT":0,"INJ_CNT":1,"LOCATION":3},"geometry":{"type":"Point","coordinates":[120.3282,22.59353]}},
{"type":"Feature","properties":{"ACC_TYPE":"A2","YEAR":112,"DEAD_CNT":0,"INJ_CNT":2,"LOCATION":7},"geometry":{"type":"Point","coordinates":[120.381454,22.620958]}},
{"type":"Feature","properties":{"ACC_TYPE":"A2","YEAR":112,"DEAD_CNT":0,"INJ_CNT":2,"LOCATION":8},"geometry":{"type":"Point","coordinates":[120.3191782,22.6647586]}},
{"type":"Feature","properties":{"ACC_TYPE":"A2","YEAR":112,"DEAD_CNT":0,"INJ_CNT":1,"LOCATION":1},"geometry":{"type":"Point","coordinates":[120.3051673,22.6629663]}},
{"type":"Feature","properties":{"ACC_TYPE":"A2","YEAR":112,"DEAD_CNT":0,"INJ_CNT":1,"LOCATION":2},"geometry":{"type":"Point","coordinates":[120.3185448,22.5871377]}},
{"type":"Feature","properties":{"ACC_TYPE":"A2","YEAR":112,"DEAD_CNT":0,"INJ_CNT":1,"LOCATION":1},"geometry":{"type":"Point","coordinates":[120.3492543,22.62556709]}},
{"type":"Feature","properties":{"ACC_TYPE":"A2","YEAR":112,"DEAD_CNT":0,"INJ_CNT":1,"LOCATION":22},"geometry":{"type":"Point","coordinates":[120.3093,22.66293]}},
{"type":"Feature","properties":{"ACC_TYPE":"A2","YEAR":112,"DEAD_CNT":0,"INJ_CNT":1,"LOCATION":7},"geometry":{"type":"Point","coordinates":[120.3349503,22.62717906]}},
{"type":"Feature","properties":{"ACC_TYPE":"A2","YEAR":112,"DEAD_CNT":0,"INJ_CNT":1,"LOCATION":1},"geometry":{"type":"Point","coordinates":[120.3364,22.59849]}},
{"type":"Feature","properties":{"ACC_TYPE":"A2","YEAR":112,"DEAD_CNT":0,"INJ_CNT":1,"LOCATION":1},"geometry":{"type":"Point","coordinates":[120.2865,22.6642]}},
{"type":"Feature","properties":{"ACC_TYPE":"A2","YEAR":112,"DEAD_CNT":0,"INJ_CNT":1,"LOCATION":1},"geometry":{"type":"Point","coordinates":[120.2999678,22.6478599]}},
{"type":"Feature","properties":{"ACC_TYPE":"A2","YEAR":112,"DEAD_CNT":0,"INJ_CNT":1,"LOCATION":9},"geometry":{"type":"Point","coordinates":[120.3118991,22.6645749]}},
{"type":"Feature","properties":{"ACC_TYPE":"A2","YEAR":112,"DEAD_CNT":0,"INJ_CNT":1,"LOCATION":1},"geometry":{"type":"Point","coordinates":[120.3112206,22.67410153]}},
{"type":"Feature","properties":{"ACC_TYPE":"A2","YEAR":112,"DEAD_CNT":0,"INJ_CNT":3,"LOCATION":19},"geometry":{"type":"Point","coordinates":[120.3406,22.62616]}},
{"type":"Feature","properties":{"ACC_TYPE":"A2","YEAR":112,"DEAD_CNT":0,"INJ_CNT":1,"LOCATION":1},"geometry":{"type":"Point","coordinates":[120.56186,23.02397]}},
{"type":"Feature","properties":{"ACC_TYPE":"A2","YEAR":112,"DEAD_CNT":0,"INJ_CNT":1,"LOCATION":9},"geometry":{"type":"Point","coordinates":[120.4016,22.6121]}},
{"type":"Feature","properties":{"ACC_TYPE":"A2","YEAR":112,"DEAD_CNT":0,"INJ_CNT":4,"LOCATION":9},"geometry":{"type":"Point","coordinates":[120.5370414,22.97014291]}},
{"type":"Feature","properties":{"ACC_TYPE":"A2","YEAR":112,"DEAD_CNT":0,"INJ_CNT":2,"LOCATION":1},"geometry":{"type":"Point","coordinates":[120.317084,22.6101127]}},
{"type":"Feature","properties":{"ACC_TYPE":"A2","YEAR":112,"DEAD_CNT":0,"INJ_CNT":2,"LOCATION":8},"geometry":{"type":"Point","coordinates":[120.3321,22.60549]}},
{"type":"Feature","properties":{"ACC_TYPE":"A2","YEAR":112,"DEAD_CNT":0,"INJ_CNT":1,"LOCATION":1},"geometry":{"type":"Point","coordinates":[120.3265,22.60195]}},
{"type":"Feature","properties":{"ACC_TYPE":"A2","YEAR":112,"DEAD_CNT":0,"INJ_CNT":1,"LOCATION":1},"geometry":{"type":"Point","coordinates":[120.3501455,22.6347099]}},
{"type":"Feature","properties":{"ACC_TYPE":"A2","YEAR":112,"DEAD_CNT":0,"INJ_CNT":1,"LOCATION":1},"geometry":{"type":"Point","coordinates":[120.3005123,22.6177117]}},
{"type":"Feature","properties":{"ACC_TYPE":"A2","YEAR":112,"DEAD_CNT":0,"INJ_CNT":2,"LOCATION":9},"geometry":{"type":"Point","coordinates":[120.303226,22.612874]}},
{"type":"Feature","properties":{"ACC_TYPE":"A2","YEAR":112,"DEAD_CNT":0,"INJ_CNT":1,"LOCATION":7},"geometry":{"type":"Point","coordinates":[120.3339319,22.6312837]}},
{"type":"Feature","properties":{"ACC_TYPE":"A2","YEAR":112,"DEAD_CNT":0,"INJ_CNT":1,"LOCATION":1},"geometry":{"type":"Point","coordinates":[120.3217374,22.681682]}},
{"type":"Feature","properties":{"ACC_TYPE":"A2","YEAR":112,"DEAD_CNT":0,"INJ_CNT":1,"LOCATION":1},"geometry":{"type":"Point","coordinates":[120.3066052,22.6575632]}},
{"type":"Feature","properties":{"ACC_TYPE":"A2","YEAR":112,"DEAD_CNT":0,"INJ_CNT":2,"LOCATION":2},"geometry":{"type":"Point","coordinates":[120.308914,22.6154057]}},
{"type":"Feature","properties":{"ACC_TYPE":"A2","YEAR":112,"DEAD_CNT":0,"INJ_CNT":1,"LOCATION":9},"geometry":{"type":"Point","coordinates":[120.4198751,22.6574022]}},
{"type":"Feature","properties":{"ACC_TYPE":"A2","YEAR":112,"DEAD_CNT":0,"INJ_CNT":1,"LOCATION":9},"geometry":{"type":"Point","coordinates":[120.2827921,22.62878013]}},
{"type":"Feature","properties":{"ACC_TYPE":"A2","YEAR":112,"DEAD_CNT":0,"INJ_CNT":2,"LOCATION":9},"geometry":{"type":"Point","coordinates":[120.3641457,22.794151]}},
{"type":"Feature","properties":{"ACC_TYPE":"A2","YEAR":112,"DEAD_CNT":0,"INJ_CNT":2,"LOCATION":7},"geometry":{"type":"Point","coordinates":[120.244616,22.78482757]}},
{"type":"Feature","properties":{"ACC_TYPE":"A2","YEAR":112,"DEAD_CNT":0,"INJ_CNT":2,"LOCATION":8},"geometry":{"type":"Point","coordinates":[120.52035,22.88472]}},
{"type":"Feature","properties":{"ACC_TYPE":"A2","YEAR":112,"DEAD_CNT":0,"INJ_CNT":1,"LOCATION":9},"geometry":{"type":"Point","coordinates":[120.3068415,22.61478559]}},
{"type":"Feature","properties":{"ACC_TYPE":"A2","YEAR":112,"DEAD_CNT":0,"INJ_CNT":1,"LOCATION":9},"geometry":{"type":"Point","coordinates":[120.3554,22.64939]}},
{"type":"Feature","properties":{"ACC_TYPE":"A2","YEAR":112,"DEAD_CNT":0,"INJ_CNT":2,"LOCATION":1},"geometry":{"type":"Point","coordinates":[120.3317628,22.60254308]}},
{"type":"Feature","properties":{"ACC_TYPE":"A2","YEAR":112,"DEAD_CNT":0,"INJ_CNT":2,"LOCATION":1},"geometry":{"type":"Point","coordinates":[120.2965282,22.6172116]}},
{"type":"Feature","properties":{"ACC_TYPE":"A2","YEAR":112,"DEAD_CNT":0,"INJ_CNT":1,"LOCATION":8},"geometry":{"type":"Point","coordinates":[120.29096,22.62117848]}},
{"type":"Feature","properties":{"ACC_TYPE":"A2","YEAR":112,"DEAD_CNT":0,"INJ_CNT":3,"LOCATION":9},"geometry":{"type":"Point","coordinates":[120.327003,22.6089427]}},
{"type":"Feature","properties":{"ACC_TYPE":"A2","YEAR":112,"DEAD_CNT":0,"INJ_CNT":2,"LOCATION":1},"geometry":{"type":"Point","coordinates":[120.3317783,22.6499884]}},
{"type":"Feature","properties":{"ACC_TYPE":"A2","YEAR":112,"DEAD_CNT":0,"INJ_CNT":1,"LOCATION":1},"geometry":{"type":"Point","coordinates":[120.3412397,22.6380272]}},
{"type":"Feature","properties":{"ACC_TYPE":"A2","YEAR":112,"DEAD_CNT":0,"INJ_CNT":2,"LOCATION":1},"geometry":{"type":"Point","coordinates":[120.3564,22.61994]}},
{"type":"Feature","properties":{"ACC_TYPE":"A2","YEAR":112,"DEAD_CNT":0,"INJ_CNT":2,"LOCATION":1},"geometry":{"type":"Point","coordinates":[120.3086,22.63901]}},
{"type":"Feature","properties":{"ACC_TYPE":"A2","YEAR":112,"DEAD_CNT":0,"INJ_CNT":2,"LOCATION":2},"geometry":{"type":"Point","coordinates":[120.2910794,22.7215815]}},
{"type":"Feature","properties":{"ACC_TYPE":"A2","YEAR":112,"DEAD_CNT":0,"INJ_CNT":2,"LOCATION":2},"geometry":{"type":"Point","coordinates":[120.3082989,22.6325682]}},
{"type":"Feature","properties":{"ACC_TYPE":"A2","YEAR":112,"DEAD_CNT":0,"INJ_CNT":1,"LOCATION":8},"geometry":{"type":"Point","coordinates":[120.279254,22.659458]}},
{"type":"Feature","properties":{"ACC_TYPE":"A2","YEAR":112,"DEAD_CNT":0,"INJ_CNT":1,"LOCATION":2},"geometry":{"type":"Point","coordinates":[120.3318538,22.6193736]}},
{"type":"Feature","properties":{"ACC_TYPE":"A2","YEAR":112,"DEAD_CNT":0,"INJ_CNT":2,"LOCATION":9},"geometry":{"type":"Point","coordinates":[120.2397202,22.7761863]}},
{"type":"Feature","properties":{"ACC_TYPE":"A2","YEAR":112,"DEAD_CNT":0,"INJ_CNT":1,"LOCATION":1},"geometry":{"type":"Point","coordinates":[120.3082143,22.62556551]}},
{"type":"Feature","properties":{"ACC_TYPE":"A2","YEAR":112,"DEAD_CNT":0,"INJ_CNT":2,"LOCATION":9},"geometry":{"type":"Point","coordinates":[120.290165,22.710437]}},
{"type":"Feature","properties":{"ACC_TYPE":"A2","YEAR":112,"DEAD_CNT":0,"INJ_CNT":2,"LOCATION":2},"geometry":{"type":"Point","coordinates":[120.3589542,22.619059]}},
{"type":"Feature","properties":{"ACC_TYPE":"A2","YEAR":112,"DEAD_CNT":0,"INJ_CNT":1,"LOCATION":9},"geometry":{"type":"Point","coordinates":[120.3049575,22.7594182]}},
{"type":"Feature","properties":{"ACC_TYPE":"A2","YEAR":112,"DEAD_CNT":0,"INJ_CNT":1,"LOCATION":1},"geometry":{"type":"Point","coordinates":[120.2964249,22.6224448]}},
{"type":"Feature","properties":{"ACC_TYPE":"A2","YEAR":112,"DEAD_CNT":0,"INJ_CNT":1,"LOCATION":1},"geometry":{"type":"Point","coordinates":[120.3226388,22.61400827]}},
{"type":"Feature","properties":{"ACC_TYPE":"A2","YEAR":112,"DEAD_CNT":0,"INJ_CNT":1,"LOCATION":9},"geometry":{"type":"Point","coordinates":[120.3960463,22.6037749]}},
{"type":"Feature","properties":{"ACC_TYPE":"A2","YEAR":112,"DEAD_CNT":0,"INJ_CNT":2,"LOCATION":9},"geometry":{"type":"Point","coordinates":[120.2583,22.85773]}},
{"type":"Feature","properties":{"ACC_TYPE":"A2","YEAR":112,"DEAD_CNT":0,"INJ_CNT":1,"LOCATION":2},"geometry":{"type":"Point","coordinates":[120.341658,22.6451724]}},
{"type":"Feature","properties":{"ACC_TYPE":"A2","YEAR":112,"DEAD_CNT":0,"INJ_CNT":2,"LOCATION":1},"geometry":{"type":"Point","coordinates":[120.3136625,22.5877302]}},
{"type":"Feature","properties":{"ACC_TYPE":"A2","YEAR":112,"DEAD_CNT":0,"INJ_CNT":1,"LOCATION":1},"geometry":{"type":"Point","coordinates":[120.3412,22.6129]}},
{"type":"Feature","properties":{"ACC_TYPE":"A2","YEAR":112,"DEAD_CNT":0,"INJ_CNT":3,"LOCATION":1},"geometry":{"type":"Point","coordinates":[120.4051,22.61659]}},
{"type":"Feature","properties":{"ACC_TYPE":"A2","YEAR":112,"DEAD_CNT":0,"INJ_CNT":2,"LOCATION":9},"geometry":{"type":"Point","coordinates":[120.3815152,22.6299318]}},
{"type":"Feature","properties":{"ACC_TYPE":"A2","YEAR":112,"DEAD_CNT":0,"INJ_CNT":2,"LOCATION":1},"geometry":{"type":"Point","coordinates":[120.3603,22.63024]}},
{"type":"Feature","properties":{"ACC_TYPE":"A2","YEAR":112,"DEAD_CNT":0,"INJ_CNT":1,"LOCATION":2},"geometry":{"type":"Point","coordinates":[120.3209,22.67941]}},
{"type":"Feature","properties":{"ACC_TYPE":"A2","YEAR":112,"DEAD_CNT":0,"INJ_CNT":1,"LOCATION":1},"geometry":{"type":"Point","coordinates":[120.2946734,22.7220367]}},
{"type":"Feature","properties":{"ACC_TYPE":"A2","YEAR":112,"DEAD_CNT":0,"INJ_CNT":1,"LOCATION":9},"geometry":{"type":"Point","coordinates":[120.2931456,22.79476629]}},
{"type":"Feature","properties":{"ACC_TYPE":"A2","YEAR":112,"DEAD_CNT":0,"INJ_CNT":1,"LOCATION":2},"geometry":{"type":"Point","coordinates":[120.2677693,22.7566765]}},
{"type":"Feature","properties":{"ACC_TYPE":"A2","YEAR":112,"DEAD_CNT":0,"INJ_CNT":2,"LOCATION":7},"geometry":{"type":"Point","coordinates":[120.3091,22.60887]}},
{"type":"Feature","properties":{"ACC_TYPE":"A2","YEAR":112,"DEAD_CNT":0,"INJ_CNT":1,"LOCATION":7},"geometry":{"type":"Point","coordinates":[120.356947,22.581948]}},
{"type":"Feature","properties":{"ACC_TYPE":"A2","YEAR":112,"DEAD_CNT":0,"INJ_CNT":2,"LOCATION":9},"geometry":{"type":"Point","coordinates":[120.3032614,22.61525879]}},
{"type":"Feature","properties":{"ACC_TYPE":"A2","YEAR":112,"DEAD_CNT":0,"INJ_CNT":4,"LOCATION":8},"geometry":{"type":"Point","coordinates":[120.3133421,22.6192409]}},
{"type":"Feature","properties":{"ACC_TYPE":"A2","YEAR":112,"DEAD_CNT":0,"INJ_CNT":1,"LOCATION":9},"geometry":{"type":"Point","coordinates":[120.293332,22.62716]}},
{"type":"Feature","properties":{"ACC_TYPE":"A2","YEAR":112,"DEAD_CNT":0,"INJ_CNT":1,"LOCATION":1},"geometry":{"type":"Point","coordinates":[120.329252,22.6367798]}},
{"type":"Feature","properties":{"ACC_TYPE":"A2","YEAR":112,"DEAD_CNT":0,"INJ_CNT":1,"LOCATION":9},"geometry":{"type":"Point","coordinates":[120.417448,22.6446789]}},
{"type":"Feature","properties":{"ACC_TYPE":"A2","YEAR":112,"DEAD_CNT":0,"INJ_CNT":1,"LOCATION":9},"geometry":{"type":"Point","coordinates":[120.2625632,22.7432888]}},
{"type":"Feature","properties":{"ACC_TYPE":"A2","YEAR":112,"DEAD_CNT":0,"INJ_CNT":1,"LOCATION":8},"geometry":{"type":"Point","coordinates":[120.314997,22.690047]}},
{"type":"Feature","properties":{"ACC_TYPE":"A2","YEAR":112,"DEAD_CNT":0,"INJ_CNT":1,"LOCATION":1},"geometry":{"type":"Point","coordinates":[120.3619872,22.6354398]}},
{"type":"Feature","properties":{"ACC_TYPE":"A2","YEAR":112,"DEAD_CNT":0,"INJ_CNT":1,"LOCATION":9},"geometry":{"type":"Point","coordinates":[120.3813849,22.5012925]}},
{"type":"Feature","properties":{"ACC_TYPE":"A2","YEAR":112,"DEAD_CNT":0,"INJ_CNT":1,"LOCATION":1},"geometry":{"type":"Point","coordinates":[120.2819086,22.657084]}},
{"type":"Feature","properties":{"ACC_TYPE":"A2","YEAR":112,"DEAD_CNT":0,"INJ_CNT":3,"LOCATION":9},"geometry":{"type":"Point","coordinates":[120.3235504,22.7304067]}},
{"type":"Feature","properties":{"ACC_TYPE":"A2","YEAR":112,"DEAD_CNT":0,"INJ_CNT":1,"LOCATION":2},"geometry":{"type":"Point","coordinates":[120.3201,22.658]}},
{"type":"Feature","properties":{"ACC_TYPE":"A2","YEAR":112,"DEAD_CNT":0,"INJ_CNT":1,"LOCATION":9},"geometry":{"type":"Point","coordinates":[120.3377289,22.7421878]}},
{"type":"Feature","properties":{"ACC_TYPE":"A2","YEAR":112,"DEAD_CNT":0,"INJ_CNT":1,"LOCATION":9},"geometry":{"type":"Point","coordinates":[120.3934379,22.504353]}},
{"type":"Feature","properties":{"ACC_TYPE":"A2","YEAR":112,"DEAD_CNT":0,"INJ_CNT":1,"LOCATION":1},"geometry":{"type":"Point","coordinates":[120.329341,22.605173]}},
{"type":"Feature","properties":{"ACC_TYPE":"A2","YEAR":112,"DEAD_CNT":0,"INJ_CNT":1,"LOCATION":7},"geometry":{"type":"Point","coordinates":[120.3098201,22.6687191]}},
{"type":"Feature","properties":{"ACC_TYPE":"A2","YEAR":112,"DEAD_CNT":0,"INJ_CNT":1,"LOCATION":9},"geometry":{"type":"Point","coordinates":[120.3383304,22.6318282]}},
{"type":"Feature","properties":{"ACC_TYPE":"A2","YEAR":112,"DEAD_CNT":0,"INJ_CNT":1,"LOCATION":8},"geometry":{"type":"Point","coordinates":[120.3629359,22.56714463]}},
{"type":"Feature","properties":{"ACC_TYPE":"A2","YEAR":112,"DEAD_CNT":0,"INJ_CNT":2,"LOCATION":24},"geometry":{"type":"Point","coordinates":[120.3425485,22.7320447]}},
{"type":"Feature","properties":{"ACC_TYPE":"A2","YEAR":112,"DEAD_CNT":0,"INJ_CNT":2,"LOCATION":2},"geometry":{"type":"Point","coordinates":[120.3093921,22.6497103]}},
{"type":"Feature","properties":{"ACC_TYPE":"A2","YEAR":112,"DEAD_CNT":0,"INJ_CNT":1,"LOCATION":9},"geometry":{"type":"Point","coordinates":[120.279254,22.659458]}},
{"type":"Feature","properties":{"ACC_TYPE":"A2","YEAR":112,"DEAD_CNT":0,"INJ_CNT":2,"LOCATION":8},"geometry":{"type":"Point","coordinates":[120.3578817,22.6216095]}},
{"type":"Feature","properties":{"ACC_TYPE":"A2","YEAR":112,"DEAD_CNT":0,"INJ_CNT":2,"LOCATION":1},"geometry":{"type":"Point","coordinates":[120.2658812,22.7606224]}},
{"type":"Feature","properties":{"ACC_TYPE":"A2","YEAR":112,"DEAD_CNT":0,"INJ_CNT":1,"LOCATION":1},"geometry":{"type":"Point","coordinates":[120.3357,22.59778]}},
{"type":"Feature","properties":{"ACC_TYPE":"A2","YEAR":112,"DEAD_CNT":0,"INJ_CNT":2,"LOCATION":1},"geometry":{"type":"Point","coordinates":[120.3031752,22.659594]}},
{"type":"Feature","properties":{"ACC_TYPE":"A2","YEAR":112,"DEAD_CNT":0,"INJ_CNT":1,"LOCATION":2},"geometry":{"type":"Point","coordinates":[120.3737747,22.62552589]}},
{"type":"Feature","properties":{"ACC_TYPE":"A2","YEAR":112,"DEAD_CNT":0,"INJ_CNT":2,"LOCATION":1},"geometry":{"type":"Point","coordinates":[120.297123,22.63220252]}},
{"type":"Feature","properties":{"ACC_TYPE":"A2","YEAR":112,"DEAD_CNT":0,"INJ_CNT":1,"LOCATION":9},"geometry":{"type":"Point","coordinates":[120.2940695,22.6865044]}},
{"type":"Feature","properties":{"ACC_TYPE":"A2","YEAR":112,"DEAD_CNT":0,"INJ_CNT":1,"LOCATION":1},"geometry":{"type":"Point","coordinates":[120.3080347,22.6202208]}},
{"type":"Feature","properties":{"ACC_TYPE":"A2","YEAR":112,"DEAD_CNT":0,"INJ_CNT":2,"LOCATION":2},"geometry":{"type":"Point","coordinates":[120.3757,22.62604]}},
{"type":"Feature","properties":{"ACC_TYPE":"A2","YEAR":112,"DEAD_CNT":0,"INJ_CNT":1,"LOCATION":1},"geometry":{"type":"Point","coordinates":[120.2964849,22.6313536]}},
{"type":"Feature","properties":{"ACC_TYPE":"A2","YEAR":112,"DEAD_CNT":0,"INJ_CNT":1,"LOCATION":9},"geometry":{"type":"Point","coordinates":[120.3932238,22.6089334]}},
{"type":"Feature","properties":{"ACC_TYPE":"A2","YEAR":112,"DEAD_CNT":0,"INJ_CNT":1,"LOCATION":9},"geometry":{"type":"Point","coordinates":[120.6361925,22.9918666]}},
{"type":"Feature","properties":{"ACC_TYPE":"A2","YEAR":112,"DEAD_CNT":0,"INJ_CNT":1,"LOCATION":2},"geometry":{"type":"Point","coordinates":[120.2998,22.68974]}},
{"type":"Feature","properties":{"ACC_TYPE":"A2","YEAR":112,"DEAD_CNT":0,"INJ_CNT":2,"LOCATION":9},"geometry":{"type":"Point","coordinates":[120.397332,22.642408]}},
{"type":"Feature","properties":{"ACC_TYPE":"A2","YEAR":112,"DEAD_CNT":0,"INJ_CNT":1,"LOCATION":1},"geometry":{"type":"Point","coordinates":[120.3671487,22.6411237]}},
{"type":"Feature","properties":{"ACC_TYPE":"A2","YEAR":112,"DEAD_CNT":0,"INJ_CNT":2,"LOCATION":7},"geometry":{"type":"Point","coordinates":[120.3011097,22.62407567]}},
{"type":"Feature","properties":{"ACC_TYPE":"A2","YEAR":112,"DEAD_CNT":0,"INJ_CNT":1,"LOCATION":1},"geometry":{"type":"Point","coordinates":[120.3100265,22.6407409]}},
{"type":"Feature","properties":{"ACC_TYPE":"A2","YEAR":112,"DEAD_CNT":0,"INJ_CNT":1,"LOCATION":9},"geometry":{"type":"Point","coordinates":[120.270226,22.6208614]}},
{"type":"Feature","properties":{"ACC_TYPE":"A2","YEAR":112,"DEAD_CNT":0,"INJ_CNT":1,"LOCATION":1},"geometry":{"type":"Point","coordinates":[120.2899332,22.6855659]}},
{"type":"Feature","properties":{"ACC_TYPE":"A2","YEAR":112,"DEAD_CNT":0,"INJ_CNT":1,"LOCATION":1},"geometry":{"type":"Point","coordinates":[120.3308438,22.5954225]}},
{"type":"Feature","properties":{"ACC_TYPE":"A2","YEAR":112,"DEAD_CNT":0,"INJ_CNT":3,"LOCATION":1},"geometry":{"type":"Point","coordinates":[120.324099,22.631245]}},
{"type":"Feature","properties":{"ACC_TYPE":"A2","YEAR":112,"DEAD_CNT":0,"INJ_CNT":3,"LOCATION":7},"geometry":{"type":"Point","coordinates":[120.324333,22.725613]}},
{"type":"Feature","properties":{"ACC_TYPE":"A2","YEAR":112,"DEAD_CNT":0,"INJ_CNT":1,"LOCATION":1},"geometry":{"type":"Point","coordinates":[120.3292513,22.6289993]}},
{"type":"Feature","properties":{"ACC_TYPE":"A2","YEAR":112,"DEAD_CNT":0,"INJ_CNT":2,"LOCATION":1},"geometry":{"type":"Point","coordinates":[120.361544,22.6253299]}},
{"type":"Feature","properties":{"ACC_TYPE":"A2","YEAR":112,"DEAD_CNT":0,"INJ_CNT":1,"LOCATION":9},"geometry":{"type":"Point","coordinates":[120.325544,22.7252998]}},
{"type":"Feature","properties":{"ACC_TYPE":"A2","YEAR":112,"DEAD_CNT":0,"INJ_CNT":1,"LOCATION":1},"geometry":{"type":"Point","coordinates":[120.2625,22.86353]}},
{"type":"Feature","properties":{"ACC_TYPE":"A2","YEAR":112,"DEAD_CNT":0,"INJ_CNT":3,"LOCATION":9},"geometry":{"type":"Point","coordinates":[120.4041287,22.5406014]}},
{"type":"Feature","properties":{"ACC_TYPE":"A2","YEAR":112,"DEAD_CNT":0,"INJ_CNT":2,"LOCATION":1},"geometry":{"type":"Point","coordinates":[120.2672,22.76017]}},
{"type":"Feature","properties":{"ACC_TYPE":"A2","YEAR":112,"DEAD_CNT":0,"INJ_CNT":1,"LOCATION":2},"geometry":{"type":"Point","coordinates":[120.3020295,22.6365348]}},
{"type":"Feature","properties":{"ACC_TYPE":"A2","YEAR":112,"DEAD_CNT":0,"INJ_CNT":1,"LOCATION":1},"geometry":{"type":"Point","coordinates":[120.3206406,22.5720353]}},
{"type":"Feature","properties":{"ACC_TYPE":"A2","YEAR":112,"DEAD_CNT":0,"INJ_CNT":1,"LOCATION":1},"geometry":{"type":"Point","coordinates":[120.3580648,22.6228367]}},
{"type":"Feature","properties":{"ACC_TYPE":"A2","YEAR":112,"DEAD_CNT":0,"INJ_CNT":2,"LOCATION":1},"geometry":{"type":"Point","coordinates":[120.2707,22.60721]}},
{"type":"Feature","properties":{"ACC_TYPE":"A2","YEAR":112,"DEAD_CNT":0,"INJ_CNT":1,"LOCATION":1},"geometry":{"type":"Point","coordinates":[120.3561,22.6381]}},
{"type":"Feature","properties":{"ACC_TYPE":"A2","YEAR":112,"DEAD_CNT":0,"INJ_CNT":2,"LOCATION":8},"geometry":{"type":"Point","coordinates":[120.3296049,22.6054819]}},
{"type":"Feature","properties":{"ACC_TYPE":"A2","YEAR":112,"DEAD_CNT":0,"INJ_CNT":1,"LOCATION":2},"geometry":{"type":"Point","coordinates":[120.2969,22.65618]}},
{"type":"Feature","properties":{"ACC_TYPE":"A2","YEAR":112,"DEAD_CNT":0,"INJ_CNT":1,"LOCATION":2},"geometry":{"type":"Point","coordinates":[120.3526,22.6186]}},
{"type":"Feature","properties":{"ACC_TYPE":"A2","YEAR":112,"DEAD_CNT":0,"INJ_CNT":1,"LOCATION":1},"geometry":{"type":"Point","coordinates":[120.3811958,22.5873658]}},
{"type":"Feature","properties":{"ACC_TYPE":"A2","YEAR":112,"DEAD_CNT":0,"INJ_CNT":2,"LOCATION":2},"geometry":{"type":"Point","coordinates":[120.3048,22.67501]}},
{"type":"Feature","properties":{"ACC_TYPE":"A2","YEAR":112,"DEAD_CNT":0,"INJ_CNT":1,"LOCATION":2},"geometry":{"type":"Point","coordinates":[120.3042,22.66312]}},
{"type":"Feature","properties":{"ACC_TYPE":"A2","YEAR":112,"DEAD_CNT":0,"INJ_CNT":1,"LOCATION":1},"geometry":{"type":"Point","coordinates":[120.2925,22.63219]}},
{"type":"Feature","properties":{"ACC_TYPE":"A2","YEAR":112,"DEAD_CNT":0,"INJ_CNT":1,"LOCATION":21},"geometry":{"type":"Point","coordinates":[120.2985543,22.6229233]}},
{"type":"Feature","properties":{"ACC_TYPE":"A2","YEAR":112,"DEAD_CNT":0,"INJ_CNT":2,"LOCATION":9},"geometry":{"type":"Point","coordinates":[120.293,22.7065]}},
{"type":"Feature","properties":{"ACC_TYPE":"A2","YEAR":112,"DEAD_CNT":0,"INJ_CNT":1,"LOCATION":21},"geometry":{"type":"Point","coordinates":[120.3027042,22.78645756]}},
{"type":"Feature","properties":{"ACC_TYPE":"A2","YEAR":112,"DEAD_CNT":0,"INJ_CNT":2,"LOCATION":9},"geometry":{"type":"Point","coordinates":[120.3327557,22.6121452]}},
{"type":"Feature","properties":{"ACC_TYPE":"A2","YEAR":112,"DEAD_CNT":0,"INJ_CNT":2,"LOCATION":9},"geometry":{"type":"Point","coordinates":[120.2928034,22.88822152]}},
{"type":"Feature","properties":{"ACC_TYPE":"A2","YEAR":112,"DEAD_CNT":0,"INJ_CNT":1,"LOCATION":2},"geometry":{"type":"Point","coordinates":[120.2886,22.66793]}},
{"type":"Feature","properties":{"ACC_TYPE":"A2","YEAR":112,"DEAD_CNT":0,"INJ_CNT":2,"LOCATION":1},"geometry":{"type":"Point","coordinates":[120.3484417,22.6891264]}},
{"type":"Feature","properties":{"ACC_TYPE":"A2","YEAR":112,"DEAD_CNT":0,"INJ_CNT":2,"LOCATION":9},"geometry":{"type":"Point","coordinates":[120.3124871,22.6137805]}},
{"type":"Feature","properties":{"ACC_TYPE":"A2","YEAR":112,"DEAD_CNT":0,"INJ_CNT":1,"LOCATION":2},"geometry":{"type":"Point","coordinates":[120.3153543,22.6152087]}},
{"type":"Feature","properties":{"ACC_TYPE":"A2","YEAR":112,"DEAD_CNT":0,"INJ_CNT":1,"LOCATION":9},"geometry":{"type":"Point","coordinates":[120.290975,22.633816]}},
{"type":"Feature","properties":{"ACC_TYPE":"A2","YEAR":112,"DEAD_CNT":0,"INJ_CNT":1,"LOCATION":1},"geometry":{"type":"Point","coordinates":[120.3080646,22.6365001]}},
{"type":"Feature","properties":{"ACC_TYPE":"A2","YEAR":112,"DEAD_CNT":0,"INJ_CNT":1,"LOCATION":8},"geometry":{"type":"Point","coordinates":[120.3640613,22.6370167]}},
{"type":"Feature","properties":{"ACC_TYPE":"A2","YEAR":112,"DEAD_CNT":0,"INJ_CNT":1,"LOCATION":1},"geometry":{"type":"Point","coordinates":[120.338104,22.6060136]}},
{"type":"Feature","properties":{"ACC_TYPE":"A2","YEAR":112,"DEAD_CNT":0,"INJ_CNT":2,"LOCATION":2},"geometry":{"type":"Point","coordinates":[120.3318498,22.594131]}},
{"type":"Feature","properties":{"ACC_TYPE":"A2","YEAR":112,"DEAD_CNT":0,"INJ_CNT":1,"LOCATION":1},"geometry":{"type":"Point","coordinates":[120.3447,22.6101]}},
{"type":"Feature","properties":{"ACC_TYPE":"A2","YEAR":112,"DEAD_CNT":0,"INJ_CNT":3,"LOCATION":1},"geometry":{"type":"Point","coordinates":[120.3443,22.62634]}},
{"type":"Feature","properties":{"ACC_TYPE":"A2","YEAR":112,"DEAD_CNT":0,"INJ_CNT":2,"LOCATION":7},"geometry":{"type":"Point","coordinates":[120.3534814,22.6247987]}},
{"type":"Feature","properties":{"ACC_TYPE":"A2","YEAR":112,"DEAD_CNT":0,"INJ_CNT":1,"LOCATION":9},"geometry":{"type":"Point","coordinates":[120.2980001,22.6204933]}},
{"type":"Feature","properties":{"ACC_TYPE":"A2","YEAR":112,"DEAD_CNT":0,"INJ_CNT":2,"LOCATION":1},"geometry":{"type":"Point","coordinates":[120.3619628,22.63557363]}},
{"type":"Feature","properties":{"ACC_TYPE":"A2","YEAR":112,"DEAD_CNT":0,"INJ_CNT":1,"LOCATION":1},"geometry":{"type":"Point","coordinates":[120.3092,22.6874]}},
{"type":"Feature","properties":{"ACC_TYPE":"A2","YEAR":112,"DEAD_CNT":0,"INJ_CNT":2,"LOCATION":7},"geometry":{"type":"Point","coordinates":[120.4393156,22.593319]}},
{"type":"Feature","properties":{"ACC_TYPE":"A2","YEAR":112,"DEAD_CNT":0,"INJ_CNT":1,"LOCATION":21},"geometry":{"type":"Point","coordinates":[120.3038,22.61193]}},
{"type":"Feature","properties":{"ACC_TYPE":"A2","YEAR":112,"DEAD_CNT":0,"INJ_CNT":1,"LOCATION":1},"geometry":{"type":"Point","coordinates":[120.2894966,22.6869991]}},
{"type":"Feature","properties":{"ACC_TYPE":"A2","YEAR":112,"DEAD_CNT":0,"INJ_CNT":1,"LOCATION":7},"geometry":{"type":"Point","coordinates":[120.3570921,22.6185944]}},
{"type":"Feature","properties":{"ACC_TYPE":"A2","YEAR":112,"DEAD_CNT":0,"INJ_CNT":1,"LOCATION":19},"geometry":{"type":"Point","coordinates":[120.3161467,22.5955287]}},
{"type":"Feature","properties":{"ACC_TYPE":"A2","YEAR":112,"DEAD_CNT":0,"INJ_CNT":1,"LOCATION":9},"geometry":{"type":"Point","coordinates":[120.3223053,22.5786703]}},
{"type":"Feature","properties":{"ACC_TYPE":"A2","YEAR":112,"DEAD_CNT":0,"INJ_CNT":1,"LOCATION":12},"geometry":{"type":"Point","coordinates":[120.298811,22.79576994]}},
{"type":"Feature","properties":{"ACC_TYPE":"A2","YEAR":112,"DEAD_CNT":0,"INJ_CNT":3,"LOCATION":9},"geometry":{"type":"Point","coordinates":[120.3092129,22.6436758]}},
{"type":"Feature","properties":{"ACC_TYPE":"A2","YEAR":112,"DEAD_CNT":0,"INJ_CNT":2,"LOCATION":1},"geometry":{"type":"Point","coordinates":[120.2975,22.72383]}},
{"type":"Feature","properties":{"ACC_TYPE":"A2","YEAR":112,"DEAD_CNT":0,"INJ_CNT":2,"LOCATION":8},"geometry":{"type":"Point","coordinates":[120.3315,22.60404]}},
{"type":"Feature","properties":{"ACC_TYPE":"A2","YEAR":112,"DEAD_CNT":0,"INJ_CNT":1,"LOCATION":9},"geometry":{"type":"Point","coordinates":[120.3421975,22.629498]}},
{"type":"Feature","properties":{"ACC_TYPE":"A2","YEAR":112,"DEAD_CNT":0,"INJ_CNT":2,"LOCATION":14},"geometry":{"type":"Point","coordinates":[120.3605424,22.6256515]}},
{"type":"Feature","properties":{"ACC_TYPE":"A2","YEAR":112,"DEAD_CNT":0,"INJ_CNT":2,"LOCATION":1},"geometry":{"type":"Point","coordinates":[120.3662075,22.6239687]}},
{"type":"Feature","properties":{"ACC_TYPE":"A2","YEAR":112,"DEAD_CNT":0,"INJ_CNT":1,"LOCATION":1},"geometry":{"type":"Point","coordinates":[120.362265,22.628639]}},
{"type":"Feature","properties":{"ACC_TYPE":"A2","YEAR":112,"DEAD_CNT":0,"INJ_CNT":2,"LOCATION":7},"geometry":{"type":"Point","coordinates":[120.3326312,22.5990947]}},
{"type":"Feature","properties":{"ACC_TYPE":"A2","YEAR":112,"DEAD_CNT":0,"INJ_CNT":2,"LOCATION":9},"geometry":{"type":"Point","coordinates":[120.348687,22.7396383]}},
{"type":"Feature","properties":{"ACC_TYPE":"A2","YEAR":112,"DEAD_CNT":0,"INJ_CNT":1,"LOCATION":1},"geometry":{"type":"Point","coordinates":[120.3558438,22.6194951]}},
{"type":"Feature","properties":{"ACC_TYPE":"A2","YEAR":112,"DEAD_CNT":0,"INJ_CNT":1,"LOCATION":21},"geometry":{"type":"Point","coordinates":[120.4240828,22.6044858]}},
{"type":"Feature","properties":{"ACC_TYPE":"A2","YEAR":112,"DEAD_CNT":0,"INJ_CNT":1,"LOCATION":1},"geometry":{"type":"Point","coordinates":[120.5201489,22.8969638]}},
{"type":"Feature","properties":{"ACC_TYPE":"A2","YEAR":112,"DEAD_CNT":0,"INJ_CNT":1,"LOCATION":8},"geometry":{"type":"Point","coordinates":[120.2629555,22.8552881]}},
{"type":"Feature","properties":{"ACC_TYPE":"A2","YEAR":112,"DEAD_CNT":0,"INJ_CNT":1,"LOCATION":1},"geometry":{"type":"Point","coordinates":[120.2774,22.64728]}},
{"type":"Feature","properties":{"ACC_TYPE":"A2","YEAR":112,"DEAD_CNT":0,"INJ_CNT":1,"LOCATION":9},"geometry":{"type":"Point","coordinates":[120.2779,22.64997]}},
{"type":"Feature","properties":{"ACC_TYPE":"A2","YEAR":112,"DEAD_CNT":0,"INJ_CNT":2,"LOCATION":1},"geometry":{"type":"Point","coordinates":[120.3144793,22.6177065]}},
{"type":"Feature","properties":{"ACC_TYPE":"A2","YEAR":112,"DEAD_CNT":0,"INJ_CNT":1,"LOCATION":2},"geometry":{"type":"Point","coordinates":[120.2907,22.65549]}},
{"type":"Feature","properties":{"ACC_TYPE":"A2","YEAR":112,"DEAD_CNT":0,"INJ_CNT":1,"LOCATION":7},"geometry":{"type":"Point","coordinates":[120.326435,22.631108]}},
{"type":"Feature","properties":{"ACC_TYPE":"A2","YEAR":112,"DEAD_CNT":0,"INJ_CNT":1,"LOCATION":2},"geometry":{"type":"Point","coordinates":[120.3501455,22.6347099]}},
{"type":"Feature","properties":{"ACC_TYPE":"A2","YEAR":112,"DEAD_CNT":0,"INJ_CNT":1,"LOCATION":8},"geometry":{"type":"Point","coordinates":[120.2963047,22.6451856]}},
{"type":"Feature","properties":{"ACC_TYPE":"A2","YEAR":112,"DEAD_CNT":0,"INJ_CNT":2,"LOCATION":9},"geometry":{"type":"Point","coordinates":[120.3262535,22.6268814]}},
{"type":"Feature","properties":{"ACC_TYPE":"A2","YEAR":112,"DEAD_CNT":0,"INJ_CNT":2,"LOCATION":8},"geometry":{"type":"Point","coordinates":[120.4468,22.73836]}},
{"type":"Feature","properties":{"ACC_TYPE":"A2","YEAR":112,"DEAD_CNT":0,"INJ_CNT":1,"LOCATION":1},"geometry":{"type":"Point","coordinates":[120.3935243,22.6047572]}},
{"type":"Feature","properties":{"ACC_TYPE":"A2","YEAR":112,"DEAD_CNT":0,"INJ_CNT":2,"LOCATION":9},"geometry":{"type":"Point","coordinates":[120.3249,22.57567]}},
{"type":"Feature","properties":{"ACC_TYPE":"A2","YEAR":112,"DEAD_CNT":0,"INJ_CNT":1,"LOCATION":9},"geometry":{"type":"Point","coordinates":[120.2978918,22.6167782]}},
{"type":"Feature","properties":{"ACC_TYPE":"A2","YEAR":112,"DEAD_CNT":0,"INJ_CNT":1,"LOCATION":8},"geometry":{"type":"Point","coordinates":[120.2918788,22.62590155]}},
{"type":"Feature","properties":{"ACC_TYPE":"A2","YEAR":112,"DEAD_CNT":0,"INJ_CNT":2,"LOCATION":1},"geometry":{"type":"Point","coordinates":[120.30601,22.6838]}},
{"type":"Feature","properties":{"ACC_TYPE":"A2","YEAR":112,"DEAD_CNT":0,"INJ_CNT":1,"LOCATION":2},"geometry":{"type":"Point","coordinates":[120.2975,22.62746]}},
{"type":"Feature","properties":{"ACC_TYPE":"A2","YEAR":112,"DEAD_CNT":0,"INJ_CNT":1,"LOCATION":1},"geometry":{"type":"Point","coordinates":[120.3000549,22.6210709]}},
{"type":"Feature","properties":{"ACC_TYPE":"A2","YEAR":112,"DEAD_CNT":0,"INJ_CNT":1,"LOCATION":1},"geometry":{"type":"Point","coordinates":[120.2901721,22.62451872]}},
{"type":"Feature","properties":{"ACC_TYPE":"A2","YEAR":112,"DEAD_CNT":0,"INJ_CNT":1,"LOCATION":9},"geometry":{"type":"Point","coordinates":[120.289214,22.586726]}},
{"type":"Feature","properties":{"ACC_TYPE":"A2","YEAR":112,"DEAD_CNT":0,"INJ_CNT":1,"LOCATION":7},"geometry":{"type":"Point","coordinates":[120.3217,22.68081]}},
{"type":"Feature","properties":{"ACC_TYPE":"A2","YEAR":112,"DEAD_CNT":0,"INJ_CNT":2,"LOCATION":8},"geometry":{"type":"Point","coordinates":[120.3305434,22.631446]}},
{"type":"Feature","properties":{"ACC_TYPE":"A2","YEAR":112,"DEAD_CNT":0,"INJ_CNT":1,"LOCATION":23},"geometry":{"type":"Point","coordinates":[120.2974,22.66514]}},
{"type":"Feature","properties":{"ACC_TYPE":"A2","YEAR":112,"DEAD_CNT":0,"INJ_CNT":1,"LOCATION":1},"geometry":{"type":"Point","coordinates":[120.3623378,22.5654726]}},
{"type":"Feature","properties":{"ACC_TYPE":"A2","YEAR":112,"DEAD_CNT":0,"INJ_CNT":1,"LOCATION":1},"geometry":{"type":"Point","coordinates":[120.3177254,22.618323]}},
{"type":"Feature","properties":{"ACC_TYPE":"A2","YEAR":112,"DEAD_CNT":0,"INJ_CNT":1,"LOCATION":1},"geometry":{"type":"Point","coordinates":[120.3454473,22.640252]}},
{"type":"Feature","properties":{"ACC_TYPE":"A2","YEAR":112,"DEAD_CNT":0,"INJ_CNT":2,"LOCATION":9},"geometry":{"type":"Point","coordinates":[120.32748,22.733435]}},
{"type":"Feature","properties":{"ACC_TYPE":"A2","YEAR":112,"DEAD_CNT":0,"INJ_CNT":2,"LOCATION":1},"geometry":{"type":"Point","coordinates":[120.3335896,22.6056626]}},
{"type":"Feature","properties":{"ACC_TYPE":"A2","YEAR":112,"DEAD_CNT":0,"INJ_CNT":1,"LOCATION":9},"geometry":{"type":"Point","coordinates":[120.3745,22.62515]}},
{"type":"Feature","properties":{"ACC_TYPE":"A2","YEAR":112,"DEAD_CNT":0,"INJ_CNT":1,"LOCATION":1},"geometry":{"type":"Point","coordinates":[120.3094463,22.6117784]}},
{"type":"Feature","properties":{"ACC_TYPE":"A2","YEAR":112,"DEAD_CNT":0,"INJ_CNT":1,"LOCATION":1},"geometry":{"type":"Point","coordinates":[120.3055673,22.6229093]}},
{"type":"Feature","properties":{"ACC_TYPE":"A2","YEAR":112,"DEAD_CNT":0,"INJ_CNT":2,"LOCATION":1},"geometry":{"type":"Point","coordinates":[120.3628,22.59096]}},
{"type":"Feature","properties":{"ACC_TYPE":"A2","YEAR":112,"DEAD_CNT":0,"INJ_CNT":1,"LOCATION":1},"geometry":{"type":"Point","coordinates":[120.3300461,22.7280205]}},
{"type":"Feature","properties":{"ACC_TYPE":"A2","YEAR":112,"DEAD_CNT":0,"INJ_CNT":2,"LOCATION":9},"geometry":{"type":"Point","coordinates":[120.4508,22.77582]}},
{"type":"Feature","properties":{"ACC_TYPE":"A2","YEAR":112,"DEAD_CNT":0,"INJ_CNT":3,"LOCATION":9},"geometry":{"type":"Point","coordinates":[120.279254,22.659458]}},
{"type":"Feature","properties":{"ACC_TYPE":"A2","YEAR":112,"DEAD_CNT":0,"INJ_CNT":1,"LOCATION":8},"geometry":{"type":"Point","coordinates":[120.3350883,22.56293529]}},
{"type":"Feature","properties":{"ACC_TYPE":"A2","YEAR":112,"DEAD_CNT":0,"INJ_CNT":1,"LOCATION":2},"geometry":{"type":"Point","coordinates":[120.307,22.7256]}},
{"type":"Feature","properties":{"ACC_TYPE":"A2","YEAR":112,"DEAD_CNT":0,"INJ_CNT":1,"LOCATION":1},"geometry":{"type":"Point","coordinates":[120.3422536,22.628449]}},
{"type":"Feature","properties":{"ACC_TYPE":"A2","YEAR":112,"DEAD_CNT":0,"INJ_CNT":1,"LOCATION":1},"geometry":{"type":"Point","coordinates":[120.3005436,22.63610393]}},
{"type":"Feature","properties":{"ACC_TYPE":"A2","YEAR":112,"DEAD_CNT":0,"INJ_CNT":2,"LOCATION":9},"geometry":{"type":"Point","coordinates":[120.3213948,22.6799218]}},
{"type":"Feature","properties":{"ACC_TYPE":"A2","YEAR":112,"DEAD_CNT":0,"INJ_CNT":1,"LOCATION":1},"geometry":{"type":"Point","coordinates":[120.2875406,22.6351136]}},
{"type":"Feature","properties":{"ACC_TYPE":"A2","YEAR":112,"DEAD_CNT":0,"INJ_CNT":2,"LOCATION":8},"geometry":{"type":"Point","coordinates":[120.349774,22.683995]}},
{"type":"Feature","properties":{"ACC_TYPE":"A2","YEAR":112,"DEAD_CNT":0,"INJ_CNT":2,"LOCATION":8},"geometry":{"type":"Point","coordinates":[120.3598318,22.6450011]}},
{"type":"Feature","properties":{"ACC_TYPE":"A2","YEAR":112,"DEAD_CNT":0,"INJ_CNT":2,"LOCATION":9},"geometry":{"type":"Point","coordinates":[120.39078,22.6583759]}},
{"type":"Feature","properties":{"ACC_TYPE":"A2","YEAR":112,"DEAD_CNT":0,"INJ_CNT":1,"LOCATION":1},"geometry":{"type":"Point","coordinates":[120.30601,22.6838]}},
{"type":"Feature","properties":{"ACC_TYPE":"A2","YEAR":112,"DEAD_CNT":0,"INJ_CNT":1,"LOCATION":1},"geometry":{"type":"Point","coordinates":[120.3220293,22.6804028]}},
{"type":"Feature","properties":{"ACC_TYPE":"A2","YEAR":112,"DEAD_CNT":0,"INJ_CNT":1,"LOCATION":1},"geometry":{"type":"Point","coordinates":[120.3240328,22.589952]}},
{"type":"Feature","properties":{"ACC_TYPE":"A2","YEAR":112,"DEAD_CNT":0,"INJ_CNT":2,"LOCATION":1},"geometry":{"type":"Point","coordinates":[120.3079,22.61224]}},
{"type":"Feature","properties":{"ACC_TYPE":"A2","YEAR":112,"DEAD_CNT":0,"INJ_CNT":2,"LOCATION":8},"geometry":{"type":"Point","coordinates":[120.3539,22.72986]}},
{"type":"Feature","properties":{"ACC_TYPE":"A2","YEAR":112,"DEAD_CNT":0,"INJ_CNT":2,"LOCATION":1},"geometry":{"type":"Point","coordinates":[120.3410003,22.5272876]}},
{"type":"Feature","properties":{"ACC_TYPE":"A2","YEAR":112,"DEAD_CNT":0,"INJ_CNT":2,"LOCATION":1},"geometry":{"type":"Point","coordinates":[120.3485472,22.7257374]}},
{"type":"Feature","properties":{"ACC_TYPE":"A2","YEAR":112,"DEAD_CNT":0,"INJ_CNT":1,"LOCATION":1},"geometry":{"type":"Point","coordinates":[120.4833618,22.890406]}},
{"type":"Feature","properties":{"ACC_TYPE":"A2","YEAR":112,"DEAD_CNT":0,"INJ_CNT":4,"LOCATION":9},"geometry":{"type":"Point","coordinates":[120.3095386,22.7267254]}},
{"type":"Feature","properties":{"ACC_TYPE":"A2","YEAR":112,"DEAD_CNT":0,"INJ_CNT":1,"LOCATION":1},"geometry":{"type":"Point","coordinates":[120.3028646,22.6289356]}},
{"type":"Feature","properties":{"ACC_TYPE":"A2","YEAR":112,"DEAD_CNT":0,"INJ_CNT":1,"LOCATION":9},"geometry":{"type":"Point","coordinates":[120.2925781,22.6341852]}},
{"type":"Feature","properties":{"ACC_TYPE":"A2","YEAR":112,"DEAD_CNT":0,"INJ_CNT":2,"LOCATION":9},"geometry":{"type":"Point","coordinates":[120.3173794,22.6498372]}},
{"type":"Feature","properties":{"ACC_TYPE":"A2","YEAR":112,"DEAD_CNT":0,"INJ_CNT":2,"LOCATION":2},"geometry":{"type":"Point","coordinates":[120.2983953,22.6325848]}},
{"type":"Feature","properties":{"ACC_TYPE":"A2","YEAR":112,"DEAD_CNT":0,"INJ_CNT":1,"LOCATION":9},"geometry":{"type":"Point","coordinates":[120.4753185,22.8713]}},
{"type":"Feature","properties":{"ACC_TYPE":"A2","YEAR":112,"DEAD_CNT":0,"INJ_CNT":3,"LOCATION":7},"geometry":{"type":"Point","coordinates":[120.3108,22.66446]}},
{"type":"Feature","properties":{"ACC_TYPE":"A2","YEAR":112,"DEAD_CNT":0,"INJ_CNT":1,"LOCATION":1},"geometry":{"type":"Point","coordinates":[120.3321932,22.6407213]}},
{"type":"Feature","properties":{"ACC_TYPE":"A2","YEAR":112,"DEAD_CNT":0,"INJ_CNT":2,"LOCATION":9},"geometry":{"type":"Point","coordinates":[120.4223224,22.65715282]}},
{"type":"Feature","properties":{"ACC_TYPE":"A2","YEAR":112,"DEAD_CNT":0,"INJ_CNT":1,"LOCATION":8},"geometry":{"type":"Point","coordinates":[120.3505793,22.6375664]}},
{"type":"Feature","properties":{"ACC_TYPE":"A2","YEAR":112,"DEAD_CNT":0,"INJ_CNT":2,"LOCATION":8},"geometry":{"type":"Point","coordinates":[120.357618,22.566844]}},
{"type":"Feature","properties":{"ACC_TYPE":"A2","YEAR":112,"DEAD_CNT":0,"INJ_CNT":1,"LOCATION":7},"geometry":{"type":"Point","coordinates":[120.329116,22.731258]}},
{"type":"Feature","properties":{"ACC_TYPE":"A2","YEAR":112,"DEAD_CNT":0,"INJ_CNT":1,"LOCATION":2},"geometry":{"type":"Point","coordinates":[120.3359666,22.6053256]}},
{"type":"Feature","properties":{"ACC_TYPE":"A2","YEAR":112,"DEAD_CNT":0,"INJ_CNT":1,"LOCATION":1},"geometry":{"type":"Point","coordinates":[120.3263692,22.5989578]}},
{"type":"Feature","properties":{"ACC_TYPE":"A2","YEAR":112,"DEAD_CNT":0,"INJ_CNT":1,"LOCATION":1},"geometry":{"type":"Point","coordinates":[120.331741,22.65013395]}},
{"type":"Feature","properties":{"ACC_TYPE":"A2","YEAR":112,"DEAD_CNT":0,"INJ_CNT":1,"LOCATION":1},"geometry":{"type":"Point","coordinates":[120.3694223,22.5727753]}},
{"type":"Feature","properties":{"ACC_TYPE":"A2","YEAR":112,"DEAD_CNT":0,"INJ_CNT":2,"LOCATION":9},"geometry":{"type":"Point","coordinates":[120.317939,22.622287]}},
{"type":"Feature","properties":{"ACC_TYPE":"A2","YEAR":112,"DEAD_CNT":0,"INJ_CNT":1,"LOCATION":1},"geometry":{"type":"Point","coordinates":[120.3270667,22.6086645]}},
{"type":"Feature","properties":{"ACC_TYPE":"A2","YEAR":112,"DEAD_CNT":0,"INJ_CNT":1,"LOCATION":1},"geometry":{"type":"Point","coordinates":[120.3113,22.61269]}},
{"type":"Feature","properties":{"ACC_TYPE":"A2","YEAR":112,"DEAD_CNT":0,"INJ_CNT":1,"LOCATION":1},"geometry":{"type":"Point","coordinates":[120.2959852,22.7928354]}},
{"type":"Feature","properties":{"ACC_TYPE":"A2","YEAR":112,"DEAD_CNT":0,"INJ_CNT":1,"LOCATION":2},"geometry":{"type":"Point","coordinates":[120.2986371,22.7088158]}},
{"type":"Feature","properties":{"ACC_TYPE":"A2","YEAR":112,"DEAD_CNT":0,"INJ_CNT":1,"LOCATION":7},"geometry":{"type":"Point","coordinates":[120.3207256,22.6712758]}},
{"type":"Feature","properties":{"ACC_TYPE":"A2","YEAR":112,"DEAD_CNT":0,"INJ_CNT":2,"LOCATION":9},"geometry":{"type":"Point","coordinates":[120.2494198,22.73435734]}},
{"type":"Feature","properties":{"ACC_TYPE":"A2","YEAR":112,"DEAD_CNT":0,"INJ_CNT":1,"LOCATION":1},"geometry":{"type":"Point","coordinates":[120.3,22.6]}},
{"type":"Feature","properties":{"ACC_TYPE":"A2","YEAR":112,"DEAD_CNT":0,"INJ_CNT":1,"LOCATION":8},"geometry":{"type":"Point","coordinates":[120.3217311,22.677453]}},
{"type":"Feature","properties":{"ACC_TYPE":"A2","YEAR":112,"DEAD_CNT":0,"INJ_CNT":1,"LOCATION":1},"geometry":{"type":"Point","coordinates":[120.3939453,22.6383717]}},
{"type":"Feature","properties":{"ACC_TYPE":"A2","YEAR":112,"DEAD_CNT":0,"INJ_CNT":1,"LOCATION":20},"geometry":{"type":"Point","coordinates":[120.3625621,22.62540227]}},
{"type":"Feature","properties":{"ACC_TYPE":"A2","YEAR":112,"DEAD_CNT":0,"INJ_CNT":2,"LOCATION":9},"geometry":{"type":"Point","coordinates":[120.3383,22.74361]}},
{"type":"Feature","properties":{"ACC_TYPE":"A2","YEAR":112,"DEAD_CNT":0,"INJ_CNT":2,"LOCATION":1},"geometry":{"type":"Point","coordinates":[120.3495,22.52637]}},
{"type":"Feature","properties":{"ACC_TYPE":"A2","YEAR":112,"DEAD_CNT":0,"INJ_CNT":1,"LOCATION":1},"geometry":{"type":"Point","coordinates":[120.5494,22.89297]}},
{"type":"Feature","properties":{"ACC_TYPE":"A2","YEAR":112,"DEAD_CNT":0,"INJ_CNT":2,"LOCATION":1},"geometry":{"type":"Point","coordinates":[120.2208,22.90048]}},
{"type":"Feature","properties":{"ACC_TYPE":"A2","YEAR":112,"DEAD_CNT":0,"INJ_CNT":2,"LOCATION":9},"geometry":{"type":"Point","coordinates":[120.3238059,22.6106897]}},
{"type":"Feature","properties":{"ACC_TYPE":"A2","YEAR":112,"DEAD_CNT":0,"INJ_CNT":2,"LOCATION":9},"geometry":{"type":"Point","coordinates":[120.4785,22.88322]}},
{"type":"Feature","properties":{"ACC_TYPE":"A2","YEAR":112,"DEAD_CNT":0,"INJ_CNT":1,"LOCATION":1},"geometry":{"type":"Point","coordinates":[120.3023255,22.6707578]}},
{"type":"Feature","properties":{"ACC_TYPE":"A2","YEAR":112,"DEAD_CNT":0,"INJ_CNT":1,"LOCATION":1},"geometry":{"type":"Point","coordinates":[120.329,22.72367]}},
{"type":"Feature","properties":{"ACC_TYPE":"A2","YEAR":112,"DEAD_CNT":0,"INJ_CNT":1,"LOCATION":1},"geometry":{"type":"Point","coordinates":[120.2926,22.73437]}},
{"type":"Feature","properties":{"ACC_TYPE":"A2","YEAR":112,"DEAD_CNT":0,"INJ_CNT":2,"LOCATION":2},"geometry":{"type":"Point","coordinates":[120.3395198,22.6107688]}},
{"type":"Feature","properties":{"ACC_TYPE":"A2","YEAR":112,"DEAD_CNT":0,"INJ_CNT":2,"LOCATION":1},"geometry":{"type":"Point","coordinates":[120.312211,22.6224794]}},
{"type":"Feature","properties":{"ACC_TYPE":"A2","YEAR":112,"DEAD_CNT":0,"INJ_CNT":1,"LOCATION":24},"geometry":{"type":"Point","coordinates":[120.3268579,22.6371609]}},
{"type":"Feature","properties":{"ACC_TYPE":"A2","YEAR":112,"DEAD_CNT":0,"INJ_CNT":1,"LOCATION":1},"geometry":{"type":"Point","coordinates":[120.3076731,22.6672626]}},
{"type":"Feature","properties":{"ACC_TYPE":"A2","YEAR":112,"DEAD_CNT":0,"INJ_CNT":3,"LOCATION":8},"geometry":{"type":"Point","coordinates":[120.3138,22.64149]}},
{"type":"Feature","properties":{"ACC_TYPE":"A2","YEAR":112,"DEAD_CNT":0,"INJ_CNT":1,"LOCATION":1},"geometry":{"type":"Point","coordinates":[120.303,22.61361]}},
{"type":"Feature","properties":{"ACC_TYPE":"A2","YEAR":112,"DEAD_CNT":0,"INJ_CNT":1,"LOCATION":19},"geometry":{"type":"Point","coordinates":[120.2978452,22.6152728]}},
{"type":"Feature","properties":{"ACC_TYPE":"A2","YEAR":112,"DEAD_CNT":0,"INJ_CNT":1,"LOCATION":1},"geometry":{"type":"Point","coordinates":[120.3048109,22.6360495]}},
{"type":"Feature","properties":{"ACC_TYPE":"A2","YEAR":112,"DEAD_CNT":0,"INJ_CNT":1,"LOCATION":14},"geometry":{"type":"Point","coordinates":[120.3641,22.76564]}},
{"type":"Feature","properties":{"ACC_TYPE":"A2","YEAR":112,"DEAD_CNT":0,"INJ_CNT":1,"LOCATION":1},"geometry":{"type":"Point","coordinates":[120.2986303,22.6222455]}},
{"type":"Feature","properties":{"ACC_TYPE":"A2","YEAR":112,"DEAD_CNT":0,"INJ_CNT":2,"LOCATION":9},"geometry":{"type":"Point","coordinates":[120.3486065,22.6988011]}},
{"type":"Feature","properties":{"ACC_TYPE":"A2","YEAR":112,"DEAD_CNT":0,"INJ_CNT":1,"LOCATION":7},"geometry":{"type":"Point","coordinates":[120.354618,22.566117]}},
{"type":"Feature","properties":{"ACC_TYPE":"A2","YEAR":112,"DEAD_CNT":0,"INJ_CNT":1,"LOCATION":1},"geometry":{"type":"Point","coordinates":[120.3330042,22.6927928]}},
{"type":"Feature","properties":{"ACC_TYPE":"A2","YEAR":112,"DEAD_CNT":0,"INJ_CNT":2,"LOCATION":1},"geometry":{"type":"Point","coordinates":[120.347322,22.6106703]}},
{"type":"Feature","properties":{"ACC_TYPE":"A2","YEAR":112,"DEAD_CNT":0,"INJ_CNT":2,"LOCATION":7},"geometry":{"type":"Point","coordinates":[120.273,22.6042]}},
{"type":"Feature","properties":{"ACC_TYPE":"A2","YEAR":112,"DEAD_CNT":0,"INJ_CNT":2,"LOCATION":8},"geometry":{"type":"Point","coordinates":[120.3633232,22.6405974]}},
{"type":"Feature","properties":{"ACC_TYPE":"A2","YEAR":112,"DEAD_CNT":0,"INJ_CNT":3,"LOCATION":9},"geometry":{"type":"Point","coordinates":[120.2811074,22.59651305]}},
{"type":"Feature","properties":{"ACC_TYPE":"A2","YEAR":112,"DEAD_CNT":0,"INJ_CNT":2,"LOCATION":2},"geometry":{"type":"Point","coordinates":[120.1847,22.90044]}},
{"type":"Feature","properties":{"ACC_TYPE":"A2","YEAR":112,"DEAD_CNT":0,"INJ_CNT":1,"LOCATION":8},"geometry":{"type":"Point","coordinates":[120.2974142,22.6377697]}},
{"type":"Feature","properties":{"ACC_TYPE":"A2","YEAR":112,"DEAD_CNT":0,"INJ_CNT":1,"LOCATION":2},"geometry":{"type":"Point","coordinates":[120.304,22.65836]}},
{"type":"Feature","properties":{"ACC_TYPE":"A2","YEAR":112,"DEAD_CNT":0,"INJ_CNT":1,"LOCATION":1},"geometry":{"type":"Point","coordinates":[120.3063,22.6247]}},
{"type":"Feature","properties":{"ACC_TYPE":"A2","YEAR":112,"DEAD_CNT":0,"INJ_CNT":2,"LOCATION":19},"geometry":{"type":"Point","coordinates":[120.2924037,22.791875]}},
{"type":"Feature","properties":{"ACC_TYPE":"A2","YEAR":112,"DEAD_CNT":0,"INJ_CNT":1,"LOCATION":14},"geometry":{"type":"Point","coordinates":[120.358412,22.51228469]}},
{"type":"Feature","properties":{"ACC_TYPE":"A2","YEAR":112,"DEAD_CNT":0,"INJ_CNT":2,"LOCATION":1},"geometry":{"type":"Point","coordinates":[120.3108,22.66437]}},
{"type":"Feature","properties":{"ACC_TYPE":"A2","YEAR":112,"DEAD_CNT":0,"INJ_CNT":2,"LOCATION":21},"geometry":{"type":"Point","coordinates":[120.3082233,22.6608957]}},
{"type":"Feature","properties":{"ACC_TYPE":"A2","YEAR":112,"DEAD_CNT":0,"INJ_CNT":1,"LOCATION":1},"geometry":{"type":"Point","coordinates":[120.3004775,22.63472437]}},
{"type":"Feature","properties":{"ACC_TYPE":"A2","YEAR":112,"DEAD_CNT":0,"INJ_CNT":2,"LOCATION":1},"geometry":{"type":"Point","coordinates":[120.2953743,22.6252014]}},
{"type":"Feature","properties":{"ACC_TYPE":"A2","YEAR":112,"DEAD_CNT":0,"INJ_CNT":1,"LOCATION":1},"geometry":{"type":"Point","coordinates":[120.2967604,22.6297043]}},
{"type":"Feature","properties":{"ACC_TYPE":"A2","YEAR":112,"DEAD_CNT":0,"INJ_CNT":1,"LOCATION":1},"geometry":{"type":"Point","coordinates":[120.3497412,22.7251627]}},
{"type":"Feature","properties":{"ACC_TYPE":"A2","YEAR":112,"DEAD_CNT":0,"INJ_CNT":2,"LOCATION":1},"geometry":{"type":"Point","coordinates":[120.3204896,22.5844108]}},
{"type":"Feature","properties":{"ACC_TYPE":"A2","YEAR":112,"DEAD_CNT":0,"INJ_CNT":1,"LOCATION":7},"geometry":{"type":"Point","coordinates":[120.3211757,22.6192469]}},
{"type":"Feature","properties":{"ACC_TYPE":"A2","YEAR":112,"DEAD_CNT":0,"INJ_CNT":2,"LOCATION":8},"geometry":{"type":"Point","coordinates":[120.1892932,22.9005103]}},
{"type":"Feature","properties":{"ACC_TYPE":"A2","YEAR":112,"DEAD_CNT":0,"INJ_CNT":2,"LOCATION":2},"geometry":{"type":"Point","coordinates":[120.3566,22.57007]}},
{"type":"Feature","properties":{"ACC_TYPE":"A2","YEAR":112,"DEAD_CNT":0,"INJ_CNT":1,"LOCATION":8},"geometry":{"type":"Point","coordinates":[120.3078384,22.6653988]}},
{"type":"Feature","properties":{"ACC_TYPE":"A2","YEAR":112,"DEAD_CNT":0,"INJ_CNT":1,"LOCATION":1},"geometry":{"type":"Point","coordinates":[120.3460256,22.6251456]}},
{"type":"Feature","properties":{"ACC_TYPE":"A2","YEAR":112,"DEAD_CNT":0,"INJ_CNT":2,"LOCATION":1},"geometry":{"type":"Point","coordinates":[120.3158094,22.6235062]}},
{"type":"Feature","properties":{"ACC_TYPE":"A2","YEAR":112,"DEAD_CNT":0,"INJ_CNT":2,"LOCATION":9},"geometry":{"type":"Point","coordinates":[120.4816759,22.8913998]}},
{"type":"Feature","properties":{"ACC_TYPE":"A2","YEAR":112,"DEAD_CNT":0,"INJ_CNT":2,"LOCATION":7},"geometry":{"type":"Point","coordinates":[120.2633698,22.85503386]}},
{"type":"Feature","properties":{"ACC_TYPE":"A2","YEAR":112,"DEAD_CNT":0,"INJ_CNT":1,"LOCATION":1},"geometry":{"type":"Point","coordinates":[120.3016771,22.62911436]}},
{"type":"Feature","properties":{"ACC_TYPE":"A2","YEAR":112,"DEAD_CNT":0,"INJ_CNT":1,"LOCATION":1},"geometry":{"type":"Point","coordinates":[120.3724691,22.6248412]}},
{"type":"Feature","properties":{"ACC_TYPE":"A2","YEAR":112,"DEAD_CNT":0,"INJ_CNT":2,"LOCATION":2},"geometry":{"type":"Point","coordinates":[120.3065,22.67567]}},
{"type":"Feature","properties":{"ACC_TYPE":"A2","YEAR":112,"DEAD_CNT":0,"INJ_CNT":2,"LOCATION":1},"geometry":{"type":"Point","coordinates":[120.362,22.62558]}},
{"type":"Feature","properties":{"ACC_TYPE":"A2","YEAR":112,"DEAD_CNT":0,"INJ_CNT":2,"LOCATION":1},"geometry":{"type":"Point","coordinates":[120.1943562,22.86343565]}},
{"type":"Feature","properties":{"ACC_TYPE":"A2","YEAR":112,"DEAD_CNT":0,"INJ_CNT":2,"LOCATION":1},"geometry":{"type":"Point","coordinates":[120.3080697,22.6582935]}},
{"type":"Feature","properties":{"ACC_TYPE":"A2","YEAR":112,"DEAD_CNT":0,"INJ_CNT":1,"LOCATION":9},"geometry":{"type":"Point","coordinates":[120.37607,22.621247]}},
{"type":"Feature","properties":{"ACC_TYPE":"A2","YEAR":112,"DEAD_CNT":0,"INJ_CNT":1,"LOCATION":1},"geometry":{"type":"Point","coordinates":[120.3131757,22.610116]}},
{"type":"Feature","properties":{"ACC_TYPE":"A2","YEAR":112,"DEAD_CNT":0,"INJ_CNT":3,"LOCATION":2},"geometry":{"type":"Point","coordinates":[120.340772,22.640397]}},
{"type":"Feature","properties":{"ACC_TYPE":"A2","YEAR":112,"DEAD_CNT":0,"INJ_CNT":2,"LOCATION":7},"geometry":{"type":"Point","coordinates":[120.3435456,22.6448952]}},
{"type":"Feature","properties":{"ACC_TYPE":"A2","YEAR":112,"DEAD_CNT":0,"INJ_CNT":2,"LOCATION":8},"geometry":{"type":"Point","coordinates":[120.3019373,22.63199095]}},
{"type":"Feature","properties":{"ACC_TYPE":"A2","YEAR":112,"DEAD_CNT":0,"INJ_CNT":1,"LOCATION":1},"geometry":{"type":"Point","coordinates":[120.3811,22.62857]}},
{"type":"Feature","properties":{"ACC_TYPE":"A2","YEAR":112,"DEAD_CNT":0,"INJ_CNT":1,"LOCATION":19},"geometry":{"type":"Point","coordinates":[120.2630859,22.74263088]}},
{"type":"Feature","properties":{"ACC_TYPE":"A2","YEAR":112,"DEAD_CNT":0,"INJ_CNT":1,"LOCATION":7},"geometry":{"type":"Point","coordinates":[120.3329025,22.5962453]}},
{"type":"Feature","properties":{"ACC_TYPE":"A2","YEAR":112,"DEAD_CNT":0,"INJ_CNT":1,"LOCATION":2},"geometry":{"type":"Point","coordinates":[120.3121614,22.5920089]}},
{"type":"Feature","properties":{"ACC_TYPE":"A2","YEAR":112,"DEAD_CNT":0,"INJ_CNT":3,"LOCATION":9},"geometry":{"type":"Point","coordinates":[120.3375482,22.5909822]}},
{"type":"Feature","properties":{"ACC_TYPE":"A2","YEAR":112,"DEAD_CNT":0,"INJ_CNT":1,"LOCATION":9},"geometry":{"type":"Point","coordinates":[120.3395073,22.6050968]}},
{"type":"Feature","properties":{"ACC_TYPE":"A2","YEAR":112,"DEAD_CNT":0,"INJ_CNT":2,"LOCATION":9},"geometry":{"type":"Point","coordinates":[120.4341652,22.5889476]}},
{"type":"Feature","properties":{"ACC_TYPE":"A2","YEAR":112,"DEAD_CNT":0,"INJ_CNT":2,"LOCATION":1},"geometry":{"type":"Point","coordinates":[120.3934,22.77292]}},
{"type":"Feature","properties":{"ACC_TYPE":"A2","YEAR":112,"DEAD_CNT":0,"INJ_CNT":1,"LOCATION":1},"geometry":{"type":"Point","coordinates":[120.3237644,22.6480289]}},
{"type":"Feature","properties":{"ACC_TYPE":"A2","YEAR":112,"DEAD_CNT":0,"INJ_CNT":2,"LOCATION":8},"geometry":{"type":"Point","coordinates":[120.4300742,22.6455697]}},
{"type":"Feature","properties":{"ACC_TYPE":"A2","YEAR":112,"DEAD_CNT":0,"INJ_CNT":2,"LOCATION":9},"geometry":{"type":"Point","coordinates":[120.3112,22.75745]}},
{"type":"Feature","properties":{"ACC_TYPE":"A2","YEAR":112,"DEAD_CNT":0,"INJ_CNT":1,"LOCATION":1},"geometry":{"type":"Point","coordinates":[120.2929121,22.7123263]}},
{"type":"Feature","properties":{"ACC_TYPE":"A2","YEAR":112,"DEAD_CNT":0,"INJ_CNT":1,"LOCATION":1},"geometry":{"type":"Point","coordinates":[120.2985,22.64586]}},
{"type":"Feature","properties":{"ACC_TYPE":"A2","YEAR":112,"DEAD_CNT":0,"INJ_CNT":2,"LOCATION":8},"geometry":{"type":"Point","coordinates":[120.3531,22.63713]}},
{"type":"Feature","properties":{"ACC_TYPE":"A2","YEAR":112,"DEAD_CNT":0,"INJ_CNT":1,"LOCATION":1},"geometry":{"type":"Point","coordinates":[120.347,22.64504]}},
{"type":"Feature","properties":{"ACC_TYPE":"A2","YEAR":112,"DEAD_CNT":0,"INJ_CNT":2,"LOCATION":1},"geometry":{"type":"Point","coordinates":[120.2964249,22.6224448]}},
{"type":"Feature","properties":{"ACC_TYPE":"A2","YEAR":112,"DEAD_CNT":0,"INJ_CNT":3,"LOCATION":9},"geometry":{"type":"Point","coordinates":[120.5632,22.98796]}},
{"type":"Feature","properties":{"ACC_TYPE":"A2","YEAR":112,"DEAD_CNT":0,"INJ_CNT":3,"LOCATION":7},"geometry":{"type":"Point","coordinates":[120.3866492,22.77123348]}},
{"type":"Feature","properties":{"ACC_TYPE":"A2","YEAR":112,"DEAD_CNT":0,"INJ_CNT":2,"LOCATION":9},"geometry":{"type":"Point","coordinates":[120.2568,22.80783]}},
{"type":"Feature","properties":{"ACC_TYPE":"A2","YEAR":112,"DEAD_CNT":0,"INJ_CNT":5,"LOCATION":8},"geometry":{"type":"Point","coordinates":[120.3355649,22.59525672]}},
{"type":"Feature","properties":{"ACC_TYPE":"A2","YEAR":112,"DEAD_CNT":0,"INJ_CNT":1,"LOCATION":9},"geometry":{"type":"Point","coordinates":[120.3255338,22.6271271]}},
{"type":"Feature","properties":{"ACC_TYPE":"A2","YEAR":112,"DEAD_CNT":0,"INJ_CNT":1,"LOCATION":1},"geometry":{"type":"Point","coordinates":[120.3189105,22.6763235]}},
{"type":"Feature","properties":{"ACC_TYPE":"A2","YEAR":112,"DEAD_CNT":0,"INJ_CNT":2,"LOCATION":1},"geometry":{"type":"Point","coordinates":[120.3509,22.64561]}},
{"type":"Feature","properties":{"ACC_TYPE":"A2","YEAR":112,"DEAD_CNT":0,"INJ_CNT":1,"LOCATION":1},"geometry":{"type":"Point","coordinates":[120.2966,22.6181]}},
{"type":"Feature","properties":{"ACC_TYPE":"A2","YEAR":112,"DEAD_CNT":0,"INJ_CNT":2,"LOCATION":1},"geometry":{"type":"Point","coordinates":[120.3320597,22.7212458]}},
{"type":"Feature","properties":{"ACC_TYPE":"A2","YEAR":112,"DEAD_CNT":0,"INJ_CNT":1,"LOCATION":8},"geometry":{"type":"Point","coordinates":[120.330823,22.6458083]}},
{"type":"Feature","properties":{"ACC_TYPE":"A2","YEAR":112,"DEAD_CNT":0,"INJ_CNT":2,"LOCATION":7},"geometry":{"type":"Point","coordinates":[120.2810447,22.6366995]}},
{"type":"Feature","properties":{"ACC_TYPE":"A2","YEAR":112,"DEAD_CNT":0,"INJ_CNT":1,"LOCATION":2},"geometry":{"type":"Point","coordinates":[120.3067,22.66482]}},
{"type":"Feature","properties":{"ACC_TYPE":"A2","YEAR":112,"DEAD_CNT":0,"INJ_CNT":2,"LOCATION":9},"geometry":{"type":"Point","coordinates":[120.3476648,22.6173047]}},
{"type":"Feature","properties":{"ACC_TYPE":"A2","YEAR":112,"DEAD_CNT":0,"INJ_CNT":1,"LOCATION":1},"geometry":{"type":"Point","coordinates":[120.3218787,22.6784037]}},
{"type":"Feature","properties":{"ACC_TYPE":"A2","YEAR":112,"DEAD_CNT":0,"INJ_CNT":2,"LOCATION":1},"geometry":{"type":"Point","coordinates":[120.3568996,22.5667535]}},
{"type":"Feature","properties":{"ACC_TYPE":"A2","YEAR":112,"DEAD_CNT":0,"INJ_CNT":1,"LOCATION":7},"geometry":{"type":"Point","coordinates":[120.344385,22.6249839]}},
{"type":"Feature","properties":{"ACC_TYPE":"A2","YEAR":112,"DEAD_CNT":0,"INJ_CNT":2,"LOCATION":1},"geometry":{"type":"Point","coordinates":[120.3510167,22.7309968]}},
{"type":"Feature","properties":{"ACC_TYPE":"A2","YEAR":112,"DEAD_CNT":0,"INJ_CNT":1,"LOCATION":9},"geometry":{"type":"Point","coordinates":[120.3167,22.61736]}},
{"type":"Feature","properties":{"ACC_TYPE":"A2","YEAR":112,"DEAD_CNT":0,"INJ_CNT":1,"LOCATION":2},"geometry":{"type":"Point","coordinates":[120.341,22.61278]}},
{"type":"Feature","properties":{"ACC_TYPE":"A2","YEAR":112,"DEAD_CNT":0,"INJ_CNT":1,"LOCATION":9},"geometry":{"type":"Point","coordinates":[120.2942,22.7967]}},
{"type":"Feature","properties":{"ACC_TYPE":"A2","YEAR":112,"DEAD_CNT":0,"INJ_CNT":1,"LOCATION":1},"geometry":{"type":"Point","coordinates":[120.3432054,22.64529713]}},
{"type":"Feature","properties":{"ACC_TYPE":"A2","YEAR":112,"DEAD_CNT":0,"INJ_CNT":1,"LOCATION":1},"geometry":{"type":"Point","coordinates":[120.3321434,22.6350607]}},
{"type":"Feature","properties":{"ACC_TYPE":"A2","YEAR":112,"DEAD_CNT":0,"INJ_CNT":2,"LOCATION":8},"geometry":{"type":"Point","coordinates":[120.3083009,22.6609076]}},
{"type":"Feature","properties":{"ACC_TYPE":"A2","YEAR":112,"DEAD_CNT":0,"INJ_CNT":2,"LOCATION":9},"geometry":{"type":"Point","coordinates":[120.3258181,22.5956588]}},
{"type":"Feature","properties":{"ACC_TYPE":"A2","YEAR":112,"DEAD_CNT":0,"INJ_CNT":1,"LOCATION":1},"geometry":{"type":"Point","coordinates":[120.2884,22.63871]}},
{"type":"Feature","properties":{"ACC_TYPE":"A2","YEAR":112,"DEAD_CNT":0,"INJ_CNT":2,"LOCATION":9},"geometry":{"type":"Point","coordinates":[120.3922459,22.63486832]}},
{"type":"Feature","properties":{"ACC_TYPE":"A2","YEAR":112,"DEAD_CNT":0,"INJ_CNT":1,"LOCATION":1},"geometry":{"type":"Point","coordinates":[120.3357,22.6076]}},
{"type":"Feature","properties":{"ACC_TYPE":"A2","YEAR":112,"DEAD_CNT":0,"INJ_CNT":1,"LOCATION":8},"geometry":{"type":"Point","coordinates":[120.3322877,22.6177839]}},
{"type":"Feature","properties":{"ACC_TYPE":"A2","YEAR":112,"DEAD_CNT":0,"INJ_CNT":1,"LOCATION":2},"geometry":{"type":"Point","coordinates":[120.3285894,22.6329494]}},
{"type":"Feature","properties":{"ACC_TYPE":"A2","YEAR":112,"DEAD_CNT":0,"INJ_CNT":1,"LOCATION":1},"geometry":{"type":"Point","coordinates":[120.3421,22.69239]}},
{"type":"Feature","properties":{"ACC_TYPE":"A2","YEAR":112,"DEAD_CNT":0,"INJ_CNT":1,"LOCATION":8},"geometry":{"type":"Point","coordinates":[120.3449,22.60348]}},
{"type":"Feature","properties":{"ACC_TYPE":"A2","YEAR":112,"DEAD_CNT":0,"INJ_CNT":2,"LOCATION":11},"geometry":{"type":"Point","coordinates":[120.3248512,22.7359124]}},
{"type":"Feature","properties":{"ACC_TYPE":"A2","YEAR":112,"DEAD_CNT":0,"INJ_CNT":1,"LOCATION":8},"geometry":{"type":"Point","coordinates":[120.3212444,22.6223234]}},
{"type":"Feature","properties":{"ACC_TYPE":"A2","YEAR":112,"DEAD_CNT":0,"INJ_CNT":2,"LOCATION":2},"geometry":{"type":"Point","coordinates":[120.2867228,22.7876772]}},
{"type":"Feature","properties":{"ACC_TYPE":"A2","YEAR":112,"DEAD_CNT":0,"INJ_CNT":3,"LOCATION":7},"geometry":{"type":"Point","coordinates":[120.359,22.62917]}},
{"type":"Feature","properties":{"ACC_TYPE":"A2","YEAR":112,"DEAD_CNT":0,"INJ_CNT":1,"LOCATION":1},"geometry":{"type":"Point","coordinates":[120.304358,22.6702228]}},
{"type":"Feature","properties":{"ACC_TYPE":"A2","YEAR":112,"DEAD_CNT":0,"INJ_CNT":1,"LOCATION":2},"geometry":{"type":"Point","coordinates":[120.298302,22.6415382]}},
{"type":"Feature","properties":{"ACC_TYPE":"A2","YEAR":112,"DEAD_CNT":0,"INJ_CNT":2,"LOCATION":9},"geometry":{"type":"Point","coordinates":[120.4013431,22.5956241]}},
{"type":"Feature","properties":{"ACC_TYPE":"A2","YEAR":112,"DEAD_CNT":0,"INJ_CNT":2,"LOCATION":1},"geometry":{"type":"Point","coordinates":[120.342,22.63913]}},
{"type":"Feature","properties":{"ACC_TYPE":"A2","YEAR":112,"DEAD_CNT":0,"INJ_CNT":1,"LOCATION":1},"geometry":{"type":"Point","coordinates":[120.3010327,22.6230584]}},
{"type":"Feature","properties":{"ACC_TYPE":"A2","YEAR":112,"DEAD_CNT":0,"INJ_CNT":1,"LOCATION":7},"geometry":{"type":"Point","coordinates":[120.301337,22.665626]}},
{"type":"Feature","properties":{"ACC_TYPE":"A2","YEAR":112,"DEAD_CNT":0,"INJ_CNT":2,"LOCATION":7},"geometry":{"type":"Point","coordinates":[120.384852,22.58258]}},
{"type":"Feature","properties":{"ACC_TYPE":"A2","YEAR":112,"DEAD_CNT":0,"INJ_CNT":2,"LOCATION":7},"geometry":{"type":"Point","coordinates":[120.3754218,22.6224756]}},
{"type":"Feature","properties":{"ACC_TYPE":"A2","YEAR":112,"DEAD_CNT":0,"INJ_CNT":2,"LOCATION":7},"geometry":{"type":"Point","coordinates":[120.2938,22.6594]}},
{"type":"Feature","properties":{"ACC_TYPE":"A2","YEAR":112,"DEAD_CNT":0,"INJ_CNT":2,"LOCATION":1},"geometry":{"type":"Point","coordinates":[120.3094375,22.6164863]}},
{"type":"Feature","properties":{"ACC_TYPE":"A2","YEAR":112,"DEAD_CNT":0,"INJ_CNT":3,"LOCATION":2},"geometry":{"type":"Point","coordinates":[120.2768,22.65139]}},
{"type":"Feature","properties":{"ACC_TYPE":"A2","YEAR":112,"DEAD_CNT":0,"INJ_CNT":2,"LOCATION":9},"geometry":{"type":"Point","coordinates":[120.3089,22.62037]}},
{"type":"Feature","properties":{"ACC_TYPE":"A2","YEAR":112,"DEAD_CNT":0,"INJ_CNT":2,"LOCATION":9},"geometry":{"type":"Point","coordinates":[120.323097,22.627449]}},
{"type":"Feature","properties":{"ACC_TYPE":"A2","YEAR":112,"DEAD_CNT":0,"INJ_CNT":1,"LOCATION":1},"geometry":{"type":"Point","coordinates":[120.303788,22.6712637]}},
{"type":"Feature","properties":{"ACC_TYPE":"A2","YEAR":112,"DEAD_CNT":0,"INJ_CNT":1,"LOCATION":1},"geometry":{"type":"Point","coordinates":[120.3076303,22.63419442]}},
{"type":"Feature","properties":{"ACC_TYPE":"A2","YEAR":112,"DEAD_CNT":0,"INJ_CNT":2,"LOCATION":9},"geometry":{"type":"Point","coordinates":[120.2943,22.66722]}},
{"type":"Feature","properties":{"ACC_TYPE":"A2","YEAR":112,"DEAD_CNT":0,"INJ_CNT":1,"LOCATION":1},"geometry":{"type":"Point","coordinates":[120.3279401,22.6310108]}},
{"type":"Feature","properties":{"ACC_TYPE":"A2","YEAR":112,"DEAD_CNT":0,"INJ_CNT":3,"LOCATION":1},"geometry":{"type":"Point","coordinates":[120.2781324,22.6263396]}},
{"type":"Feature","properties":{"ACC_TYPE":"A2","YEAR":112,"DEAD_CNT":0,"INJ_CNT":1,"LOCATION":2},"geometry":{"type":"Point","coordinates":[120.3242487,22.5943654]}},
{"type":"Feature","properties":{"ACC_TYPE":"A2","YEAR":112,"DEAD_CNT":0,"INJ_CNT":1,"LOCATION":19},"geometry":{"type":"Point","coordinates":[120.2992636,22.7265249]}},
{"type":"Feature","properties":{"ACC_TYPE":"A2","YEAR":112,"DEAD_CNT":0,"INJ_CNT":2,"LOCATION":8},"geometry":{"type":"Point","coordinates":[120.3072025,22.6189522]}},
{"type":"Feature","properties":{"ACC_TYPE":"A2","YEAR":112,"DEAD_CNT":0,"INJ_CNT":2,"LOCATION":8},"geometry":{"type":"Point","coordinates":[120.2943049,22.5970633]}},
{"type":"Feature","properties":{"ACC_TYPE":"A2","YEAR":112,"DEAD_CNT":0,"INJ_CNT":1,"LOCATION":1},"geometry":{"type":"Point","coordinates":[120.2991421,22.6936043]}},
{"type":"Feature","properties":{"ACC_TYPE":"A2","YEAR":112,"DEAD_CNT":0,"INJ_CNT":1,"LOCATION":1},"geometry":{"type":"Point","coordinates":[120.5544,23.04851]}},
{"type":"Feature","properties":{"ACC_TYPE":"A2","YEAR":112,"DEAD_CNT":0,"INJ_CNT":1,"LOCATION":9},"geometry":{"type":"Point","coordinates":[120.3230525,22.6330163]}},
{"type":"Feature","properties":{"ACC_TYPE":"A2","YEAR":112,"DEAD_CNT":0,"INJ_CNT":1,"LOCATION":8},"geometry":{"type":"Point","coordinates":[120.3301841,22.64117307]}},
{"type":"Feature","properties":{"ACC_TYPE":"A2","YEAR":112,"DEAD_CNT":0,"INJ_CNT":1,"LOCATION":7},"geometry":{"type":"Point","coordinates":[120.3216943,22.6781894]}},
{"type":"Feature","properties":{"ACC_TYPE":"A2","YEAR":112,"DEAD_CNT":0,"INJ_CNT":2,"LOCATION":8},"geometry":{"type":"Point","coordinates":[120.3352989,22.674135]}},
{"type":"Feature","properties":{"ACC_TYPE":"A2","YEAR":112,"DEAD_CNT":0,"INJ_CNT":1,"LOCATION":1},"geometry":{"type":"Point","coordinates":[120.3065468,22.6589511]}},
{"type":"Feature","properties":{"ACC_TYPE":"A2","YEAR":112,"DEAD_CNT":0,"INJ_CNT":2,"LOCATION":7},"geometry":{"type":"Point","coordinates":[120.3000681,22.6596506]}},
{"type":"Feature","properties":{"ACC_TYPE":"A2","YEAR":112,"DEAD_CNT":0,"INJ_CNT":2,"LOCATION":9},"geometry":{"type":"Point","coordinates":[120.314022,22.587952]}},
{"type":"Feature","properties":{"ACC_TYPE":"A2","YEAR":112,"DEAD_CNT":0,"INJ_CNT":2,"LOCATION":9},"geometry":{"type":"Point","coordinates":[120.3196137,22.5858495]}},
{"type":"Feature","properties":{"ACC_TYPE":"A2","YEAR":112,"DEAD_CNT":0,"INJ_CNT":1,"LOCATION":8},"geometry":{"type":"Point","coordinates":[120.305,22.80743]}},
{"type":"Feature","properties":{"ACC_TYPE":"A2","YEAR":112,"DEAD_CNT":0,"INJ_CNT":1,"LOCATION":1},"geometry":{"type":"Point","coordinates":[120.2966103,22.6274892]}},
{"type":"Feature","properties":{"ACC_TYPE":"A2","YEAR":112,"DEAD_CNT":0,"INJ_CNT":1,"LOCATION":1},"geometry":{"type":"Point","coordinates":[120.3294307,22.6119917]}},
{"type":"Feature","properties":{"ACC_TYPE":"A2","YEAR":112,"DEAD_CNT":0,"INJ_CNT":1,"LOCATION":14},"geometry":{"type":"Point","coordinates":[120.3535341,22.7254685]}},
{"type":"Feature","properties":{"ACC_TYPE":"A2","YEAR":112,"DEAD_CNT":0,"INJ_CNT":2,"LOCATION":8},"geometry":{"type":"Point","coordinates":[120.3326822,22.6140516]}},
{"type":"Feature","properties":{"ACC_TYPE":"A2","YEAR":112,"DEAD_CNT":0,"INJ_CNT":1,"LOCATION":9},"geometry":{"type":"Point","coordinates":[120.2892271,22.6310172]}},
{"type":"Feature","properties":{"ACC_TYPE":"A2","YEAR":112,"DEAD_CNT":0,"INJ_CNT":2,"LOCATION":9},"geometry":{"type":"Point","coordinates":[120.3045178,22.6139444]}},
{"type":"Feature","properties":{"ACC_TYPE":"A2","YEAR":112,"DEAD_CNT":0,"INJ_CNT":1,"LOCATION":9},"geometry":{"type":"Point","coordinates":[120.2979901,22.6348397]}},
{"type":"Feature","properties":{"ACC_TYPE":"A2","YEAR":112,"DEAD_CNT":0,"INJ_CNT":1,"LOCATION":1},"geometry":{"type":"Point","coordinates":[120.321396,22.6803421]}},
{"type":"Feature","properties":{"ACC_TYPE":"A2","YEAR":112,"DEAD_CNT":0,"INJ_CNT":1,"LOCATION":7},"geometry":{"type":"Point","coordinates":[120.3596,22.58481]}},
{"type":"Feature","properties":{"ACC_TYPE":"A2","YEAR":112,"DEAD_CNT":0,"INJ_CNT":1,"LOCATION":9},"geometry":{"type":"Point","coordinates":[120.313712,22.686656]}},
{"type":"Feature","properties":{"ACC_TYPE":"A2","YEAR":112,"DEAD_CNT":0,"INJ_CNT":2,"LOCATION":2},"geometry":{"type":"Point","coordinates":[120.2907,22.65522]}},
{"type":"Feature","properties":{"ACC_TYPE":"A2","YEAR":112,"DEAD_CNT":0,"INJ_CNT":2,"LOCATION":1},"geometry":{"type":"Point","coordinates":[120.3401195,22.62910029]}},
{"type":"Feature","properties":{"ACC_TYPE":"A2","YEAR":112,"DEAD_CNT":0,"INJ_CNT":1,"LOCATION":1},"geometry":{"type":"Point","coordinates":[120.331488,22.6407472]}},
{"type":"Feature","properties":{"ACC_TYPE":"A2","YEAR":112,"DEAD_CNT":0,"INJ_CNT":2,"LOCATION":9},"geometry":{"type":"Point","coordinates":[120.399497,22.6010281]}},
{"type":"Feature","properties":{"ACC_TYPE":"A2","YEAR":112,"DEAD_CNT":0,"INJ_CNT":1,"LOCATION":2},"geometry":{"type":"Point","coordinates":[120.3111079,22.5935907]}},
{"type":"Feature","properties":{"ACC_TYPE":"A2","YEAR":112,"DEAD_CNT":0,"INJ_CNT":1,"LOCATION":8},"geometry":{"type":"Point","coordinates":[120.3363481,22.73452727]}},
{"type":"Feature","properties":{"ACC_TYPE":"A2","YEAR":112,"DEAD_CNT":0,"INJ_CNT":1,"LOCATION":2},"geometry":{"type":"Point","coordinates":[120.3231189,22.6765226]}},
{"type":"Feature","properties":{"ACC_TYPE":"A2","YEAR":112,"DEAD_CNT":0,"INJ_CNT":2,"LOCATION":8},"geometry":{"type":"Point","coordinates":[120.2444,22.8867]}},
{"type":"Feature","properties":{"ACC_TYPE":"A2","YEAR":112,"DEAD_CNT":0,"INJ_CNT":5,"LOCATION":1},"geometry":{"type":"Point","coordinates":[120.3264923,22.7269705]}},
{"type":"Feature","properties":{"ACC_TYPE":"A2","YEAR":112,"DEAD_CNT":0,"INJ_CNT":1,"LOCATION":1},"geometry":{"type":"Point","coordinates":[120.3296933,22.6121045]}},
{"type":"Feature","properties":{"ACC_TYPE":"A2","YEAR":112,"DEAD_CNT":0,"INJ_CNT":2,"LOCATION":8},"geometry":{"type":"Point","coordinates":[120.2979646,22.6236561]}},
{"type":"Feature","properties":{"ACC_TYPE":"A2","YEAR":112,"DEAD_CNT":0,"INJ_CNT":1,"LOCATION":2},"geometry":{"type":"Point","coordinates":[120.3227437,22.6280969]}},
{"type":"Feature","properties":{"ACC_TYPE":"A2","YEAR":112,"DEAD_CNT":0,"INJ_CNT":3,"LOCATION":1},"geometry":{"type":"Point","coordinates":[120.3300461,22.7280205]}},
{"type":"Feature","properties":{"ACC_TYPE":"A2","YEAR":112,"DEAD_CNT":0,"INJ_CNT":2,"LOCATION":1},"geometry":{"type":"Point","coordinates":[120.3056814,22.6754618]}},
{"type":"Feature","properties":{"ACC_TYPE":"A2","YEAR":112,"DEAD_CNT":0,"INJ_CNT":2,"LOCATION":9},"geometry":{"type":"Point","coordinates":[120.4057876,22.62036498]}},
{"type":"Feature","properties":{"ACC_TYPE":"A2","YEAR":112,"DEAD_CNT":0,"INJ_CNT":1,"LOCATION":9},"geometry":{"type":"Point","coordinates":[120.3083009,22.6609076]}},
{"type":"Feature","properties":{"ACC_TYPE":"A2","YEAR":112,"DEAD_CNT":0,"INJ_CNT":2,"LOCATION":9},"geometry":{"type":"Point","coordinates":[120.3488615,22.7325689]}},
{"type":"Feature","properties":{"ACC_TYPE":"A2","YEAR":112,"DEAD_CNT":0,"INJ_CNT":1,"LOCATION":2},"geometry":{"type":"Point","coordinates":[120.2967,22.66322]}},
{"type":"Feature","properties":{"ACC_TYPE":"A2","YEAR":112,"DEAD_CNT":0,"INJ_CNT":1,"LOCATION":1},"geometry":{"type":"Point","coordinates":[120.3323,22.64042]}},
{"type":"Feature","properties":{"ACC_TYPE":"A2","YEAR":112,"DEAD_CNT":0,"INJ_CNT":2,"LOCATION":9},"geometry":{"type":"Point","coordinates":[120.2861457,22.79121762]}},
{"type":"Feature","properties":{"ACC_TYPE":"A2","YEAR":112,"DEAD_CNT":0,"INJ_CNT":2,"LOCATION":9},"geometry":{"type":"Point","coordinates":[120.2951798,22.6194893]}},
{"type":"Feature","properties":{"ACC_TYPE":"A2","YEAR":112,"DEAD_CNT":0,"INJ_CNT":1,"LOCATION":8},"geometry":{"type":"Point","coordinates":[120.2977,22.61434]}},
{"type":"Feature","properties":{"ACC_TYPE":"A2","YEAR":112,"DEAD_CNT":0,"INJ_CNT":1,"LOCATION":8},"geometry":{"type":"Point","coordinates":[120.3111866,22.6230909]}},
{"type":"Feature","properties":{"ACC_TYPE":"A2","YEAR":112,"DEAD_CNT":0,"INJ_CNT":2,"LOCATION":1},"geometry":{"type":"Point","coordinates":[120.3224658,22.6468437]}},
{"type":"Feature","properties":{"ACC_TYPE":"A2","YEAR":112,"DEAD_CNT":0,"INJ_CNT":1,"LOCATION":9},"geometry":{"type":"Point","coordinates":[120.2978458,22.64508941]}},
{"type":"Feature","properties":{"ACC_TYPE":"A2","YEAR":112,"DEAD_CNT":0,"INJ_CNT":1,"LOCATION":1},"geometry":{"type":"Point","coordinates":[120.3453846,22.705644]}},
{"type":"Feature","properties":{"ACC_TYPE":"A2","YEAR":112,"DEAD_CNT":0,"INJ_CNT":1,"LOCATION":7},"geometry":{"type":"Point","coordinates":[120.3476229,22.6977373]}},
{"type":"Feature","properties":{"ACC_TYPE":"A2","YEAR":112,"DEAD_CNT":0,"INJ_CNT":1,"LOCATION":1},"geometry":{"type":"Point","coordinates":[120.329607,22.7254941]}},
{"type":"Feature","properties":{"ACC_TYPE":"A2","YEAR":112,"DEAD_CNT":0,"INJ_CNT":1,"LOCATION":1},"geometry":{"type":"Point","coordinates":[120.4118694,22.5612394]}},
{"type":"Feature","properties":{"ACC_TYPE":"A2","YEAR":112,"DEAD_CNT":0,"INJ_CNT":2,"LOCATION":1},"geometry":{"type":"Point","coordinates":[120.3114,22.66134]}},
{"type":"Feature","properties":{"ACC_TYPE":"A2","YEAR":112,"DEAD_CNT":0,"INJ_CNT":2,"LOCATION":2},"geometry":{"type":"Point","coordinates":[120.3881334,22.6187406]}},
{"type":"Feature","properties":{"ACC_TYPE":"A2","YEAR":112,"DEAD_CNT":0,"INJ_CNT":1,"LOCATION":2},"geometry":{"type":"Point","coordinates":[120.2718578,22.7616049]}},
{"type":"Feature","properties":{"ACC_TYPE":"A2","YEAR":112,"DEAD_CNT":0,"INJ_CNT":2,"LOCATION":1},"geometry":{"type":"Point","coordinates":[120.4851,22.88442]}},
{"type":"Feature","properties":{"ACC_TYPE":"A2","YEAR":112,"DEAD_CNT":0,"INJ_CNT":2,"LOCATION":9},"geometry":{"type":"Point","coordinates":[120.3933502,22.64543548]}},
{"type":"Feature","properties":{"ACC_TYPE":"A2","YEAR":112,"DEAD_CNT":0,"INJ_CNT":1,"LOCATION":1},"geometry":{"type":"Point","coordinates":[120.3527703,22.6187445]}},
{"type":"Feature","properties":{"ACC_TYPE":"A2","YEAR":112,"DEAD_CNT":0,"INJ_CNT":1,"LOCATION":9},"geometry":{"type":"Point","coordinates":[120.3219743,22.6062762]}},
{"type":"Feature","properties":{"ACC_TYPE":"A2","YEAR":112,"DEAD_CNT":0,"INJ_CNT":1,"LOCATION":1},"geometry":{"type":"Point","coordinates":[120.3437489,22.676841]}},
{"type":"Feature","properties":{"ACC_TYPE":"A2","YEAR":112,"DEAD_CNT":0,"INJ_CNT":2,"LOCATION":9},"geometry":{"type":"Point","coordinates":[120.2227,22.90709]}},
{"type":"Feature","properties":{"ACC_TYPE":"A2","YEAR":112,"DEAD_CNT":0,"INJ_CNT":1,"LOCATION":1},"geometry":{"type":"Point","coordinates":[120.3049785,22.7584289]}},
{"type":"Feature","properties":{"ACC_TYPE":"A2","YEAR":112,"DEAD_CNT":0,"INJ_CNT":1,"LOCATION":8},"geometry":{"type":"Point","coordinates":[120.3085781,22.665801]}},
{"type":"Feature","properties":{"ACC_TYPE":"A2","YEAR":112,"DEAD_CNT":0,"INJ_CNT":1,"LOCATION":1},"geometry":{"type":"Point","coordinates":[120.4801024,22.8891427]}},
{"type":"Feature","properties":{"ACC_TYPE":"A2","YEAR":112,"DEAD_CNT":0,"INJ_CNT":1,"LOCATION":1},"geometry":{"type":"Point","coordinates":[120.2914,22.79095]}},
{"type":"Feature","properties":{"ACC_TYPE":"A2","YEAR":112,"DEAD_CNT":0,"INJ_CNT":1,"LOCATION":1},"geometry":{"type":"Point","coordinates":[120.3111475,22.80743711]}},
{"type":"Feature","properties":{"ACC_TYPE":"A2","YEAR":112,"DEAD_CNT":0,"INJ_CNT":2,"LOCATION":1},"geometry":{"type":"Point","coordinates":[120.3083009,22.6609076]}},
{"type":"Feature","properties":{"ACC_TYPE":"A2","YEAR":112,"DEAD_CNT":0,"INJ_CNT":1,"LOCATION":1},"geometry":{"type":"Point","coordinates":[120.3058,22.61341]}},
{"type":"Feature","properties":{"ACC_TYPE":"A2","YEAR":112,"DEAD_CNT":0,"INJ_CNT":2,"LOCATION":1},"geometry":{"type":"Point","coordinates":[120.3405784,22.7318104]}},
{"type":"Feature","properties":{"ACC_TYPE":"A2","YEAR":112,"DEAD_CNT":0,"INJ_CNT":1,"LOCATION":9},"geometry":{"type":"Point","coordinates":[120.2963571,22.6188998]}},
{"type":"Feature","properties":{"ACC_TYPE":"A2","YEAR":112,"DEAD_CNT":0,"INJ_CNT":3,"LOCATION":1},"geometry":{"type":"Point","coordinates":[120.2859501,22.6224371]}},
{"type":"Feature","properties":{"ACC_TYPE":"A2","YEAR":112,"DEAD_CNT":0,"INJ_CNT":1,"LOCATION":2},"geometry":{"type":"Point","coordinates":[120.329,22.72359]}},
{"type":"Feature","properties":{"ACC_TYPE":"A2","YEAR":112,"DEAD_CNT":0,"INJ_CNT":1,"LOCATION":1},"geometry":{"type":"Point","coordinates":[120.3681,22.58387]}},
{"type":"Feature","properties":{"ACC_TYPE":"A2","YEAR":112,"DEAD_CNT":0,"INJ_CNT":1,"LOCATION":8},"geometry":{"type":"Point","coordinates":[120.3516527,22.6429112]}},
{"type":"Feature","properties":{"ACC_TYPE":"A2","YEAR":112,"DEAD_CNT":0,"INJ_CNT":2,"LOCATION":9},"geometry":{"type":"Point","coordinates":[120.2908,22.65512]}},
{"type":"Feature","properties":{"ACC_TYPE":"A2","YEAR":112,"DEAD_CNT":0,"INJ_CNT":1,"LOCATION":9},"geometry":{"type":"Point","coordinates":[120.3288,22.8808]}},
{"type":"Feature","properties":{"ACC_TYPE":"A2","YEAR":112,"DEAD_CNT":0,"INJ_CNT":1,"LOCATION":9},"geometry":{"type":"Point","coordinates":[120.2880563,22.670733]}},
{"type":"Feature","properties":{"ACC_TYPE":"A2","YEAR":112,"DEAD_CNT":0,"INJ_CNT":2,"LOCATION":9},"geometry":{"type":"Point","coordinates":[120.405381,22.517125]}},
{"type":"Feature","properties":{"ACC_TYPE":"A2","YEAR":112,"DEAD_CNT":0,"INJ_CNT":2,"LOCATION":1},"geometry":{"type":"Point","coordinates":[120.531547,22.893658]}},
{"type":"Feature","properties":{"ACC_TYPE":"A2","YEAR":112,"DEAD_CNT":0,"INJ_CNT":1,"LOCATION":1},"geometry":{"type":"Point","coordinates":[120.3615346,22.5674638]}},
{"type":"Feature","properties":{"ACC_TYPE":"A2","YEAR":112,"DEAD_CNT":0,"INJ_CNT":1,"LOCATION":9},"geometry":{"type":"Point","coordinates":[120.2942735,22.7080726]}},
{"type":"Feature","properties":{"ACC_TYPE":"A2","YEAR":112,"DEAD_CNT":0,"INJ_CNT":1,"LOCATION":1},"geometry":{"type":"Point","coordinates":[120.324279,22.6517021]}},
{"type":"Feature","properties":{"ACC_TYPE":"A2","YEAR":112,"DEAD_CNT":0,"INJ_CNT":1,"LOCATION":7},"geometry":{"type":"Point","coordinates":[120.2565,22.86666]}},
{"type":"Feature","properties":{"ACC_TYPE":"A2","YEAR":112,"DEAD_CNT":0,"INJ_CNT":2,"LOCATION":7},"geometry":{"type":"Point","coordinates":[120.362,22.79246]}},
{"type":"Feature","properties":{"ACC_TYPE":"A2","YEAR":112,"DEAD_CNT":0,"INJ_CNT":1,"LOCATION":1},"geometry":{"type":"Point","coordinates":[120.3017,22.62916]}},
{"type":"Feature","properties":{"ACC_TYPE":"A2","YEAR":112,"DEAD_CNT":0,"INJ_CNT":1,"LOCATION":7},"geometry":{"type":"Point","coordinates":[120.3813576,22.6209763]}},
{"type":"Feature","properties":{"ACC_TYPE":"A2","YEAR":112,"DEAD_CNT":0,"INJ_CNT":2,"LOCATION":1},"geometry":{"type":"Point","coordinates":[120.3542,22.72909]}},
{"type":"Feature","properties":{"ACC_TYPE":"A2","YEAR":112,"DEAD_CNT":0,"INJ_CNT":1,"LOCATION":1},"geometry":{"type":"Point","coordinates":[120.3163447,22.61965]}},
{"type":"Feature","properties":{"ACC_TYPE":"A2","YEAR":112,"DEAD_CNT":0,"INJ_CNT":2,"LOCATION":7},"geometry":{"type":"Point","coordinates":[120.30601,22.6838]}},
{"type":"Feature","properties":{"ACC_TYPE":"A2","YEAR":112,"DEAD_CNT":0,"INJ_CNT":1,"LOCATION":1},"geometry":{"type":"Point","coordinates":[120.3947353,22.5109089]}},
{"type":"Feature","properties":{"ACC_TYPE":"A2","YEAR":112,"DEAD_CNT":0,"INJ_CNT":1,"LOCATION":1},"geometry":{"type":"Point","coordinates":[120.2984744,22.6440005]}},
{"type":"Feature","properties":{"ACC_TYPE":"A2","YEAR":112,"DEAD_CNT":0,"INJ_CNT":1,"LOCATION":2},"geometry":{"type":"Point","coordinates":[120.2920314,22.653206]}},
{"type":"Feature","properties":{"ACC_TYPE":"A2","YEAR":112,"DEAD_CNT":0,"INJ_CNT":1,"LOCATION":1},"geometry":{"type":"Point","coordinates":[120.2923083,22.6625189]}},
{"type":"Feature","properties":{"ACC_TYPE":"A2","YEAR":112,"DEAD_CNT":0,"INJ_CNT":1,"LOCATION":2},"geometry":{"type":"Point","coordinates":[120.2944896,22.6757103]}},
{"type":"Feature","properties":{"ACC_TYPE":"A2","YEAR":112,"DEAD_CNT":0,"INJ_CNT":2,"LOCATION":2},"geometry":{"type":"Point","coordinates":[120.3665,22.62164]}},
{"type":"Feature","properties":{"ACC_TYPE":"A2","YEAR":112,"DEAD_CNT":0,"INJ_CNT":1,"LOCATION":7},"geometry":{"type":"Point","coordinates":[120.3033,22.66645]}},
{"type":"Feature","properties":{"ACC_TYPE":"A2","YEAR":112,"DEAD_CNT":0,"INJ_CNT":2,"LOCATION":8},"geometry":{"type":"Point","coordinates":[120.3045,22.76943]}},
{"type":"Feature","properties":{"ACC_TYPE":"A2","YEAR":112,"DEAD_CNT":0,"INJ_CNT":2,"LOCATION":8},"geometry":{"type":"Point","coordinates":[120.3556926,22.7030288]}},
{"type":"Feature","properties":{"ACC_TYPE":"A2","YEAR":112,"DEAD_CNT":0,"INJ_CNT":2,"LOCATION":19},"geometry":{"type":"Point","coordinates":[120.2928392,22.62075161]}},
{"type":"Feature","properties":{"ACC_TYPE":"A2","YEAR":112,"DEAD_CNT":0,"INJ_CNT":1,"LOCATION":8},"geometry":{"type":"Point","coordinates":[120.310301,22.718343]}},
{"type":"Feature","properties":{"ACC_TYPE":"A2","YEAR":112,"DEAD_CNT":0,"INJ_CNT":2,"LOCATION":8},"geometry":{"type":"Point","coordinates":[120.2815,22.64452]}},
{"type":"Feature","properties":{"ACC_TYPE":"A2","YEAR":112,"DEAD_CNT":0,"INJ_CNT":1,"LOCATION":1},"geometry":{"type":"Point","coordinates":[120.2913,22.80131]}},
{"type":"Feature","properties":{"ACC_TYPE":"A2","YEAR":112,"DEAD_CNT":0,"INJ_CNT":2,"LOCATION":8},"geometry":{"type":"Point","coordinates":[120.6441111,22.93161342]}},
{"type":"Feature","properties":{"ACC_TYPE":"A2","YEAR":112,"DEAD_CNT":0,"INJ_CNT":1,"LOCATION":9},"geometry":{"type":"Point","coordinates":[120.3478,22.62865]}},
{"type":"Feature","properties":{"ACC_TYPE":"A2","YEAR":112,"DEAD_CNT":0,"INJ_CNT":1,"LOCATION":1},"geometry":{"type":"Point","coordinates":[120.321576,22.6804324]}},
{"type":"Feature","properties":{"ACC_TYPE":"A2","YEAR":112,"DEAD_CNT":0,"INJ_CNT":2,"LOCATION":2},"geometry":{"type":"Point","coordinates":[120.3282075,22.6051344]}},
{"type":"Feature","properties":{"ACC_TYPE":"A2","YEAR":112,"DEAD_CNT":0,"INJ_CNT":1,"LOCATION":1},"geometry":{"type":"Point","coordinates":[120.3128,22.7209]}},
{"type":"Feature","properties":{"ACC_TYPE":"A2","YEAR":112,"DEAD_CNT":0,"INJ_CNT":1,"LOCATION":9},"geometry":{"type":"Point","coordinates":[120.5632343,22.911679]}},
{"type":"Feature","properties":{"ACC_TYPE":"A2","YEAR":112,"DEAD_CNT":0,"INJ_CNT":2,"LOCATION":2},"geometry":{"type":"Point","coordinates":[120.299799,22.6456756]}},
{"type":"Feature","properties":{"ACC_TYPE":"A2","YEAR":112,"DEAD_CNT":0,"INJ_CNT":1,"LOCATION":8},"geometry":{"type":"Point","coordinates":[120.3318632,22.6482706]}},
{"type":"Feature","properties":{"ACC_TYPE":"A2","YEAR":112,"DEAD_CNT":0,"INJ_CNT":3,"LOCATION":8},"geometry":{"type":"Point","coordinates":[120.3079757,22.62866279]}},
{"type":"Feature","properties":{"ACC_TYPE":"A2","YEAR":112,"DEAD_CNT":0,"INJ_CNT":1,"LOCATION":1},"geometry":{"type":"Point","coordinates":[120.3608,22.58498]}},
{"type":"Feature","properties":{"ACC_TYPE":"A2","YEAR":112,"DEAD_CNT":0,"INJ_CNT":2,"LOCATION":2},"geometry":{"type":"Point","coordinates":[120.53413,22.88593]}},
{"type":"Feature","properties":{"ACC_TYPE":"A2","YEAR":112,"DEAD_CNT":0,"INJ_CNT":1,"LOCATION":1},"geometry":{"type":"Point","coordinates":[120.285,22.78437]}},
{"type":"Feature","properties":{"ACC_TYPE":"A2","YEAR":112,"DEAD_CNT":0,"INJ_CNT":1,"LOCATION":8},"geometry":{"type":"Point","coordinates":[120.3093237,22.62593831]}},
{"type":"Feature","properties":{"ACC_TYPE":"A2","YEAR":112,"DEAD_CNT":0,"INJ_CNT":1,"LOCATION":9},"geometry":{"type":"Point","coordinates":[120.2272,22.85736]}},
{"type":"Feature","properties":{"ACC_TYPE":"A2","YEAR":112,"DEAD_CNT":0,"INJ_CNT":1,"LOCATION":1},"geometry":{"type":"Point","coordinates":[120.1845,22.8992]}},
{"type":"Feature","properties":{"ACC_TYPE":"A2","YEAR":112,"DEAD_CNT":0,"INJ_CNT":2,"LOCATION":1},"geometry":{"type":"Point","coordinates":[120.3620482,22.6209171]}},
{"type":"Feature","properties":{"ACC_TYPE":"A2","YEAR":112,"DEAD_CNT":0,"INJ_CNT":1,"LOCATION":1},"geometry":{"type":"Point","coordinates":[120.3958151,22.5079929]}},
{"type":"Feature","properties":{"ACC_TYPE":"A2","YEAR":112,"DEAD_CNT":0,"INJ_CNT":1,"LOCATION":1},"geometry":{"type":"Point","coordinates":[120.329607,22.7254941]}},
{"type":"Feature","properties":{"ACC_TYPE":"A2","YEAR":112,"DEAD_CNT":0,"INJ_CNT":2,"LOCATION":7},"geometry":{"type":"Point","coordinates":[120.3262085,22.72376859]}},
{"type":"Feature","properties":{"ACC_TYPE":"A2","YEAR":112,"DEAD_CNT":0,"INJ_CNT":1,"LOCATION":2},"geometry":{"type":"Point","coordinates":[120.3546,22.56608]}},
{"type":"Feature","properties":{"ACC_TYPE":"A2","YEAR":112,"DEAD_CNT":0,"INJ_CNT":1,"LOCATION":9},"geometry":{"type":"Point","coordinates":[120.3085,22.68425]}},
{"type":"Feature","properties":{"ACC_TYPE":"A2","YEAR":112,"DEAD_CNT":0,"INJ_CNT":1,"LOCATION":2},"geometry":{"type":"Point","coordinates":[120.3344543,22.60026715]}},
{"type":"Feature","properties":{"ACC_TYPE":"A2","YEAR":112,"DEAD_CNT":0,"INJ_CNT":1,"LOCATION":1},"geometry":{"type":"Point","coordinates":[120.3557,22.65016]}},
{"type":"Feature","properties":{"ACC_TYPE":"A2","YEAR":112,"DEAD_CNT":0,"INJ_CNT":1,"LOCATION":9},"geometry":{"type":"Point","coordinates":[120.454294,22.888248]}},
{"type":"Feature","properties":{"ACC_TYPE":"A2","YEAR":112,"DEAD_CNT":0,"INJ_CNT":1,"LOCATION":1},"geometry":{"type":"Point","coordinates":[120.3309,22.61924]}},
{"type":"Feature","properties":{"ACC_TYPE":"A2","YEAR":112,"DEAD_CNT":0,"INJ_CNT":1,"LOCATION":2},"geometry":{"type":"Point","coordinates":[120.2938023,22.6347592]}},
{"type":"Feature","properties":{"ACC_TYPE":"A2","YEAR":112,"DEAD_CNT":0,"INJ_CNT":2,"LOCATION":7},"geometry":{"type":"Point","coordinates":[120.4003105,22.5989231]}},
{"type":"Feature","properties":{"ACC_TYPE":"A2","YEAR":112,"DEAD_CNT":0,"INJ_CNT":1,"LOCATION":2},"geometry":{"type":"Point","coordinates":[120.2791041,22.6564423]}},
{"type":"Feature","properties":{"ACC_TYPE":"A2","YEAR":112,"DEAD_CNT":0,"INJ_CNT":1,"LOCATION":8},"geometry":{"type":"Point","coordinates":[120.3508,22.63857]}},
{"type":"Feature","properties":{"ACC_TYPE":"A2","YEAR":112,"DEAD_CNT":0,"INJ_CNT":2,"LOCATION":9},"geometry":{"type":"Point","coordinates":[120.2963,22.61997]}},
{"type":"Feature","properties":{"ACC_TYPE":"A2","YEAR":112,"DEAD_CNT":0,"INJ_CNT":1,"LOCATION":9},"geometry":{"type":"Point","coordinates":[120.3432261,22.64063872]}},
{"type":"Feature","properties":{"ACC_TYPE":"A2","YEAR":112,"DEAD_CNT":0,"INJ_CNT":2,"LOCATION":1},"geometry":{"type":"Point","coordinates":[120.2456,22.78475]}},
{"type":"Feature","properties":{"ACC_TYPE":"A2","YEAR":112,"DEAD_CNT":0,"INJ_CNT":1,"LOCATION":21},"geometry":{"type":"Point","coordinates":[120.308291,22.644997]}},
{"type":"Feature","properties":{"ACC_TYPE":"A2","YEAR":112,"DEAD_CNT":0,"INJ_CNT":1,"LOCATION":1},"geometry":{"type":"Point","coordinates":[120.2990671,22.62075243]}},
{"type":"Feature","properties":{"ACC_TYPE":"A2","YEAR":112,"DEAD_CNT":0,"INJ_CNT":2,"LOCATION":1},"geometry":{"type":"Point","coordinates":[120.3497897,22.7169506]}},
{"type":"Feature","properties":{"ACC_TYPE":"A2","YEAR":112,"DEAD_CNT":0,"INJ_CNT":1,"LOCATION":13},"geometry":{"type":"Point","coordinates":[120.3402,22.56393]}},
{"type":"Feature","properties":{"ACC_TYPE":"A2","YEAR":112,"DEAD_CNT":0,"INJ_CNT":1,"LOCATION":9},"geometry":{"type":"Point","coordinates":[120.3102,22.75773]}},
{"type":"Feature","properties":{"ACC_TYPE":"A2","YEAR":112,"DEAD_CNT":0,"INJ_CNT":2,"LOCATION":2},"geometry":{"type":"Point","coordinates":[120.5422682,22.89872322]}},
{"type":"Feature","properties":{"ACC_TYPE":"A2","YEAR":112,"DEAD_CNT":0,"INJ_CNT":3,"LOCATION":11},"geometry":{"type":"Point","coordinates":[120.2518,22.88184]}},
{"type":"Feature","properties":{"ACC_TYPE":"A2","YEAR":112,"DEAD_CNT":0,"INJ_CNT":1,"LOCATION":1},"geometry":{"type":"Point","coordinates":[120.2971605,22.71189665]}},
{"type":"Feature","properties":{"ACC_TYPE":"A2","YEAR":112,"DEAD_CNT":0,"INJ_CNT":2,"LOCATION":9},"geometry":{"type":"Point","coordinates":[120.3649206,22.67471439]}},
{"type":"Feature","properties":{"ACC_TYPE":"A2","YEAR":112,"DEAD_CNT":0,"INJ_CNT":2,"LOCATION":9},"geometry":{"type":"Point","coordinates":[120.4197691,22.6398198]}},
{"type":"Feature","properties":{"ACC_TYPE":"A2","YEAR":112,"DEAD_CNT":0,"INJ_CNT":2,"LOCATION":1},"geometry":{"type":"Point","coordinates":[120.3713386,22.5720496]}},
{"type":"Feature","properties":{"ACC_TYPE":"A2","YEAR":112,"DEAD_CNT":0,"INJ_CNT":2,"LOCATION":2},"geometry":{"type":"Point","coordinates":[120.2937,22.68751]}},
{"type":"Feature","properties":{"ACC_TYPE":"A2","YEAR":112,"DEAD_CNT":0,"INJ_CNT":1,"LOCATION":1},"geometry":{"type":"Point","coordinates":[120.2881,22.78999]}},
{"type":"Feature","properties":{"ACC_TYPE":"A2","YEAR":112,"DEAD_CNT":0,"INJ_CNT":1,"LOCATION":1},"geometry":{"type":"Point","coordinates":[120.2604984,22.85772403]}},
{"type":"Feature","properties":{"ACC_TYPE":"A2","YEAR":112,"DEAD_CNT":0,"INJ_CNT":1,"LOCATION":1},"geometry":{"type":"Point","coordinates":[120.2992,22.72639]}},
{"type":"Feature","properties":{"ACC_TYPE":"A2","YEAR":112,"DEAD_CNT":0,"INJ_CNT":1,"LOCATION":9},"geometry":{"type":"Point","coordinates":[120.3608455,22.7377083]}},
{"type":"Feature","properties":{"ACC_TYPE":"A2","YEAR":112,"DEAD_CNT":0,"INJ_CNT":1,"LOCATION":1},"geometry":{"type":"Point","coordinates":[120.324,22.62854]}},
{"type":"Feature","properties":{"ACC_TYPE":"A2","YEAR":112,"DEAD_CNT":0,"INJ_CNT":2,"LOCATION":1},"geometry":{"type":"Point","coordinates":[120.3017456,22.7969803]}},
{"type":"Feature","properties":{"ACC_TYPE":"A2","YEAR":112,"DEAD_CNT":0,"INJ_CNT":1,"LOCATION":1},"geometry":{"type":"Point","coordinates":[120.3153,22.62379]}},
{"type":"Feature","properties":{"ACC_TYPE":"A2","YEAR":112,"DEAD_CNT":0,"INJ_CNT":1,"LOCATION":1},"geometry":{"type":"Point","coordinates":[120.4186,22.65825]}},
{"type":"Feature","properties":{"ACC_TYPE":"A2","YEAR":112,"DEAD_CNT":0,"INJ_CNT":2,"LOCATION":1},"geometry":{"type":"Point","coordinates":[120.3093921,22.6497103]}},
{"type":"Feature","properties":{"ACC_TYPE":"A2","YEAR":112,"DEAD_CNT":0,"INJ_CNT":2,"LOCATION":14},"geometry":{"type":"Point","coordinates":[120.2517,22.87893]}},
{"type":"Feature","properties":{"ACC_TYPE":"A2","YEAR":112,"DEAD_CNT":0,"INJ_CNT":1,"LOCATION":2},"geometry":{"type":"Point","coordinates":[120.3052,22.61424]}},
{"type":"Feature","properties":{"ACC_TYPE":"A2","YEAR":112,"DEAD_CNT":0,"INJ_CNT":1,"LOCATION":9},"geometry":{"type":"Point","coordinates":[120.3213522,22.7301108]}},
{"type":"Feature","properties":{"ACC_TYPE":"A2","YEAR":112,"DEAD_CNT":0,"INJ_CNT":1,"LOCATION":8},"geometry":{"type":"Point","coordinates":[120.3157952,22.6613525]}},
{"type":"Feature","properties":{"ACC_TYPE":"A2","YEAR":112,"DEAD_CNT":0,"INJ_CNT":1,"LOCATION":1},"geometry":{"type":"Point","coordinates":[120.3102108,22.6296843]}},
{"type":"Feature","properties":{"ACC_TYPE":"A2","YEAR":112,"DEAD_CNT":0,"INJ_CNT":1,"LOCATION":1},"geometry":{"type":"Point","coordinates":[120.3320915,22.6266574]}},
{"type":"Feature","properties":{"ACC_TYPE":"A2","YEAR":112,"DEAD_CNT":0,"INJ_CNT":2,"LOCATION":2},"geometry":{"type":"Point","coordinates":[120.344354,22.6386661]}},
{"type":"Feature","properties":{"ACC_TYPE":"A2","YEAR":112,"DEAD_CNT":0,"INJ_CNT":2,"LOCATION":1},"geometry":{"type":"Point","coordinates":[120.3359666,22.6053256]}},
{"type":"Feature","properties":{"ACC_TYPE":"A2","YEAR":112,"DEAD_CNT":0,"INJ_CNT":1,"LOCATION":1},"geometry":{"type":"Point","coordinates":[120.2271,22.90955]}},
{"type":"Feature","properties":{"ACC_TYPE":"A2","YEAR":112,"DEAD_CNT":0,"INJ_CNT":2,"LOCATION":8},"geometry":{"type":"Point","coordinates":[120.2877097,22.6804544]}},
{"type":"Feature","properties":{"ACC_TYPE":"A2","YEAR":112,"DEAD_CNT":0,"INJ_CNT":1,"LOCATION":7},"geometry":{"type":"Point","coordinates":[120.2877126,22.6804479]}},
{"type":"Feature","properties":{"ACC_TYPE":"A2","YEAR":112,"DEAD_CNT":0,"INJ_CNT":1,"LOCATION":7},"geometry":{"type":"Point","coordinates":[120.3007698,22.6281387]}},
{"type":"Feature","properties":{"ACC_TYPE":"A2","YEAR":112,"DEAD_CNT":0,"INJ_CNT":2,"LOCATION":2},"geometry":{"type":"Point","coordinates":[120.2949702,22.72208207]}},
{"type":"Feature","properties":{"ACC_TYPE":"A2","YEAR":112,"DEAD_CNT":0,"INJ_CNT":2,"LOCATION":1},"geometry":{"type":"Point","coordinates":[120.3581456,22.6876999]}},
{"type":"Feature","properties":{"ACC_TYPE":"A2","YEAR":112,"DEAD_CNT":0,"INJ_CNT":1,"LOCATION":2},"geometry":{"type":"Point","coordinates":[120.2751,22.62306]}},
{"type":"Feature","properties":{"ACC_TYPE":"A2","YEAR":112,"DEAD_CNT":0,"INJ_CNT":1,"LOCATION":1},"geometry":{"type":"Point","coordinates":[120.3496,22.69316]}},
{"type":"Feature","properties":{"ACC_TYPE":"A2","YEAR":112,"DEAD_CNT":0,"INJ_CNT":2,"LOCATION":1},"geometry":{"type":"Point","coordinates":[120.3100753,22.6081666]}},
{"type":"Feature","properties":{"ACC_TYPE":"A2","YEAR":112,"DEAD_CNT":0,"INJ_CNT":1,"LOCATION":1},"geometry":{"type":"Point","coordinates":[120.2967988,22.61643717]}},
{"type":"Feature","properties":{"ACC_TYPE":"A2","YEAR":112,"DEAD_CNT":0,"INJ_CNT":1,"LOCATION":2},"geometry":{"type":"Point","coordinates":[120.3087136,22.6274755]}},
{"type":"Feature","properties":{"ACC_TYPE":"A2","YEAR":112,"DEAD_CNT":0,"INJ_CNT":1,"LOCATION":1},"geometry":{"type":"Point","coordinates":[120.3994465,22.5718033]}},
{"type":"Feature","properties":{"ACC_TYPE":"A2","YEAR":112,"DEAD_CNT":0,"INJ_CNT":1,"LOCATION":1},"geometry":{"type":"Point","coordinates":[120.4836,22.89055]}},
{"type":"Feature","properties":{"ACC_TYPE":"A2","YEAR":112,"DEAD_CNT":0,"INJ_CNT":1,"LOCATION":1},"geometry":{"type":"Point","coordinates":[120.2791041,22.6564423]}},
{"type":"Feature","properties":{"ACC_TYPE":"A2","YEAR":112,"DEAD_CNT":0,"INJ_CNT":1,"LOCATION":9},"geometry":{"type":"Point","coordinates":[120.5623418,22.8629454]}},
{"type":"Feature","properties":{"ACC_TYPE":"A2","YEAR":112,"DEAD_CNT":0,"INJ_CNT":1,"LOCATION":1},"geometry":{"type":"Point","coordinates":[120.3330042,22.6927928]}},
{"type":"Feature","properties":{"ACC_TYPE":"A2","YEAR":112,"DEAD_CNT":0,"INJ_CNT":1,"LOCATION":1},"geometry":{"type":"Point","coordinates":[120.2973921,22.6314979]}},
{"type":"Feature","properties":{"ACC_TYPE":"A2","YEAR":112,"DEAD_CNT":0,"INJ_CNT":1,"LOCATION":24},"geometry":{"type":"Point","coordinates":[120.2817,22.65134]}},
{"type":"Feature","properties":{"ACC_TYPE":"A2","YEAR":112,"DEAD_CNT":0,"INJ_CNT":2,"LOCATION":1},"geometry":{"type":"Point","coordinates":[120.2331,22.8979]}},
{"type":"Feature","properties":{"ACC_TYPE":"A2","YEAR":112,"DEAD_CNT":0,"INJ_CNT":1,"LOCATION":1},"geometry":{"type":"Point","coordinates":[120.2984,22.78236]}},
{"type":"Feature","properties":{"ACC_TYPE":"A2","YEAR":112,"DEAD_CNT":0,"INJ_CNT":1,"LOCATION":1},"geometry":{"type":"Point","coordinates":[120.3166773,22.6335436]}},
{"type":"Feature","properties":{"ACC_TYPE":"A2","YEAR":112,"DEAD_CNT":0,"INJ_CNT":2,"LOCATION":1},"geometry":{"type":"Point","coordinates":[120.3902,22.88593]}},
{"type":"Feature","properties":{"ACC_TYPE":"A2","YEAR":112,"DEAD_CNT":0,"INJ_CNT":1,"LOCATION":9},"geometry":{"type":"Point","coordinates":[120.2958,22.79407]}},
{"type":"Feature","properties":{"ACC_TYPE":"A2","YEAR":112,"DEAD_CNT":0,"INJ_CNT":2,"LOCATION":8},"geometry":{"type":"Point","coordinates":[120.301212,22.638021]}},
{"type":"Feature","properties":{"ACC_TYPE":"A2","YEAR":112,"DEAD_CNT":0,"INJ_CNT":1,"LOCATION":2},"geometry":{"type":"Point","coordinates":[120.2908,22.65509]}},
{"type":"Feature","properties":{"ACC_TYPE":"A2","YEAR":112,"DEAD_CNT":0,"INJ_CNT":2,"LOCATION":21},"geometry":{"type":"Point","coordinates":[120.3329622,22.6088548]}},
{"type":"Feature","properties":{"ACC_TYPE":"A2","YEAR":112,"DEAD_CNT":0,"INJ_CNT":1,"LOCATION":9},"geometry":{"type":"Point","coordinates":[120.3207258,22.6087836]}},
{"type":"Feature","properties":{"ACC_TYPE":"A2","YEAR":112,"DEAD_CNT":0,"INJ_CNT":2,"LOCATION":2},"geometry":{"type":"Point","coordinates":[120.4013426,22.6171711]}},
{"type":"Feature","properties":{"ACC_TYPE":"A2","YEAR":112,"DEAD_CNT":0,"INJ_CNT":1,"LOCATION":2},"geometry":{"type":"Point","coordinates":[120.3169348,22.6347905]}},
{"type":"Feature","properties":{"ACC_TYPE":"A2","YEAR":112,"DEAD_CNT":0,"INJ_CNT":2,"LOCATION":8},"geometry":{"type":"Point","coordinates":[120.3578,22.73065]}},
{"type":"Feature","properties":{"ACC_TYPE":"A2","YEAR":112,"DEAD_CNT":0,"INJ_CNT":1,"LOCATION":1},"geometry":{"type":"Point","coordinates":[120.4784124,22.8827943]}},
{"type":"Feature","properties":{"ACC_TYPE":"A2","YEAR":112,"DEAD_CNT":0,"INJ_CNT":2,"LOCATION":8},"geometry":{"type":"Point","coordinates":[120.3376907,22.6302106]}},
{"type":"Feature","properties":{"ACC_TYPE":"A2","YEAR":112,"DEAD_CNT":0,"INJ_CNT":2,"LOCATION":13},"geometry":{"type":"Point","coordinates":[120.2781324,22.6263396]}},
{"type":"Feature","properties":{"ACC_TYPE":"A2","YEAR":112,"DEAD_CNT":0,"INJ_CNT":2,"LOCATION":8},"geometry":{"type":"Point","coordinates":[120.3389368,22.6532019]}},
{"type":"Feature","properties":{"ACC_TYPE":"A2","YEAR":112,"DEAD_CNT":0,"INJ_CNT":2,"LOCATION":9},"geometry":{"type":"Point","coordinates":[120.2986904,22.6158793]}},
{"type":"Feature","properties":{"ACC_TYPE":"A2","YEAR":112,"DEAD_CNT":0,"INJ_CNT":2,"LOCATION":9},"geometry":{"type":"Point","coordinates":[120.3643,22.75978]}},
{"type":"Feature","properties":{"ACC_TYPE":"A2","YEAR":112,"DEAD_CNT":0,"INJ_CNT":1,"LOCATION":1},"geometry":{"type":"Point","coordinates":[120.3126074,22.6758468]}},
{"type":"Feature","properties":{"ACC_TYPE":"A2","YEAR":112,"DEAD_CNT":0,"INJ_CNT":1,"LOCATION":1},"geometry":{"type":"Point","coordinates":[120.3899448,22.6085302]}},
{"type":"Feature","properties":{"ACC_TYPE":"A2","YEAR":112,"DEAD_CNT":0,"INJ_CNT":2,"LOCATION":1},"geometry":{"type":"Point","coordinates":[120.3227437,22.6280969]}},
{"type":"Feature","properties":{"ACC_TYPE":"A2","YEAR":112,"DEAD_CNT":0,"INJ_CNT":1,"LOCATION":8},"geometry":{"type":"Point","coordinates":[120.291479,22.635634]}},
{"type":"Feature","properties":{"ACC_TYPE":"A2","YEAR":112,"DEAD_CNT":0,"INJ_CNT":2,"LOCATION":8},"geometry":{"type":"Point","coordinates":[120.4005223,22.6321764]}},
{"type":"Feature","properties":{"ACC_TYPE":"A2","YEAR":112,"DEAD_CNT":0,"INJ_CNT":1,"LOCATION":2},"geometry":{"type":"Point","coordinates":[120.3932096,22.50067966]}},
{"type":"Feature","properties":{"ACC_TYPE":"A2","YEAR":112,"DEAD_CNT":0,"INJ_CNT":1,"LOCATION":19},"geometry":{"type":"Point","coordinates":[120.3240117,22.5768257]}},
{"type":"Feature","properties":{"ACC_TYPE":"A2","YEAR":112,"DEAD_CNT":0,"INJ_CNT":2,"LOCATION":9},"geometry":{"type":"Point","coordinates":[120.4330109,22.68769142]}},
{"type":"Feature","properties":{"ACC_TYPE":"A2","YEAR":112,"DEAD_CNT":0,"INJ_CNT":1,"LOCATION":9},"geometry":{"type":"Point","coordinates":[120.2932,22.63099]}},
{"type":"Feature","properties":{"ACC_TYPE":"A2","YEAR":112,"DEAD_CNT":0,"INJ_CNT":1,"LOCATION":1},"geometry":{"type":"Point","coordinates":[120.361566,22.6227642]}},
{"type":"Feature","properties":{"ACC_TYPE":"A2","YEAR":112,"DEAD_CNT":0,"INJ_CNT":2,"LOCATION":2},"geometry":{"type":"Point","coordinates":[120.3137139,22.6390256]}},
{"type":"Feature","properties":{"ACC_TYPE":"A2","YEAR":112,"DEAD_CNT":0,"INJ_CNT":1,"LOCATION":9},"geometry":{"type":"Point","coordinates":[120.3775526,22.6974686]}},
{"type":"Feature","properties":{"ACC_TYPE":"A2","YEAR":112,"DEAD_CNT":0,"INJ_CNT":2,"LOCATION":9},"geometry":{"type":"Point","coordinates":[120.3361469,22.6049683]}},
{"type":"Feature","properties":{"ACC_TYPE":"A2","YEAR":112,"DEAD_CNT":0,"INJ_CNT":2,"LOCATION":9},"geometry":{"type":"Point","coordinates":[120.2487786,22.7339194]}},
{"type":"Feature","properties":{"ACC_TYPE":"A2","YEAR":112,"DEAD_CNT":0,"INJ_CNT":1,"LOCATION":2},"geometry":{"type":"Point","coordinates":[120.3786024,22.6244206]}},
{"type":"Feature","properties":{"ACC_TYPE":"A2","YEAR":112,"DEAD_CNT":0,"INJ_CNT":1,"LOCATION":1},"geometry":{"type":"Point","coordinates":[120.4802923,22.8906134]}},
{"type":"Feature","properties":{"ACC_TYPE":"A2","YEAR":112,"DEAD_CNT":0,"INJ_CNT":1,"LOCATION":1},"geometry":{"type":"Point","coordinates":[120.2925,22.66176]}},
{"type":"Feature","properties":{"ACC_TYPE":"A2","YEAR":112,"DEAD_CNT":0,"INJ_CNT":1,"LOCATION":1},"geometry":{"type":"Point","coordinates":[120.3246,22.60924]}},
{"type":"Feature","properties":{"ACC_TYPE":"A2","YEAR":112,"DEAD_CNT":0,"INJ_CNT":2,"LOCATION":7},"geometry":{"type":"Point","coordinates":[120.327,22.64359]}},
{"type":"Feature","properties":{"ACC_TYPE":"A2","YEAR":112,"DEAD_CNT":0,"INJ_CNT":2,"LOCATION":7},"geometry":{"type":"Point","coordinates":[120.2211819,22.90727198]}},
{"type":"Feature","properties":{"ACC_TYPE":"A2","YEAR":112,"DEAD_CNT":0,"INJ_CNT":1,"LOCATION":9},"geometry":{"type":"Point","coordinates":[120.3347899,22.6611184]}},
{"type":"Feature","properties":{"ACC_TYPE":"A2","YEAR":112,"DEAD_CNT":0,"INJ_CNT":2,"LOCATION":2},"geometry":{"type":"Point","coordinates":[120.2531133,22.7346266]}},
{"type":"Feature","properties":{"ACC_TYPE":"A2","YEAR":112,"DEAD_CNT":0,"INJ_CNT":1,"LOCATION":8},"geometry":{"type":"Point","coordinates":[120.3769826,22.6270878]}},
{"type":"Feature","properties":{"ACC_TYPE":"A2","YEAR":112,"DEAD_CNT":0,"INJ_CNT":1,"LOCATION":2},"geometry":{"type":"Point","coordinates":[120.3650289,22.56434005]}},
{"type":"Feature","properties":{"ACC_TYPE":"A2","YEAR":112,"DEAD_CNT":0,"INJ_CNT":2,"LOCATION":7},"geometry":{"type":"Point","coordinates":[120.3612321,22.6257357]}},
{"type":"Feature","properties":{"ACC_TYPE":"A2","YEAR":112,"DEAD_CNT":0,"INJ_CNT":1,"LOCATION":2},"geometry":{"type":"Point","coordinates":[120.3608455,22.7377083]}},
{"type":"Feature","properties":{"ACC_TYPE":"A2","YEAR":112,"DEAD_CNT":0,"INJ_CNT":1,"LOCATION":1},"geometry":{"type":"Point","coordinates":[120.3344014,22.6091734]}},
{"type":"Feature","properties":{"ACC_TYPE":"A2","YEAR":112,"DEAD_CNT":0,"INJ_CNT":2,"LOCATION":7},"geometry":{"type":"Point","coordinates":[120.2275,22.86167]}},
{"type":"Feature","properties":{"ACC_TYPE":"A2","YEAR":112,"DEAD_CNT":0,"INJ_CNT":1,"LOCATION":8},"geometry":{"type":"Point","coordinates":[120.2950046,22.6261454]}},
{"type":"Feature","properties":{"ACC_TYPE":"A2","YEAR":112,"DEAD_CNT":0,"INJ_CNT":2,"LOCATION":1},"geometry":{"type":"Point","coordinates":[120.3512849,22.7277275]}},
{"type":"Feature","properties":{"ACC_TYPE":"A2","YEAR":112,"DEAD_CNT":0,"INJ_CNT":1,"LOCATION":1},"geometry":{"type":"Point","coordinates":[120.3733723,22.5722462]}},
{"type":"Feature","properties":{"ACC_TYPE":"A2","YEAR":112,"DEAD_CNT":0,"INJ_CNT":1,"LOCATION":8},"geometry":{"type":"Point","coordinates":[120.2866,22.65141]}},
{"type":"Feature","properties":{"ACC_TYPE":"A2","YEAR":112,"DEAD_CNT":0,"INJ_CNT":1,"LOCATION":2},"geometry":{"type":"Point","coordinates":[120.308914,22.6154057]}},
{"type":"Feature","properties":{"ACC_TYPE":"A2","YEAR":112,"DEAD_CNT":0,"INJ_CNT":1,"LOCATION":19},"geometry":{"type":"Point","coordinates":[120.331495,22.7517292]}},
{"type":"Feature","properties":{"ACC_TYPE":"A2","YEAR":112,"DEAD_CNT":0,"INJ_CNT":2,"LOCATION":7},"geometry":{"type":"Point","coordinates":[120.3626,22.79125]}},
{"type":"Feature","properties":{"ACC_TYPE":"A2","YEAR":112,"DEAD_CNT":0,"INJ_CNT":2,"LOCATION":8},"geometry":{"type":"Point","coordinates":[120.409368,22.540611]}},
{"type":"Feature","properties":{"ACC_TYPE":"A2","YEAR":112,"DEAD_CNT":0,"INJ_CNT":2,"LOCATION":1},"geometry":{"type":"Point","coordinates":[120.2847443,22.6254435]}},
{"type":"Feature","properties":{"ACC_TYPE":"A2","YEAR":112,"DEAD_CNT":0,"INJ_CNT":1,"LOCATION":8},"geometry":{"type":"Point","coordinates":[120.3004,22.6579]}},
{"type":"Feature","properties":{"ACC_TYPE":"A2","YEAR":113,"DEAD_CNT":0,"INJ_CNT":1,"LOCATION":1},"geometry":{"type":"Point","coordinates":[120.2931,22.65732]}},
{"type":"Feature","properties":{"ACC_TYPE":"A2","YEAR":113,"DEAD_CNT":0,"INJ_CNT":2,"LOCATION":8},"geometry":{"type":"Point","coordinates":[120.3183255,22.6828131]}},
{"type":"Feature","properties":{"ACC_TYPE":"A2","YEAR":113,"DEAD_CNT":0,"INJ_CNT":1,"LOCATION":7},"geometry":{"type":"Point","coordinates":[120.3403402,22.62909763]}},
{"type":"Feature","properties":{"ACC_TYPE":"A2","YEAR":113,"DEAD_CNT":0,"INJ_CNT":2,"LOCATION":1},"geometry":{"type":"Point","coordinates":[120.3218113,22.5881645]}},
{"type":"Feature","properties":{"ACC_TYPE":"A2","YEAR":113,"DEAD_CNT":0,"INJ_CNT":2,"LOCATION":11},"geometry":{"type":"Point","coordinates":[120.3598,22.55787]}},
{"type":"Feature","properties":{"ACC_TYPE":"A2","YEAR":113,"DEAD_CNT":0,"INJ_CNT":1,"LOCATION":1},"geometry":{"type":"Point","coordinates":[120.3814091,22.5841991]}},
{"type":"Feature","properties":{"ACC_TYPE":"A2","YEAR":113,"DEAD_CNT":0,"INJ_CNT":1,"LOCATION":1},"geometry":{"type":"Point","coordinates":[120.2908,22.70184]}},
{"type":"Feature","properties":{"ACC_TYPE":"A2","YEAR":113,"DEAD_CNT":0,"INJ_CNT":1,"LOCATION":9},"geometry":{"type":"Point","coordinates":[120.4010445,22.5348034]}},
{"type":"Feature","properties":{"ACC_TYPE":"A2","YEAR":113,"DEAD_CNT":0,"INJ_CNT":2,"LOCATION":1},"geometry":{"type":"Point","coordinates":[120.294207,22.6841619]}},
{"type":"Feature","properties":{"ACC_TYPE":"A2","YEAR":113,"DEAD_CNT":0,"INJ_CNT":1,"LOCATION":1},"geometry":{"type":"Point","coordinates":[120.2582,22.86189]}},
{"type":"Feature","properties":{"ACC_TYPE":"A2","YEAR":113,"DEAD_CNT":0,"INJ_CNT":1,"LOCATION":1},"geometry":{"type":"Point","coordinates":[120.3042906,22.6481825]}},
{"type":"Feature","properties":{"ACC_TYPE":"A2","YEAR":113,"DEAD_CNT":0,"INJ_CNT":2,"LOCATION":9},"geometry":{"type":"Point","coordinates":[120.3196029,22.6405902]}},
{"type":"Feature","properties":{"ACC_TYPE":"A2","YEAR":113,"DEAD_CNT":0,"INJ_CNT":1,"LOCATION":2},"geometry":{"type":"Point","coordinates":[120.3092,22.74904]}},
{"type":"Feature","properties":{"ACC_TYPE":"A2","YEAR":113,"DEAD_CNT":0,"INJ_CNT":1,"LOCATION":1},"geometry":{"type":"Point","coordinates":[120.308914,22.6154057]}},
{"type":"Feature","properties":{"ACC_TYPE":"A2","YEAR":113,"DEAD_CNT":0,"INJ_CNT":1,"LOCATION":9},"geometry":{"type":"Point","coordinates":[120.3352647,22.6052656]}},
{"type":"Feature","properties":{"ACC_TYPE":"A2","YEAR":113,"DEAD_CNT":0,"INJ_CNT":1,"LOCATION":1},"geometry":{"type":"Point","coordinates":[120.3265089,22.63493891]}},
{"type":"Feature","properties":{"ACC_TYPE":"A2","YEAR":113,"DEAD_CNT":0,"INJ_CNT":1,"LOCATION":1},"geometry":{"type":"Point","coordinates":[120.3489925,22.73181544]}},
{"type":"Feature","properties":{"ACC_TYPE":"A2","YEAR":113,"DEAD_CNT":0,"INJ_CNT":1,"LOCATION":1},"geometry":{"type":"Point","coordinates":[120.285,22.65467]}},
{"type":"Feature","properties":{"ACC_TYPE":"A2","YEAR":113,"DEAD_CNT":0,"INJ_CNT":2,"LOCATION":1},"geometry":{"type":"Point","coordinates":[120.3089353,22.6475464]}},
{"type":"Feature","properties":{"ACC_TYPE":"A2","YEAR":113,"DEAD_CNT":0,"INJ_CNT":2,"LOCATION":1},"geometry":{"type":"Point","coordinates":[120.2971,22.66529]}},
{"type":"Feature","properties":{"ACC_TYPE":"A2","YEAR":113,"DEAD_CNT":0,"INJ_CNT":2,"LOCATION":9},"geometry":{"type":"Point","coordinates":[120.3639,22.56772]}},
{"type":"Feature","properties":{"ACC_TYPE":"A2","YEAR":113,"DEAD_CNT":0,"INJ_CNT":2,"LOCATION":8},"geometry":{"type":"Point","coordinates":[120.3886745,22.6466679]}},
{"type":"Feature","properties":{"ACC_TYPE":"A2","YEAR":113,"DEAD_CNT":0,"INJ_CNT":1,"LOCATION":2},"geometry":{"type":"Point","coordinates":[120.3020325,22.61991687]}},
{"type":"Feature","properties":{"ACC_TYPE":"A2","YEAR":113,"DEAD_CNT":0,"INJ_CNT":1,"LOCATION":1},"geometry":{"type":"Point","coordinates":[120.4835,22.88812]}},
{"type":"Feature","properties":{"ACC_TYPE":"A2","YEAR":113,"DEAD_CNT":0,"INJ_CNT":4,"LOCATION":2},"geometry":{"type":"Point","coordinates":[120.3239,22.7303]}},
{"type":"Feature","properties":{"ACC_TYPE":"A2","YEAR":113,"DEAD_CNT":0,"INJ_CNT":2,"LOCATION":1},"geometry":{"type":"Point","coordinates":[120.3902593,22.6350568]}},
{"type":"Feature","properties":{"ACC_TYPE":"A2","YEAR":113,"DEAD_CNT":0,"INJ_CNT":2,"LOCATION":9},"geometry":{"type":"Point","coordinates":[120.2557125,22.7260921]}},
{"type":"Feature","properties":{"ACC_TYPE":"A2","YEAR":113,"DEAD_CNT":0,"INJ_CNT":2,"LOCATION":11},"geometry":{"type":"Point","coordinates":[120.324824,22.736036]}},
{"type":"Feature","properties":{"ACC_TYPE":"A2","YEAR":113,"DEAD_CNT":0,"INJ_CNT":1,"LOCATION":8},"geometry":{"type":"Point","coordinates":[120.3243603,22.5851676]}},
{"type":"Feature","properties":{"ACC_TYPE":"A2","YEAR":113,"DEAD_CNT":0,"INJ_CNT":2,"LOCATION":1},"geometry":{"type":"Point","coordinates":[120.2988,22.67239]}},
{"type":"Feature","properties":{"ACC_TYPE":"A2","YEAR":113,"DEAD_CNT":0,"INJ_CNT":2,"LOCATION":8},"geometry":{"type":"Point","coordinates":[120.3550255,22.7309671]}},
{"type":"Feature","properties":{"ACC_TYPE":"A2","YEAR":113,"DEAD_CNT":0,"INJ_CNT":2,"LOCATION":7},"geometry":{"type":"Point","coordinates":[120.3482888,22.6983673]}},
{"type":"Feature","properties":{"ACC_TYPE":"A2","YEAR":113,"DEAD_CNT":0,"INJ_CNT":1,"LOCATION":9},"geometry":{"type":"Point","coordinates":[120.3166263,22.6251681]}},
{"type":"Feature","properties":{"ACC_TYPE":"A2","YEAR":113,"DEAD_CNT":0,"INJ_CNT":2,"LOCATION":7},"geometry":{"type":"Point","coordinates":[120.2781324,22.6263396]}},
{"type":"Feature","properties":{"ACC_TYPE":"A2","YEAR":113,"DEAD_CNT":0,"INJ_CNT":2,"LOCATION":7},"geometry":{"type":"Point","coordinates":[120.327182,22.659956]}},
{"type":"Feature","properties":{"ACC_TYPE":"A2","YEAR":113,"DEAD_CNT":0,"INJ_CNT":1,"LOCATION":8},"geometry":{"type":"Point","coordinates":[120.3677162,22.5897496]}},
{"type":"Feature","properties":{"ACC_TYPE":"A2","YEAR":113,"DEAD_CNT":0,"INJ_CNT":1,"LOCATION":9},"geometry":{"type":"Point","coordinates":[120.3223568,22.6725254]}},
{"type":"Feature","properties":{"ACC_TYPE":"A2","YEAR":113,"DEAD_CNT":0,"INJ_CNT":4,"LOCATION":1},"geometry":{"type":"Point","coordinates":[120.3346886,22.6044836]}},
{"type":"Feature","properties":{"ACC_TYPE":"A2","YEAR":113,"DEAD_CNT":0,"INJ_CNT":1,"LOCATION":1},"geometry":{"type":"Point","coordinates":[120.3626876,22.6075143]}},
{"type":"Feature","properties":{"ACC_TYPE":"A2","YEAR":113,"DEAD_CNT":0,"INJ_CNT":2,"LOCATION":9},"geometry":{"type":"Point","coordinates":[120.2391,22.82174]}},
{"type":"Feature","properties":{"ACC_TYPE":"A2","YEAR":113,"DEAD_CNT":0,"INJ_CNT":2,"LOCATION":2},"geometry":{"type":"Point","coordinates":[120.3225,22.68035]}},
{"type":"Feature","properties":{"ACC_TYPE":"A2","YEAR":113,"DEAD_CNT":0,"INJ_CNT":1,"LOCATION":1},"geometry":{"type":"Point","coordinates":[120.2944241,22.6886158]}},
{"type":"Feature","properties":{"ACC_TYPE":"A2","YEAR":113,"DEAD_CNT":0,"INJ_CNT":1,"LOCATION":9},"geometry":{"type":"Point","coordinates":[120.2775,22.65436]}},
{"type":"Feature","properties":{"ACC_TYPE":"A2","YEAR":113,"DEAD_CNT":0,"INJ_CNT":1,"LOCATION":1},"geometry":{"type":"Point","coordinates":[120.3146187,22.609517]}},
{"type":"Feature","properties":{"ACC_TYPE":"A2","YEAR":113,"DEAD_CNT":0,"INJ_CNT":2,"LOCATION":2},"geometry":{"type":"Point","coordinates":[120.3998823,22.6283934]}},
{"type":"Feature","properties":{"ACC_TYPE":"A2","YEAR":113,"DEAD_CNT":0,"INJ_CNT":1,"LOCATION":7},"geometry":{"type":"Point","coordinates":[120.346,22.62927]}},
{"type":"Feature","properties":{"ACC_TYPE":"A2","YEAR":113,"DEAD_CNT":0,"INJ_CNT":1,"LOCATION":1},"geometry":{"type":"Point","coordinates":[120.3184766,22.6529012]}},
{"type":"Feature","properties":{"ACC_TYPE":"A2","YEAR":113,"DEAD_CNT":0,"INJ_CNT":2,"LOCATION":1},"geometry":{"type":"Point","coordinates":[120.2098626,22.90834999]}},
{"type":"Feature","properties":{"ACC_TYPE":"A2","YEAR":113,"DEAD_CNT":0,"INJ_CNT":1,"LOCATION":1},"geometry":{"type":"Point","coordinates":[120.4147792,22.5916061]}},
{"type":"Feature","properties":{"ACC_TYPE":"A2","YEAR":113,"DEAD_CNT":0,"INJ_CNT":1,"LOCATION":21},"geometry":{"type":"Point","coordinates":[120.3406,22.67764]}},
{"type":"Feature","properties":{"ACC_TYPE":"A2","YEAR":113,"DEAD_CNT":0,"INJ_CNT":2,"LOCATION":1},"geometry":{"type":"Point","coordinates":[120.3065,22.65652]}},
{"type":"Feature","properties":{"ACC_TYPE":"A2","YEAR":113,"DEAD_CNT":0,"INJ_CNT":1,"LOCATION":2},"geometry":{"type":"Point","coordinates":[120.3117425,22.63232525]}},
{"type":"Feature","properties":{"ACC_TYPE":"A2","YEAR":113,"DEAD_CNT":0,"INJ_CNT":2,"LOCATION":21},"geometry":{"type":"Point","coordinates":[120.2967102,22.6217249]}},
{"type":"Feature","properties":{"ACC_TYPE":"A2","YEAR":113,"DEAD_CNT":0,"INJ_CNT":1,"LOCATION":1},"geometry":{"type":"Point","coordinates":[120.3352897,22.650449]}},
{"type":"Feature","properties":{"ACC_TYPE":"A2","YEAR":113,"DEAD_CNT":0,"INJ_CNT":3,"LOCATION":8},"geometry":{"type":"Point","coordinates":[120.3538889,22.6954031]}},
{"type":"Feature","properties":{"ACC_TYPE":"A2","YEAR":113,"DEAD_CNT":0,"INJ_CNT":3,"LOCATION":1},"geometry":{"type":"Point","coordinates":[120.3171,22.61002]}},
{"type":"Feature","properties":{"ACC_TYPE":"A2","YEAR":113,"DEAD_CNT":0,"INJ_CNT":1,"LOCATION":9},"geometry":{"type":"Point","coordinates":[120.3619,22.79484]}},
{"type":"Feature","properties":{"ACC_TYPE":"A2","YEAR":113,"DEAD_CNT":0,"INJ_CNT":2,"LOCATION":8},"geometry":{"type":"Point","coordinates":[120.29457,22.6320864]}},
{"type":"Feature","properties":{"ACC_TYPE":"A2","YEAR":113,"DEAD_CNT":0,"INJ_CNT":2,"LOCATION":9},"geometry":{"type":"Point","coordinates":[120.3260621,22.6078161]}},
{"type":"Feature","properties":{"ACC_TYPE":"A2","YEAR":113,"DEAD_CNT":0,"INJ_CNT":1,"LOCATION":1},"geometry":{"type":"Point","coordinates":[120.2823383,22.6265641]}},
{"type":"Feature","properties":{"ACC_TYPE":"A2","YEAR":113,"DEAD_CNT":0,"INJ_CNT":2,"LOCATION":9},"geometry":{"type":"Point","coordinates":[120.2202761,22.90110014]}},
{"type":"Feature","properties":{"ACC_TYPE":"A2","YEAR":113,"DEAD_CNT":0,"INJ_CNT":1,"LOCATION":21},"geometry":{"type":"Point","coordinates":[120.3035,22.63146]}},
{"type":"Feature","properties":{"ACC_TYPE":"A2","YEAR":113,"DEAD_CNT":0,"INJ_CNT":1,"LOCATION":1},"geometry":{"type":"Point","coordinates":[120.3156,22.5894]}},
{"type":"Feature","properties":{"ACC_TYPE":"A2","YEAR":113,"DEAD_CNT":0,"INJ_CNT":1,"LOCATION":9},"geometry":{"type":"Point","coordinates":[120.2987,22.79556]}},
{"type":"Feature","properties":{"ACC_TYPE":"A2","YEAR":113,"DEAD_CNT":0,"INJ_CNT":1,"LOCATION":9},"geometry":{"type":"Point","coordinates":[120.317,22.65032]}},
{"type":"Feature","properties":{"ACC_TYPE":"A2","YEAR":113,"DEAD_CNT":0,"INJ_CNT":2,"LOCATION":9},"geometry":{"type":"Point","coordinates":[120.2925033,22.6825743]}},
{"type":"Feature","properties":{"ACC_TYPE":"A2","YEAR":113,"DEAD_CNT":0,"INJ_CNT":3,"LOCATION":2},"geometry":{"type":"Point","coordinates":[120.302764,22.6184638]}},
{"type":"Feature","properties":{"ACC_TYPE":"A2","YEAR":113,"DEAD_CNT":0,"INJ_CNT":1,"LOCATION":1},"geometry":{"type":"Point","coordinates":[120.3002,22.65779]}},
{"type":"Feature","properties":{"ACC_TYPE":"A2","YEAR":113,"DEAD_CNT":0,"INJ_CNT":1,"LOCATION":7},"geometry":{"type":"Point","coordinates":[120.3155924,22.6704821]}},
{"type":"Feature","properties":{"ACC_TYPE":"A2","YEAR":113,"DEAD_CNT":0,"INJ_CNT":2,"LOCATION":9},"geometry":{"type":"Point","coordinates":[120.3532294,22.6774089]}},
{"type":"Feature","properties":{"ACC_TYPE":"A2","YEAR":113,"DEAD_CNT":0,"INJ_CNT":2,"LOCATION":1},"geometry":{"type":"Point","coordinates":[120.3107498,22.6112027]}},
{"type":"Feature","properties":{"ACC_TYPE":"A2","YEAR":113,"DEAD_CNT":0,"INJ_CNT":2,"LOCATION":8},"geometry":{"type":"Point","coordinates":[120.296863,22.621125]}},
{"type":"Feature","properties":{"ACC_TYPE":"A2","YEAR":113,"DEAD_CNT":0,"INJ_CNT":1,"LOCATION":1},"geometry":{"type":"Point","coordinates":[120.3219,22.68055]}},
{"type":"Feature","properties":{"ACC_TYPE":"A2","YEAR":113,"DEAD_CNT":0,"INJ_CNT":2,"LOCATION":9},"geometry":{"type":"Point","coordinates":[120.3275839,22.77852035]}},
{"type":"Feature","properties":{"ACC_TYPE":"A2","YEAR":113,"DEAD_CNT":0,"INJ_CNT":2,"LOCATION":9},"geometry":{"type":"Point","coordinates":[120.3637,22.76545]}},
{"type":"Feature","properties":{"ACC_TYPE":"A2","YEAR":113,"DEAD_CNT":0,"INJ_CNT":2,"LOCATION":9},"geometry":{"type":"Point","coordinates":[120.3235881,22.6266249]}},
{"type":"Feature","properties":{"ACC_TYPE":"A2","YEAR":113,"DEAD_CNT":0,"INJ_CNT":2,"LOCATION":7},"geometry":{"type":"Point","coordinates":[120.310412,22.637513]}},
{"type":"Feature","properties":{"ACC_TYPE":"A2","YEAR":113,"DEAD_CNT":0,"INJ_CNT":1,"LOCATION":9},"geometry":{"type":"Point","coordinates":[120.3393088,22.5281808]}},
{"type":"Feature","properties":{"ACC_TYPE":"A2","YEAR":113,"DEAD_CNT":0,"INJ_CNT":1,"LOCATION":1},"geometry":{"type":"Point","coordinates":[120.532677,22.948503]}},
{"type":"Feature","properties":{"ACC_TYPE":"A2","YEAR":113,"DEAD_CNT":0,"INJ_CNT":3,"LOCATION":9},"geometry":{"type":"Point","coordinates":[120.3321,22.63799]}},
{"type":"Feature","properties":{"ACC_TYPE":"A2","YEAR":113,"DEAD_CNT":0,"INJ_CNT":1,"LOCATION":9},"geometry":{"type":"Point","coordinates":[120.3285847,22.6372018]}},
{"type":"Feature","properties":{"ACC_TYPE":"A2","YEAR":113,"DEAD_CNT":0,"INJ_CNT":1,"LOCATION":1},"geometry":{"type":"Point","coordinates":[120.3733723,22.5722462]}},
{"type":"Feature","properties":{"ACC_TYPE":"A2","YEAR":113,"DEAD_CNT":0,"INJ_CNT":2,"LOCATION":11},"geometry":{"type":"Point","coordinates":[120.356851,22.5295812]}},
{"type":"Feature","properties":{"ACC_TYPE":"A2","YEAR":113,"DEAD_CNT":0,"INJ_CNT":1,"LOCATION":1},"geometry":{"type":"Point","coordinates":[120.3045716,22.6063674]}},
{"type":"Feature","properties":{"ACC_TYPE":"A2","YEAR":113,"DEAD_CNT":0,"INJ_CNT":2,"LOCATION":1},"geometry":{"type":"Point","coordinates":[120.3224128,22.62359]}},
{"type":"Feature","properties":{"ACC_TYPE":"A2","YEAR":113,"DEAD_CNT":0,"INJ_CNT":4,"LOCATION":1},"geometry":{"type":"Point","coordinates":[120.3912864,22.5902827]}},
{"type":"Feature","properties":{"ACC_TYPE":"A2","YEAR":113,"DEAD_CNT":0,"INJ_CNT":2,"LOCATION":9},"geometry":{"type":"Point","coordinates":[120.2661683,22.8626161]}},
{"type":"Feature","properties":{"ACC_TYPE":"A2","YEAR":113,"DEAD_CNT":0,"INJ_CNT":1,"LOCATION":14},"geometry":{"type":"Point","coordinates":[120.3413519,22.7315822]}},
{"type":"Feature","properties":{"ACC_TYPE":"A2","YEAR":113,"DEAD_CNT":0,"INJ_CNT":2,"LOCATION":9},"geometry":{"type":"Point","coordinates":[120.3221843,22.6669474]}},
{"type":"Feature","properties":{"ACC_TYPE":"A2","YEAR":113,"DEAD_CNT":0,"INJ_CNT":2,"LOCATION":8},"geometry":{"type":"Point","coordinates":[120.2709,22.60681]}},
{"type":"Feature","properties":{"ACC_TYPE":"A2","YEAR":113,"DEAD_CNT":0,"INJ_CNT":1,"LOCATION":9},"geometry":{"type":"Point","coordinates":[120.3624282,22.5688315]}},
{"type":"Feature","properties":{"ACC_TYPE":"A2","YEAR":113,"DEAD_CNT":0,"INJ_CNT":1,"LOCATION":1},"geometry":{"type":"Point","coordinates":[120.3405,22.62629]}},
{"type":"Feature","properties":{"ACC_TYPE":"A2","YEAR":113,"DEAD_CNT":0,"INJ_CNT":1,"LOCATION":1},"geometry":{"type":"Point","coordinates":[120.3605132,22.6283515]}},
{"type":"Feature","properties":{"ACC_TYPE":"A2","YEAR":113,"DEAD_CNT":0,"INJ_CNT":2,"LOCATION":8},"geometry":{"type":"Point","coordinates":[120.3420954,22.6764904]}},
{"type":"Feature","properties":{"ACC_TYPE":"A2","YEAR":113,"DEAD_CNT":0,"INJ_CNT":1,"LOCATION":1},"geometry":{"type":"Point","coordinates":[120.2984,22.63191]}},
{"type":"Feature","properties":{"ACC_TYPE":"A2","YEAR":113,"DEAD_CNT":0,"INJ_CNT":1,"LOCATION":1},"geometry":{"type":"Point","coordinates":[120.2979559,22.63386889]}},
{"type":"Feature","properties":{"ACC_TYPE":"A2","YEAR":113,"DEAD_CNT":0,"INJ_CNT":2,"LOCATION":2},"geometry":{"type":"Point","coordinates":[120.3554741,22.6189795]}},
{"type":"Feature","properties":{"ACC_TYPE":"A2","YEAR":113,"DEAD_CNT":0,"INJ_CNT":2,"LOCATION":14},"geometry":{"type":"Point","coordinates":[120.3814392,22.5826526]}},
{"type":"Feature","properties":{"ACC_TYPE":"A2","YEAR":113,"DEAD_CNT":0,"INJ_CNT":3,"LOCATION":9},"geometry":{"type":"Point","coordinates":[120.3370104,22.5989353]}},
{"type":"Feature","properties":{"ACC_TYPE":"A2","YEAR":113,"DEAD_CNT":0,"INJ_CNT":1,"LOCATION":7},"geometry":{"type":"Point","coordinates":[120.404853,22.6397953]}},
{"type":"Feature","properties":{"ACC_TYPE":"A2","YEAR":113,"DEAD_CNT":0,"INJ_CNT":1,"LOCATION":1},"geometry":{"type":"Point","coordinates":[120.3167193,22.6496364]}},
{"type":"Feature","properties":{"ACC_TYPE":"A2","YEAR":113,"DEAD_CNT":0,"INJ_CNT":1,"LOCATION":2},"geometry":{"type":"Point","coordinates":[120.3768789,22.76601446]}},
{"type":"Feature","properties":{"ACC_TYPE":"A2","YEAR":113,"DEAD_CNT":0,"INJ_CNT":2,"LOCATION":1},"geometry":{"type":"Point","coordinates":[120.2912138,22.7235213]}},
{"type":"Feature","properties":{"ACC_TYPE":"A2","YEAR":113,"DEAD_CNT":0,"INJ_CNT":1,"LOCATION":2},"geometry":{"type":"Point","coordinates":[120.3172549,22.6502462]}},
{"type":"Feature","properties":{"ACC_TYPE":"A2","YEAR":113,"DEAD_CNT":0,"INJ_CNT":1,"LOCATION":9},"geometry":{"type":"Point","coordinates":[120.3095043,22.6464462]}},
{"type":"Feature","properties":{"ACC_TYPE":"A2","YEAR":113,"DEAD_CNT":0,"INJ_CNT":1,"LOCATION":1},"geometry":{"type":"Point","coordinates":[120.4119,22.56082]}},
{"type":"Feature","properties":{"ACC_TYPE":"A2","YEAR":113,"DEAD_CNT":0,"INJ_CNT":1,"LOCATION":2},"geometry":{"type":"Point","coordinates":[120.3895075,22.6084693]}},
{"type":"Feature","properties":{"ACC_TYPE":"A2","YEAR":113,"DEAD_CNT":0,"INJ_CNT":1,"LOCATION":1},"geometry":{"type":"Point","coordinates":[120.2923,22.80149]}},
{"type":"Feature","properties":{"ACC_TYPE":"A2","YEAR":113,"DEAD_CNT":0,"INJ_CNT":2,"LOCATION":1},"geometry":{"type":"Point","coordinates":[120.3174067,22.6513913]}},
{"type":"Feature","properties":{"ACC_TYPE":"A2","YEAR":113,"DEAD_CNT":0,"INJ_CNT":1,"LOCATION":9},"geometry":{"type":"Point","coordinates":[120.3028643,22.63092082]}},
{"type":"Feature","properties":{"ACC_TYPE":"A2","YEAR":113,"DEAD_CNT":0,"INJ_CNT":2,"LOCATION":8},"geometry":{"type":"Point","coordinates":[120.2970541,22.6356196]}},
{"type":"Feature","properties":{"ACC_TYPE":"A2","YEAR":113,"DEAD_CNT":0,"INJ_CNT":2,"LOCATION":1},"geometry":{"type":"Point","coordinates":[120.3160557,22.6613242]}},
{"type":"Feature","properties":{"ACC_TYPE":"A2","YEAR":113,"DEAD_CNT":0,"INJ_CNT":1,"LOCATION":7},"geometry":{"type":"Point","coordinates":[120.2206,22.83582]}},
{"type":"Feature","properties":{"ACC_TYPE":"A2","YEAR":113,"DEAD_CNT":0,"INJ_CNT":1,"LOCATION":9},"geometry":{"type":"Point","coordinates":[120.352438,22.62721988]}},
{"type":"Feature","properties":{"ACC_TYPE":"A2","YEAR":113,"DEAD_CNT":0,"INJ_CNT":1,"LOCATION":1},"geometry":{"type":"Point","coordinates":[120.3141,22.6868]}},
{"type":"Feature","properties":{"ACC_TYPE":"A2","YEAR":113,"DEAD_CNT":0,"INJ_CNT":1,"LOCATION":1},"geometry":{"type":"Point","coordinates":[120.3595525,22.7018012]}},
{"type":"Feature","properties":{"ACC_TYPE":"A2","YEAR":113,"DEAD_CNT":0,"INJ_CNT":2,"LOCATION":7},"geometry":{"type":"Point","coordinates":[120.2646,22.8392]}},
{"type":"Feature","properties":{"ACC_TYPE":"A2","YEAR":113,"DEAD_CNT":0,"INJ_CNT":2,"LOCATION":1},"geometry":{"type":"Point","coordinates":[120.2952647,22.6308162]}},
{"type":"Feature","properties":{"ACC_TYPE":"A2","YEAR":113,"DEAD_CNT":0,"INJ_CNT":1,"LOCATION":2},"geometry":{"type":"Point","coordinates":[120.3145048,22.6447198]}},
{"type":"Feature","properties":{"ACC_TYPE":"A2","YEAR":113,"DEAD_CNT":0,"INJ_CNT":1,"LOCATION":1},"geometry":{"type":"Point","coordinates":[120.361566,22.6227642]}},
{"type":"Feature","properties":{"ACC_TYPE":"A2","YEAR":113,"DEAD_CNT":0,"INJ_CNT":1,"LOCATION":1},"geometry":{"type":"Point","coordinates":[120.2919208,22.6240427]}},
{"type":"Feature","properties":{"ACC_TYPE":"A2","YEAR":113,"DEAD_CNT":0,"INJ_CNT":1,"LOCATION":1},"geometry":{"type":"Point","coordinates":[120.3085341,22.6422411]}},
{"type":"Feature","properties":{"ACC_TYPE":"A2","YEAR":113,"DEAD_CNT":0,"INJ_CNT":1,"LOCATION":9},"geometry":{"type":"Point","coordinates":[120.3099081,22.58745176]}},
{"type":"Feature","properties":{"ACC_TYPE":"A2","YEAR":113,"DEAD_CNT":0,"INJ_CNT":2,"LOCATION":8},"geometry":{"type":"Point","coordinates":[120.3651305,22.6535294]}},
{"type":"Feature","properties":{"ACC_TYPE":"A2","YEAR":113,"DEAD_CNT":0,"INJ_CNT":3,"LOCATION":7},"geometry":{"type":"Point","coordinates":[120.184,22.90162]}},
{"type":"Feature","properties":{"ACC_TYPE":"A2","YEAR":113,"DEAD_CNT":0,"INJ_CNT":1,"LOCATION":2},"geometry":{"type":"Point","coordinates":[120.3409599,22.6330736]}},
{"type":"Feature","properties":{"ACC_TYPE":"A2","YEAR":113,"DEAD_CNT":0,"INJ_CNT":1,"LOCATION":9},"geometry":{"type":"Point","coordinates":[120.5386,22.90551]}},
{"type":"Feature","properties":{"ACC_TYPE":"A2","YEAR":113,"DEAD_CNT":0,"INJ_CNT":2,"LOCATION":7},"geometry":{"type":"Point","coordinates":[120.3546526,22.56874055]}},
{"type":"Feature","properties":{"ACC_TYPE":"A2","YEAR":113,"DEAD_CNT":0,"INJ_CNT":1,"LOCATION":1},"geometry":{"type":"Point","coordinates":[120.3663,22.79313]}},
{"type":"Feature","properties":{"ACC_TYPE":"A2","YEAR":113,"DEAD_CNT":0,"INJ_CNT":3,"LOCATION":1},"geometry":{"type":"Point","coordinates":[120.4002569,22.5967524]}},
{"type":"Feature","properties":{"ACC_TYPE":"A2","YEAR":113,"DEAD_CNT":0,"INJ_CNT":1,"LOCATION":2},"geometry":{"type":"Point","coordinates":[120.3248,22.632]}},
{"type":"Feature","properties":{"ACC_TYPE":"A2","YEAR":113,"DEAD_CNT":0,"INJ_CNT":1,"LOCATION":14},"geometry":{"type":"Point","coordinates":[120.3645,22.63993]}},
{"type":"Feature","properties":{"ACC_TYPE":"A2","YEAR":113,"DEAD_CNT":0,"INJ_CNT":1,"LOCATION":9},"geometry":{"type":"Point","coordinates":[120.2976688,22.6331163]}},
{"type":"Feature","properties":{"ACC_TYPE":"A2","YEAR":113,"DEAD_CNT":0,"INJ_CNT":1,"LOCATION":8},"geometry":{"type":"Point","coordinates":[120.2919839,22.6284803]}},
{"type":"Feature","properties":{"ACC_TYPE":"A2","YEAR":113,"DEAD_CNT":0,"INJ_CNT":2,"LOCATION":8},"geometry":{"type":"Point","coordinates":[120.323937,22.740012]}},
{"type":"Feature","properties":{"ACC_TYPE":"A2","YEAR":113,"DEAD_CNT":0,"INJ_CNT":1,"LOCATION":1},"geometry":{"type":"Point","coordinates":[120.3177103,22.6469453]}},
{"type":"Feature","properties":{"ACC_TYPE":"A2","YEAR":113,"DEAD_CNT":0,"INJ_CNT":2,"LOCATION":9},"geometry":{"type":"Point","coordinates":[120.399107,22.601416]}},
{"type":"Feature","properties":{"ACC_TYPE":"A2","YEAR":113,"DEAD_CNT":0,"INJ_CNT":1,"LOCATION":1},"geometry":{"type":"Point","coordinates":[120.3943318,22.60421307]}},
{"type":"Feature","properties":{"ACC_TYPE":"A2","YEAR":113,"DEAD_CNT":0,"INJ_CNT":2,"LOCATION":9},"geometry":{"type":"Point","coordinates":[120.4798,22.89285]}},
{"type":"Feature","properties":{"ACC_TYPE":"A2","YEAR":113,"DEAD_CNT":0,"INJ_CNT":2,"LOCATION":9},"geometry":{"type":"Point","coordinates":[120.2929,22.74378]}},
{"type":"Feature","properties":{"ACC_TYPE":"A2","YEAR":113,"DEAD_CNT":0,"INJ_CNT":2,"LOCATION":1},"geometry":{"type":"Point","coordinates":[120.2729,22.62003]}},
{"type":"Feature","properties":{"ACC_TYPE":"A2","YEAR":113,"DEAD_CNT":0,"INJ_CNT":1,"LOCATION":1},"geometry":{"type":"Point","coordinates":[120.2615,22.74706]}},
{"type":"Feature","properties":{"ACC_TYPE":"A2","YEAR":113,"DEAD_CNT":0,"INJ_CNT":1,"LOCATION":8},"geometry":{"type":"Point","coordinates":[120.2927,22.63728]}},
{"type":"Feature","properties":{"ACC_TYPE":"A2","YEAR":113,"DEAD_CNT":0,"INJ_CNT":3,"LOCATION":2},"geometry":{"type":"Point","coordinates":[120.3148536,22.72438322]}},
{"type":"Feature","properties":{"ACC_TYPE":"A2","YEAR":113,"DEAD_CNT":0,"INJ_CNT":1,"LOCATION":1},"geometry":{"type":"Point","coordinates":[120.2781,22.64731]}},
{"type":"Feature","properties":{"ACC_TYPE":"A2","YEAR":113,"DEAD_CNT":0,"INJ_CNT":2,"LOCATION":1},"geometry":{"type":"Point","coordinates":[120.3169,22.59682]}},
{"type":"Feature","properties":{"ACC_TYPE":"A2","YEAR":113,"DEAD_CNT":0,"INJ_CNT":1,"LOCATION":1},"geometry":{"type":"Point","coordinates":[120.3032738,22.64888898]}},
{"type":"Feature","properties":{"ACC_TYPE":"A2","YEAR":113,"DEAD_CNT":0,"INJ_CNT":1,"LOCATION":1},"geometry":{"type":"Point","coordinates":[120.3036,22.61851]}},
{"type":"Feature","properties":{"ACC_TYPE":"A2","YEAR":113,"DEAD_CNT":0,"INJ_CNT":1,"LOCATION":1},"geometry":{"type":"Point","coordinates":[120.2781324,22.6263396]}},
{"type":"Feature","properties":{"ACC_TYPE":"A2","YEAR":113,"DEAD_CNT":0,"INJ_CNT":1,"LOCATION":1},"geometry":{"type":"Point","coordinates":[120.2561214,22.7274354]}},
{"type":"Feature","properties":{"ACC_TYPE":"A2","YEAR":113,"DEAD_CNT":0,"INJ_CNT":1,"LOCATION":1},"geometry":{"type":"Point","coordinates":[120.3050366,22.635799]}},
{"type":"Feature","properties":{"ACC_TYPE":"A2","YEAR":113,"DEAD_CNT":0,"INJ_CNT":1,"LOCATION":9},"geometry":{"type":"Point","coordinates":[120.316697,22.641985]}},
{"type":"Feature","properties":{"ACC_TYPE":"A2","YEAR":113,"DEAD_CNT":0,"INJ_CNT":2,"LOCATION":1},"geometry":{"type":"Point","coordinates":[120.3064015,22.6452113]}},
{"type":"Feature","properties":{"ACC_TYPE":"A2","YEAR":113,"DEAD_CNT":0,"INJ_CNT":1,"LOCATION":21},"geometry":{"type":"Point","coordinates":[120.286623,22.621943]}},
{"type":"Feature","properties":{"ACC_TYPE":"A2","YEAR":113,"DEAD_CNT":0,"INJ_CNT":1,"LOCATION":2},"geometry":{"type":"Point","coordinates":[120.3046793,22.7272562]}},
{"type":"Feature","properties":{"ACC_TYPE":"A2","YEAR":113,"DEAD_CNT":0,"INJ_CNT":1,"LOCATION":8},"geometry":{"type":"Point","coordinates":[120.347487,22.625355]}},
{"type":"Feature","properties":{"ACC_TYPE":"A2","YEAR":113,"DEAD_CNT":0,"INJ_CNT":1,"LOCATION":8},"geometry":{"type":"Point","coordinates":[120.453893,22.9240651]}},
{"type":"Feature","properties":{"ACC_TYPE":"A2","YEAR":113,"DEAD_CNT":0,"INJ_CNT":2,"LOCATION":9},"geometry":{"type":"Point","coordinates":[120.4629344,22.8383639]}},
{"type":"Feature","properties":{"ACC_TYPE":"A2","YEAR":113,"DEAD_CNT":0,"INJ_CNT":1,"LOCATION":1},"geometry":{"type":"Point","coordinates":[120.3575,22.62639]}},
{"type":"Feature","properties":{"ACC_TYPE":"A2","YEAR":113,"DEAD_CNT":0,"INJ_CNT":2,"LOCATION":2},"geometry":{"type":"Point","coordinates":[120.4242112,22.9234459]}},
{"type":"Feature","properties":{"ACC_TYPE":"A2","YEAR":113,"DEAD_CNT":0,"INJ_CNT":1,"LOCATION":1},"geometry":{"type":"Point","coordinates":[120.3544,22.62383]}},
{"type":"Feature","properties":{"ACC_TYPE":"A2","YEAR":113,"DEAD_CNT":0,"INJ_CNT":2,"LOCATION":1},"geometry":{"type":"Point","coordinates":[120.3146012,22.624187]}},
{"type":"Feature","properties":{"ACC_TYPE":"A2","YEAR":113,"DEAD_CNT":0,"INJ_CNT":1,"LOCATION":1},"geometry":{"type":"Point","coordinates":[120.483,22.88498]}},
{"type":"Feature","properties":{"ACC_TYPE":"A2","YEAR":113,"DEAD_CNT":0,"INJ_CNT":2,"LOCATION":1},"geometry":{"type":"Point","coordinates":[120.3937691,22.60968974]}},
{"type":"Feature","properties":{"ACC_TYPE":"A2","YEAR":113,"DEAD_CNT":0,"INJ_CNT":1,"LOCATION":1},"geometry":{"type":"Point","coordinates":[120.4823,22.88498]}},
{"type":"Feature","properties":{"ACC_TYPE":"A2","YEAR":113,"DEAD_CNT":0,"INJ_CNT":1,"LOCATION":8},"geometry":{"type":"Point","coordinates":[120.3035029,22.631178]}},
{"type":"Feature","properties":{"ACC_TYPE":"A2","YEAR":113,"DEAD_CNT":0,"INJ_CNT":1,"LOCATION":2},"geometry":{"type":"Point","coordinates":[120.303283,22.615191]}},
{"type":"Feature","properties":{"ACC_TYPE":"A2","YEAR":113,"DEAD_CNT":0,"INJ_CNT":1,"LOCATION":1},"geometry":{"type":"Point","coordinates":[120.2887798,22.6865194]}},
{"type":"Feature","properties":{"ACC_TYPE":"A2","YEAR":113,"DEAD_CNT":0,"INJ_CNT":1,"LOCATION":1},"geometry":{"type":"Point","coordinates":[120.3086708,22.63662075]}},
{"type":"Feature","properties":{"ACC_TYPE":"A2","YEAR":113,"DEAD_CNT":0,"INJ_CNT":1,"LOCATION":9},"geometry":{"type":"Point","coordinates":[120.3114225,22.75714306]}},
{"type":"Feature","properties":{"ACC_TYPE":"A2","YEAR":113,"DEAD_CNT":0,"INJ_CNT":1,"LOCATION":1},"geometry":{"type":"Point","coordinates":[120.2686,22.76121]}},
{"type":"Feature","properties":{"ACC_TYPE":"A2","YEAR":113,"DEAD_CNT":0,"INJ_CNT":1,"LOCATION":1},"geometry":{"type":"Point","coordinates":[120.2706629,22.6237751]}},
{"type":"Feature","properties":{"ACC_TYPE":"A2","YEAR":113,"DEAD_CNT":0,"INJ_CNT":1,"LOCATION":1},"geometry":{"type":"Point","coordinates":[120.3850153,22.55224364]}},
{"type":"Feature","properties":{"ACC_TYPE":"A2","YEAR":113,"DEAD_CNT":0,"INJ_CNT":1,"LOCATION":9},"geometry":{"type":"Point","coordinates":[120.2942,22.79736]}},
{"type":"Feature","properties":{"ACC_TYPE":"A2","YEAR":113,"DEAD_CNT":0,"INJ_CNT":3,"LOCATION":1},"geometry":{"type":"Point","coordinates":[120.3755,22.62603]}},
{"type":"Feature","properties":{"ACC_TYPE":"A2","YEAR":113,"DEAD_CNT":0,"INJ_CNT":2,"LOCATION":8},"geometry":{"type":"Point","coordinates":[120.3268682,22.6599033]}},
{"type":"Feature","properties":{"ACC_TYPE":"A2","YEAR":113,"DEAD_CNT":0,"INJ_CNT":1,"LOCATION":1},"geometry":{"type":"Point","coordinates":[120.4834,22.89034]}},
{"type":"Feature","properties":{"ACC_TYPE":"A2","YEAR":113,"DEAD_CNT":0,"INJ_CNT":1,"LOCATION":1},"geometry":{"type":"Point","coordinates":[120.2932683,22.6361013]}},
{"type":"Feature","properties":{"ACC_TYPE":"A2","YEAR":113,"DEAD_CNT":0,"INJ_CNT":1,"LOCATION":8},"geometry":{"type":"Point","coordinates":[120.3215794,22.6810303]}},
{"type":"Feature","properties":{"ACC_TYPE":"A2","YEAR":113,"DEAD_CNT":0,"INJ_CNT":1,"LOCATION":1},"geometry":{"type":"Point","coordinates":[120.3472,22.64165]}},
{"type":"Feature","properties":{"ACC_TYPE":"A2","YEAR":113,"DEAD_CNT":0,"INJ_CNT":1,"LOCATION":2},"geometry":{"type":"Point","coordinates":[120.3292,22.60534]}},
{"type":"Feature","properties":{"ACC_TYPE":"A2","YEAR":113,"DEAD_CNT":0,"INJ_CNT":1,"LOCATION":1},"geometry":{"type":"Point","coordinates":[120.5392,22.90199]}},
{"type":"Feature","properties":{"ACC_TYPE":"A2","YEAR":113,"DEAD_CNT":0,"INJ_CNT":1,"LOCATION":9},"geometry":{"type":"Point","coordinates":[120.3702583,22.62603156]}},
{"type":"Feature","properties":{"ACC_TYPE":"A2","YEAR":113,"DEAD_CNT":0,"INJ_CNT":2,"LOCATION":9},"geometry":{"type":"Point","coordinates":[120.3109122,22.6219825]}},
{"type":"Feature","properties":{"ACC_TYPE":"A2","YEAR":113,"DEAD_CNT":0,"INJ_CNT":2,"LOCATION":9},"geometry":{"type":"Point","coordinates":[120.283579,22.6540936]}},
{"type":"Feature","properties":{"ACC_TYPE":"A2","YEAR":113,"DEAD_CNT":0,"INJ_CNT":1,"LOCATION":1},"geometry":{"type":"Point","coordinates":[120.3190903,22.65996309]}},
{"type":"Feature","properties":{"ACC_TYPE":"A2","YEAR":113,"DEAD_CNT":0,"INJ_CNT":1,"LOCATION":1},"geometry":{"type":"Point","coordinates":[120.3124689,22.663851]}},
{"type":"Feature","properties":{"ACC_TYPE":"A2","YEAR":113,"DEAD_CNT":0,"INJ_CNT":1,"LOCATION":1},"geometry":{"type":"Point","coordinates":[120.3993346,22.5925009]}},
{"type":"Feature","properties":{"ACC_TYPE":"A2","YEAR":113,"DEAD_CNT":0,"INJ_CNT":2,"LOCATION":21},"geometry":{"type":"Point","coordinates":[120.3100709,22.6056678]}},
{"type":"Feature","properties":{"ACC_TYPE":"A2","YEAR":113,"DEAD_CNT":0,"INJ_CNT":3,"LOCATION":8},"geometry":{"type":"Point","coordinates":[120.3001969,22.63245716]}},
{"type":"Feature","properties":{"ACC_TYPE":"A2","YEAR":113,"DEAD_CNT":0,"INJ_CNT":1,"LOCATION":7},"geometry":{"type":"Point","coordinates":[120.3549,22.68263]}},
{"type":"Feature","properties":{"ACC_TYPE":"A2","YEAR":113,"DEAD_CNT":0,"INJ_CNT":1,"LOCATION":9},"geometry":{"type":"Point","coordinates":[120.3346,22.60223]}},
{"type":"Feature","properties":{"ACC_TYPE":"A2","YEAR":113,"DEAD_CNT":0,"INJ_CNT":1,"LOCATION":9},"geometry":{"type":"Point","coordinates":[120.3233432,22.6687779]}},
{"type":"Feature","properties":{"ACC_TYPE":"A2","YEAR":113,"DEAD_CNT":0,"INJ_CNT":1,"LOCATION":19},"geometry":{"type":"Point","coordinates":[120.3574118,22.6306045]}},
{"type":"Feature","properties":{"ACC_TYPE":"A2","YEAR":113,"DEAD_CNT":0,"INJ_CNT":1,"LOCATION":1},"geometry":{"type":"Point","coordinates":[120.2856,22.67159]}},
{"type":"Feature","properties":{"ACC_TYPE":"A2","YEAR":113,"DEAD_CNT":0,"INJ_CNT":1,"LOCATION":8},"geometry":{"type":"Point","coordinates":[120.3288,22.60531]}},
{"type":"Feature","properties":{"ACC_TYPE":"A2","YEAR":113,"DEAD_CNT":0,"INJ_CNT":1,"LOCATION":9},"geometry":{"type":"Point","coordinates":[120.3401533,22.68090539]}},
{"type":"Feature","properties":{"ACC_TYPE":"A2","YEAR":113,"DEAD_CNT":0,"INJ_CNT":1,"LOCATION":9},"geometry":{"type":"Point","coordinates":[120.4817,22.88721]}},
{"type":"Feature","properties":{"ACC_TYPE":"A2","YEAR":113,"DEAD_CNT":0,"INJ_CNT":3,"LOCATION":8},"geometry":{"type":"Point","coordinates":[120.6389306,22.9956014]}},
{"type":"Feature","properties":{"ACC_TYPE":"A2","YEAR":113,"DEAD_CNT":0,"INJ_CNT":1,"LOCATION":1},"geometry":{"type":"Point","coordinates":[120.3514,22.6422]}},
{"type":"Feature","properties":{"ACC_TYPE":"A2","YEAR":113,"DEAD_CNT":0,"INJ_CNT":2,"LOCATION":1},"geometry":{"type":"Point","coordinates":[120.3116,22.75473]}},
{"type":"Feature","properties":{"ACC_TYPE":"A2","YEAR":113,"DEAD_CNT":0,"INJ_CNT":2,"LOCATION":2},"geometry":{"type":"Point","coordinates":[120.292,22.65585]}},
{"type":"Feature","properties":{"ACC_TYPE":"A2","YEAR":113,"DEAD_CNT":0,"INJ_CNT":2,"LOCATION":2},"geometry":{"type":"Point","coordinates":[120.2606,22.8622]}},
{"type":"Feature","properties":{"ACC_TYPE":"A2","YEAR":113,"DEAD_CNT":0,"INJ_CNT":4,"LOCATION":2},"geometry":{"type":"Point","coordinates":[120.3248887,22.6116984]}},
{"type":"Feature","properties":{"ACC_TYPE":"A2","YEAR":113,"DEAD_CNT":0,"INJ_CNT":2,"LOCATION":2},"geometry":{"type":"Point","coordinates":[120.2064484,22.90784398]}},
{"type":"Feature","properties":{"ACC_TYPE":"A2","YEAR":113,"DEAD_CNT":0,"INJ_CNT":2,"LOCATION":9},"geometry":{"type":"Point","coordinates":[120.3001318,22.80212574]}},
{"type":"Feature","properties":{"ACC_TYPE":"A2","YEAR":113,"DEAD_CNT":0,"INJ_CNT":1,"LOCATION":8},"geometry":{"type":"Point","coordinates":[120.296863,22.621125]}},
{"type":"Feature","properties":{"ACC_TYPE":"A2","YEAR":113,"DEAD_CNT":0,"INJ_CNT":2,"LOCATION":2},"geometry":{"type":"Point","coordinates":[120.3005,22.66415]}},
{"type":"Feature","properties":{"ACC_TYPE":"A2","YEAR":113,"DEAD_CNT":0,"INJ_CNT":1,"LOCATION":1},"geometry":{"type":"Point","coordinates":[120.3117705,22.61635]}},
{"type":"Feature","properties":{"ACC_TYPE":"A2","YEAR":113,"DEAD_CNT":0,"INJ_CNT":1,"LOCATION":1},"geometry":{"type":"Point","coordinates":[120.4834,22.89238]}},
{"type":"Feature","properties":{"ACC_TYPE":"A2","YEAR":113,"DEAD_CNT":0,"INJ_CNT":2,"LOCATION":1},"geometry":{"type":"Point","coordinates":[120.4119836,22.56119681]}},
{"type":"Feature","properties":{"ACC_TYPE":"A2","YEAR":113,"DEAD_CNT":0,"INJ_CNT":2,"LOCATION":1},"geometry":{"type":"Point","coordinates":[120.2981475,22.6332213]}},
{"type":"Feature","properties":{"ACC_TYPE":"A2","YEAR":113,"DEAD_CNT":0,"INJ_CNT":2,"LOCATION":19},"geometry":{"type":"Point","coordinates":[120.3221316,22.6660325]}},
{"type":"Feature","properties":{"ACC_TYPE":"A2","YEAR":113,"DEAD_CNT":0,"INJ_CNT":2,"LOCATION":2},"geometry":{"type":"Point","coordinates":[120.2962317,22.6128587]}},
{"type":"Feature","properties":{"ACC_TYPE":"A2","YEAR":113,"DEAD_CNT":0,"INJ_CNT":1,"LOCATION":2},"geometry":{"type":"Point","coordinates":[120.2986422,22.62819542]}},
{"type":"Feature","properties":{"ACC_TYPE":"A2","YEAR":113,"DEAD_CNT":0,"INJ_CNT":3,"LOCATION":2},"geometry":{"type":"Point","coordinates":[120.3198188,22.6344798]}},
{"type":"Feature","properties":{"ACC_TYPE":"A2","YEAR":113,"DEAD_CNT":0,"INJ_CNT":2,"LOCATION":8},"geometry":{"type":"Point","coordinates":[120.2924898,22.69408085]}},
{"type":"Feature","properties":{"ACC_TYPE":"A2","YEAR":113,"DEAD_CNT":0,"INJ_CNT":2,"LOCATION":21},"geometry":{"type":"Point","coordinates":[120.3177,22.62268]}},
{"type":"Feature","properties":{"ACC_TYPE":"A2","YEAR":113,"DEAD_CNT":0,"INJ_CNT":2,"LOCATION":9},"geometry":{"type":"Point","coordinates":[120.3261125,22.6147586]}},
{"type":"Feature","properties":{"ACC_TYPE":"A2","YEAR":113,"DEAD_CNT":0,"INJ_CNT":1,"LOCATION":1},"geometry":{"type":"Point","coordinates":[120.332472,22.6515102]}},
{"type":"Feature","properties":{"ACC_TYPE":"A2","YEAR":113,"DEAD_CNT":0,"INJ_CNT":2,"LOCATION":7},"geometry":{"type":"Point","coordinates":[120.3069185,22.6657296]}},
{"type":"Feature","properties":{"ACC_TYPE":"A2","YEAR":113,"DEAD_CNT":0,"INJ_CNT":1,"LOCATION":1},"geometry":{"type":"Point","coordinates":[120.264,22.85424]}},
{"type":"Feature","properties":{"ACC_TYPE":"A2","YEAR":113,"DEAD_CNT":0,"INJ_CNT":2,"LOCATION":9},"geometry":{"type":"Point","coordinates":[120.3130598,22.84453666]}},
{"type":"Feature","properties":{"ACC_TYPE":"A2","YEAR":113,"DEAD_CNT":0,"INJ_CNT":1,"LOCATION":2},"geometry":{"type":"Point","coordinates":[120.3410617,22.5926048]}},
{"type":"Feature","properties":{"ACC_TYPE":"A2","YEAR":113,"DEAD_CNT":0,"INJ_CNT":1,"LOCATION":7},"geometry":{"type":"Point","coordinates":[120.3319722,22.6469078]}},
{"type":"Feature","properties":{"ACC_TYPE":"A2","YEAR":113,"DEAD_CNT":0,"INJ_CNT":2,"LOCATION":9},"geometry":{"type":"Point","coordinates":[120.3488056,22.7245624]}},
{"type":"Feature","properties":{"ACC_TYPE":"A2","YEAR":113,"DEAD_CNT":0,"INJ_CNT":2,"LOCATION":9},"geometry":{"type":"Point","coordinates":[120.2981475,22.6332213]}},
{"type":"Feature","properties":{"ACC_TYPE":"A2","YEAR":113,"DEAD_CNT":0,"INJ_CNT":5,"LOCATION":11},"geometry":{"type":"Point","coordinates":[120.3436921,22.6023426]}},
{"type":"Feature","properties":{"ACC_TYPE":"A2","YEAR":113,"DEAD_CNT":0,"INJ_CNT":1,"LOCATION":9},"geometry":{"type":"Point","coordinates":[120.3372,22.73805]}},
{"type":"Feature","properties":{"ACC_TYPE":"A2","YEAR":113,"DEAD_CNT":0,"INJ_CNT":1,"LOCATION":9},"geometry":{"type":"Point","coordinates":[120.3188,22.61975]}},
{"type":"Feature","properties":{"ACC_TYPE":"A2","YEAR":113,"DEAD_CNT":0,"INJ_CNT":1,"LOCATION":1},"geometry":{"type":"Point","coordinates":[120.3086,22.66522]}},
{"type":"Feature","properties":{"ACC_TYPE":"A2","YEAR":113,"DEAD_CNT":0,"INJ_CNT":3,"LOCATION":2},"geometry":{"type":"Point","coordinates":[120.3498733,22.6144547]}},
{"type":"Feature","properties":{"ACC_TYPE":"A2","YEAR":113,"DEAD_CNT":0,"INJ_CNT":1,"LOCATION":8},"geometry":{"type":"Point","coordinates":[120.3566294,22.62561428]}},
{"type":"Feature","properties":{"ACC_TYPE":"A2","YEAR":113,"DEAD_CNT":0,"INJ_CNT":2,"LOCATION":9},"geometry":{"type":"Point","coordinates":[120.4035101,22.5901021]}},
{"type":"Feature","properties":{"ACC_TYPE":"A2","YEAR":113,"DEAD_CNT":0,"INJ_CNT":2,"LOCATION":1},"geometry":{"type":"Point","coordinates":[120.3115,22.6405]}},
{"type":"Feature","properties":{"ACC_TYPE":"A2","YEAR":113,"DEAD_CNT":0,"INJ_CNT":2,"LOCATION":9},"geometry":{"type":"Point","coordinates":[120.322711,22.572036]}},
{"type":"Feature","properties":{"ACC_TYPE":"A2","YEAR":113,"DEAD_CNT":0,"INJ_CNT":1,"LOCATION":9},"geometry":{"type":"Point","coordinates":[120.3724,22.63001]}},
{"type":"Feature","properties":{"ACC_TYPE":"A2","YEAR":113,"DEAD_CNT":0,"INJ_CNT":2,"LOCATION":9},"geometry":{"type":"Point","coordinates":[120.3839467,22.6186985]}},
{"type":"Feature","properties":{"ACC_TYPE":"A2","YEAR":113,"DEAD_CNT":0,"INJ_CNT":1,"LOCATION":8},"geometry":{"type":"Point","coordinates":[120.3501941,22.6123291]}},
{"type":"Feature","properties":{"ACC_TYPE":"A2","YEAR":113,"DEAD_CNT":0,"INJ_CNT":2,"LOCATION":2},"geometry":{"type":"Point","coordinates":[120.3097,22.64525]}},
{"type":"Feature","properties":{"ACC_TYPE":"A2","YEAR":113,"DEAD_CNT":0,"INJ_CNT":1,"LOCATION":9},"geometry":{"type":"Point","coordinates":[120.2935,22.79325]}},
{"type":"Feature","properties":{"ACC_TYPE":"A2","YEAR":113,"DEAD_CNT":0,"INJ_CNT":1,"LOCATION":8},"geometry":{"type":"Point","coordinates":[120.3457479,22.61467622]}},
{"type":"Feature","properties":{"ACC_TYPE":"A2","YEAR":113,"DEAD_CNT":0,"INJ_CNT":2,"LOCATION":1},"geometry":{"type":"Point","coordinates":[120.305399,22.6142267]}},
{"type":"Feature","properties":{"ACC_TYPE":"A2","YEAR":113,"DEAD_CNT":0,"INJ_CNT":1,"LOCATION":1},"geometry":{"type":"Point","coordinates":[120.3513406,22.6440093]}},
{"type":"Feature","properties":{"ACC_TYPE":"A2","YEAR":113,"DEAD_CNT":0,"INJ_CNT":2,"LOCATION":9},"geometry":{"type":"Point","coordinates":[120.3526,22.72635]}},
{"type":"Feature","properties":{"ACC_TYPE":"A2","YEAR":113,"DEAD_CNT":0,"INJ_CNT":2,"LOCATION":7},"geometry":{"type":"Point","coordinates":[120.3710465,22.62847521]}},
{"type":"Feature","properties":{"ACC_TYPE":"A2","YEAR":113,"DEAD_CNT":0,"INJ_CNT":2,"LOCATION":2},"geometry":{"type":"Point","coordinates":[120.2775632,22.6459668]}},
{"type":"Feature","properties":{"ACC_TYPE":"A2","YEAR":113,"DEAD_CNT":0,"INJ_CNT":1,"LOCATION":1},"geometry":{"type":"Point","coordinates":[120.3580648,22.6228367]}},
{"type":"Feature","properties":{"ACC_TYPE":"A2","YEAR":113,"DEAD_CNT":0,"INJ_CNT":3,"LOCATION":1},"geometry":{"type":"Point","coordinates":[120.3367589,22.6030937]}},
{"type":"Feature","properties":{"ACC_TYPE":"A2","YEAR":113,"DEAD_CNT":0,"INJ_CNT":1,"LOCATION":19},"geometry":{"type":"Point","coordinates":[120.3504242,22.64490852]}},
{"type":"Feature","properties":{"ACC_TYPE":"A2","YEAR":113,"DEAD_CNT":0,"INJ_CNT":1,"LOCATION":9},"geometry":{"type":"Point","coordinates":[120.3521469,22.61993489]}},
{"type":"Feature","properties":{"ACC_TYPE":"A2","YEAR":113,"DEAD_CNT":0,"INJ_CNT":1,"LOCATION":1},"geometry":{"type":"Point","coordinates":[120.2859594,22.7966002]}},
{"type":"Feature","properties":{"ACC_TYPE":"A2","YEAR":113,"DEAD_CNT":0,"INJ_CNT":1,"LOCATION":9},"geometry":{"type":"Point","coordinates":[120.335,22.59746]}},
{"type":"Feature","properties":{"ACC_TYPE":"A2","YEAR":113,"DEAD_CNT":0,"INJ_CNT":1,"LOCATION":1},"geometry":{"type":"Point","coordinates":[120.3555897,22.6260579]}},
{"type":"Feature","properties":{"ACC_TYPE":"A2","YEAR":113,"DEAD_CNT":0,"INJ_CNT":1,"LOCATION":2},"geometry":{"type":"Point","coordinates":[120.2875,22.66853]}},
{"type":"Feature","properties":{"ACC_TYPE":"A2","YEAR":113,"DEAD_CNT":0,"INJ_CNT":3,"LOCATION":7},"geometry":{"type":"Point","coordinates":[120.3959344,22.6069315]}},
{"type":"Feature","properties":{"ACC_TYPE":"A2","YEAR":113,"DEAD_CNT":0,"INJ_CNT":1,"LOCATION":21},"geometry":{"type":"Point","coordinates":[120.3518268,22.5655616]}},
{"type":"Feature","properties":{"ACC_TYPE":"A2","YEAR":113,"DEAD_CNT":0,"INJ_CNT":2,"LOCATION":8},"geometry":{"type":"Point","coordinates":[120.3499136,22.6127256]}},
{"type":"Feature","properties":{"ACC_TYPE":"A2","YEAR":113,"DEAD_CNT":0,"INJ_CNT":1,"LOCATION":23},"geometry":{"type":"Point","coordinates":[120.3384558,22.61064659]}},
{"type":"Feature","properties":{"ACC_TYPE":"A2","YEAR":113,"DEAD_CNT":0,"INJ_CNT":2,"LOCATION":8},"geometry":{"type":"Point","coordinates":[120.3524,22.66418]}},
{"type":"Feature","properties":{"ACC_TYPE":"A2","YEAR":113,"DEAD_CNT":0,"INJ_CNT":1,"LOCATION":1},"geometry":{"type":"Point","coordinates":[120.3,22.6]}},
{"type":"Feature","properties":{"ACC_TYPE":"A2","YEAR":113,"DEAD_CNT":0,"INJ_CNT":2,"LOCATION":2},"geometry":{"type":"Point","coordinates":[120.2983359,22.6290808]}},
{"type":"Feature","properties":{"ACC_TYPE":"A2","YEAR":113,"DEAD_CNT":0,"INJ_CNT":1,"LOCATION":9},"geometry":{"type":"Point","coordinates":[120.2923717,22.6354914]}},
{"type":"Feature","properties":{"ACC_TYPE":"A2","YEAR":113,"DEAD_CNT":0,"INJ_CNT":2,"LOCATION":7},"geometry":{"type":"Point","coordinates":[120.3317,22.63022]}},
{"type":"Feature","properties":{"ACC_TYPE":"A2","YEAR":113,"DEAD_CNT":0,"INJ_CNT":2,"LOCATION":2},"geometry":{"type":"Point","coordinates":[120.2964444,22.61718622]}},
{"type":"Feature","properties":{"ACC_TYPE":"A2","YEAR":113,"DEAD_CNT":0,"INJ_CNT":3,"LOCATION":1},"geometry":{"type":"Point","coordinates":[120.3040108,22.6777604]}},
{"type":"Feature","properties":{"ACC_TYPE":"A2","YEAR":113,"DEAD_CNT":0,"INJ_CNT":1,"LOCATION":2},"geometry":{"type":"Point","coordinates":[120.3176993,22.6518256]}},
{"type":"Feature","properties":{"ACC_TYPE":"A2","YEAR":113,"DEAD_CNT":0,"INJ_CNT":2,"LOCATION":1},"geometry":{"type":"Point","coordinates":[120.3041,22.61568]}},
{"type":"Feature","properties":{"ACC_TYPE":"A2","YEAR":113,"DEAD_CNT":0,"INJ_CNT":2,"LOCATION":8},"geometry":{"type":"Point","coordinates":[120.3737,22.64136]}},
{"type":"Feature","properties":{"ACC_TYPE":"A2","YEAR":113,"DEAD_CNT":0,"INJ_CNT":2,"LOCATION":9},"geometry":{"type":"Point","coordinates":[120.3667,22.8112]}},
{"type":"Feature","properties":{"ACC_TYPE":"A2","YEAR":113,"DEAD_CNT":0,"INJ_CNT":1,"LOCATION":7},"geometry":{"type":"Point","coordinates":[120.3579872,22.62288048]}},
{"type":"Feature","properties":{"ACC_TYPE":"A2","YEAR":113,"DEAD_CNT":0,"INJ_CNT":2,"LOCATION":8},"geometry":{"type":"Point","coordinates":[120.4300742,22.6455697]}},
{"type":"Feature","properties":{"ACC_TYPE":"A2","YEAR":113,"DEAD_CNT":0,"INJ_CNT":1,"LOCATION":2},"geometry":{"type":"Point","coordinates":[120.3602779,22.66258729]}},
{"type":"Feature","properties":{"ACC_TYPE":"A2","YEAR":113,"DEAD_CNT":0,"INJ_CNT":1,"LOCATION":1},"geometry":{"type":"Point","coordinates":[120.397675,22.500865]}},
{"type":"Feature","properties":{"ACC_TYPE":"A2","YEAR":113,"DEAD_CNT":0,"INJ_CNT":2,"LOCATION":8},"geometry":{"type":"Point","coordinates":[120.3358571,22.73105063]}},
{"type":"Feature","properties":{"ACC_TYPE":"A2","YEAR":113,"DEAD_CNT":0,"INJ_CNT":1,"LOCATION":9},"geometry":{"type":"Point","coordinates":[120.3625455,22.6211923]}},
{"type":"Feature","properties":{"ACC_TYPE":"A2","YEAR":113,"DEAD_CNT":0,"INJ_CNT":1,"LOCATION":10},"geometry":{"type":"Point","coordinates":[120.3056401,22.6159387]}},
{"type":"Feature","properties":{"ACC_TYPE":"A2","YEAR":113,"DEAD_CNT":0,"INJ_CNT":1,"LOCATION":9},"geometry":{"type":"Point","coordinates":[120.2691311,22.77663085]}},
{"type":"Feature","properties":{"ACC_TYPE":"A2","YEAR":113,"DEAD_CNT":0,"INJ_CNT":1,"LOCATION":1},"geometry":{"type":"Point","coordinates":[120.3239751,22.6453553]}},
{"type":"Feature","properties":{"ACC_TYPE":"A2","YEAR":113,"DEAD_CNT":0,"INJ_CNT":3,"LOCATION":9},"geometry":{"type":"Point","coordinates":[120.311551,22.629504]}},
{"type":"Feature","properties":{"ACC_TYPE":"A2","YEAR":113,"DEAD_CNT":0,"INJ_CNT":1,"LOCATION":1},"geometry":{"type":"Point","coordinates":[120.3551,22.64956]}},
{"type":"Feature","properties":{"ACC_TYPE":"A2","YEAR":113,"DEAD_CNT":0,"INJ_CNT":1,"LOCATION":9},"geometry":{"type":"Point","coordinates":[120.3000794,22.71291895]}},
{"type":"Feature","properties":{"ACC_TYPE":"A2","YEAR":113,"DEAD_CNT":0,"INJ_CNT":1,"LOCATION":1},"geometry":{"type":"Point","coordinates":[120.3622579,22.6332545]}},
{"type":"Feature","properties":{"ACC_TYPE":"A2","YEAR":113,"DEAD_CNT":0,"INJ_CNT":2,"LOCATION":14},"geometry":{"type":"Point","coordinates":[120.3661704,22.6212353]}},
{"type":"Feature","properties":{"ACC_TYPE":"A2","YEAR":113,"DEAD_CNT":0,"INJ_CNT":2,"LOCATION":1},"geometry":{"type":"Point","coordinates":[120.3041,22.61558]}},
{"type":"Feature","properties":{"ACC_TYPE":"A2","YEAR":113,"DEAD_CNT":0,"INJ_CNT":1,"LOCATION":1},"geometry":{"type":"Point","coordinates":[120.363,22.59006]}},
{"type":"Feature","properties":{"ACC_TYPE":"A2","YEAR":113,"DEAD_CNT":0,"INJ_CNT":1,"LOCATION":9},"geometry":{"type":"Point","coordinates":[120.2871007,22.6715875]}},
{"type":"Feature","properties":{"ACC_TYPE":"A2","YEAR":113,"DEAD_CNT":0,"INJ_CNT":2,"LOCATION":8},"geometry":{"type":"Point","coordinates":[120.304,22.61571]}},
{"type":"Feature","properties":{"ACC_TYPE":"A2","YEAR":113,"DEAD_CNT":0,"INJ_CNT":1,"LOCATION":9},"geometry":{"type":"Point","coordinates":[120.4847,22.88379]}},
{"type":"Feature","properties":{"ACC_TYPE":"A2","YEAR":113,"DEAD_CNT":0,"INJ_CNT":1,"LOCATION":1},"geometry":{"type":"Point","coordinates":[120.5419,22.89967]}},
{"type":"Feature","properties":{"ACC_TYPE":"A2","YEAR":113,"DEAD_CNT":0,"INJ_CNT":2,"LOCATION":9},"geometry":{"type":"Point","coordinates":[120.319,22.61731]}},
{"type":"Feature","properties":{"ACC_TYPE":"A2","YEAR":113,"DEAD_CNT":0,"INJ_CNT":2,"LOCATION":1},"geometry":{"type":"Point","coordinates":[120.3642,22.76559]}},
{"type":"Feature","properties":{"ACC_TYPE":"A2","YEAR":113,"DEAD_CNT":0,"INJ_CNT":1,"LOCATION":2},"geometry":{"type":"Point","coordinates":[120.3401769,22.6124941]}},
{"type":"Feature","properties":{"ACC_TYPE":"A2","YEAR":113,"DEAD_CNT":0,"INJ_CNT":1,"LOCATION":19},"geometry":{"type":"Point","coordinates":[120.3032,22.66568]}},
{"type":"Feature","properties":{"ACC_TYPE":"A2","YEAR":113,"DEAD_CNT":0,"INJ_CNT":2,"LOCATION":7},"geometry":{"type":"Point","coordinates":[120.3315,22.57685]}},
{"type":"Feature","properties":{"ACC_TYPE":"A2","YEAR":113,"DEAD_CNT":0,"INJ_CNT":1,"LOCATION":9},"geometry":{"type":"Point","coordinates":[120.2482991,22.7833681]}},
{"type":"Feature","properties":{"ACC_TYPE":"A2","YEAR":113,"DEAD_CNT":0,"INJ_CNT":1,"LOCATION":1},"geometry":{"type":"Point","coordinates":[120.3257,22.58845]}},
{"type":"Feature","properties":{"ACC_TYPE":"A2","YEAR":113,"DEAD_CNT":0,"INJ_CNT":1,"LOCATION":19},"geometry":{"type":"Point","coordinates":[120.3215317,22.6810394]}},
{"type":"Feature","properties":{"ACC_TYPE":"A2","YEAR":113,"DEAD_CNT":0,"INJ_CNT":1,"LOCATION":1},"geometry":{"type":"Point","coordinates":[120.300534,22.7256252]}},
{"type":"Feature","properties":{"ACC_TYPE":"A2","YEAR":113,"DEAD_CNT":0,"INJ_CNT":2,"LOCATION":9},"geometry":{"type":"Point","coordinates":[120.2953293,22.6414135]}},
{"type":"Feature","properties":{"ACC_TYPE":"A2","YEAR":113,"DEAD_CNT":0,"INJ_CNT":1,"LOCATION":1},"geometry":{"type":"Point","coordinates":[120.3574,22.63029]}},
{"type":"Feature","properties":{"ACC_TYPE":"A2","YEAR":113,"DEAD_CNT":0,"INJ_CNT":2,"LOCATION":1},"geometry":{"type":"Point","coordinates":[120.3031638,22.6345192]}},
{"type":"Feature","properties":{"ACC_TYPE":"A2","YEAR":113,"DEAD_CNT":0,"INJ_CNT":1,"LOCATION":9},"geometry":{"type":"Point","coordinates":[120.3901825,22.61620601]}},
{"type":"Feature","properties":{"ACC_TYPE":"A2","YEAR":113,"DEAD_CNT":0,"INJ_CNT":2,"LOCATION":9},"geometry":{"type":"Point","coordinates":[120.3090364,22.6601474]}},
{"type":"Feature","properties":{"ACC_TYPE":"A2","YEAR":113,"DEAD_CNT":0,"INJ_CNT":6,"LOCATION":1},"geometry":{"type":"Point","coordinates":[120.3282,22.62121]}},
{"type":"Feature","properties":{"ACC_TYPE":"A2","YEAR":113,"DEAD_CNT":0,"INJ_CNT":1,"LOCATION":1},"geometry":{"type":"Point","coordinates":[120.3508697,22.6831181]}},
{"type":"Feature","properties":{"ACC_TYPE":"A2","YEAR":113,"DEAD_CNT":0,"INJ_CNT":1,"LOCATION":2},"geometry":{"type":"Point","coordinates":[120.342314,22.6246219]}},
{"type":"Feature","properties":{"ACC_TYPE":"A2","YEAR":113,"DEAD_CNT":0,"INJ_CNT":2,"LOCATION":1},"geometry":{"type":"Point","coordinates":[120.2913,22.65324]}},
{"type":"Feature","properties":{"ACC_TYPE":"A2","YEAR":113,"DEAD_CNT":0,"INJ_CNT":2,"LOCATION":2},"geometry":{"type":"Point","coordinates":[120.2976489,22.6308148]}},
{"type":"Feature","properties":{"ACC_TYPE":"A2","YEAR":113,"DEAD_CNT":0,"INJ_CNT":1,"LOCATION":1},"geometry":{"type":"Point","coordinates":[120.2899,22.65919]}},
{"type":"Feature","properties":{"ACC_TYPE":"A2","YEAR":113,"DEAD_CNT":0,"INJ_CNT":3,"LOCATION":9},"geometry":{"type":"Point","coordinates":[120.3967978,22.6028066]}},
{"type":"Feature","properties":{"ACC_TYPE":"A2","YEAR":113,"DEAD_CNT":0,"INJ_CNT":1,"LOCATION":2},"geometry":{"type":"Point","coordinates":[120.2985337,22.6119492]}},
{"type":"Feature","properties":{"ACC_TYPE":"A2","YEAR":113,"DEAD_CNT":0,"INJ_CNT":2,"LOCATION":9},"geometry":{"type":"Point","coordinates":[120.3602953,22.7932835]}},
{"type":"Feature","properties":{"ACC_TYPE":"A2","YEAR":113,"DEAD_CNT":0,"INJ_CNT":1,"LOCATION":1},"geometry":{"type":"Point","coordinates":[120.3227437,22.6280969]}},
{"type":"Feature","properties":{"ACC_TYPE":"A2","YEAR":113,"DEAD_CNT":0,"INJ_CNT":1,"LOCATION":1},"geometry":{"type":"Point","coordinates":[120.3226,22.59573]}},
{"type":"Feature","properties":{"ACC_TYPE":"A2","YEAR":113,"DEAD_CNT":0,"INJ_CNT":1,"LOCATION":9},"geometry":{"type":"Point","coordinates":[120.2949168,22.6343134]}},
{"type":"Feature","properties":{"ACC_TYPE":"A2","YEAR":113,"DEAD_CNT":0,"INJ_CNT":2,"LOCATION":2},"geometry":{"type":"Point","coordinates":[120.29,22.65397]}},
{"type":"Feature","properties":{"ACC_TYPE":"A2","YEAR":113,"DEAD_CNT":0,"INJ_CNT":1,"LOCATION":9},"geometry":{"type":"Point","coordinates":[120.3636,22.62536]}},
{"type":"Feature","properties":{"ACC_TYPE":"A2","YEAR":113,"DEAD_CNT":0,"INJ_CNT":1,"LOCATION":7},"geometry":{"type":"Point","coordinates":[120.3393876,22.600782]}},
{"type":"Feature","properties":{"ACC_TYPE":"A2","YEAR":113,"DEAD_CNT":0,"INJ_CNT":1,"LOCATION":1},"geometry":{"type":"Point","coordinates":[120.3292374,22.6424923]}},
{"type":"Feature","properties":{"ACC_TYPE":"A2","YEAR":113,"DEAD_CNT":0,"INJ_CNT":5,"LOCATION":1},"geometry":{"type":"Point","coordinates":[120.4005223,22.6321764]}},
{"type":"Feature","properties":{"ACC_TYPE":"A2","YEAR":113,"DEAD_CNT":0,"INJ_CNT":1,"LOCATION":2},"geometry":{"type":"Point","coordinates":[120.2899,22.65306]}},
{"type":"Feature","properties":{"ACC_TYPE":"A2","YEAR":113,"DEAD_CNT":0,"INJ_CNT":1,"LOCATION":9},"geometry":{"type":"Point","coordinates":[120.4067804,22.6139105]}},
{"type":"Feature","properties":{"ACC_TYPE":"A2","YEAR":113,"DEAD_CNT":0,"INJ_CNT":1,"LOCATION":1},"geometry":{"type":"Point","coordinates":[120.3071,22.64085]}},
{"type":"Feature","properties":{"ACC_TYPE":"A2","YEAR":113,"DEAD_CNT":0,"INJ_CNT":1,"LOCATION":1},"geometry":{"type":"Point","coordinates":[120.2731293,22.7288157]}},
{"type":"Feature","properties":{"ACC_TYPE":"A2","YEAR":113,"DEAD_CNT":0,"INJ_CNT":2,"LOCATION":1},"geometry":{"type":"Point","coordinates":[120.3371,22.60272]}},
{"type":"Feature","properties":{"ACC_TYPE":"A2","YEAR":113,"DEAD_CNT":0,"INJ_CNT":1,"LOCATION":9},"geometry":{"type":"Point","coordinates":[120.3195244,22.7275867]}},
{"type":"Feature","properties":{"ACC_TYPE":"A2","YEAR":113,"DEAD_CNT":0,"INJ_CNT":2,"LOCATION":9},"geometry":{"type":"Point","coordinates":[120.294197,22.6346888]}},
{"type":"Feature","properties":{"ACC_TYPE":"A2","YEAR":113,"DEAD_CNT":0,"INJ_CNT":1,"LOCATION":1},"geometry":{"type":"Point","coordinates":[120.3136,22.72113]}},
{"type":"Feature","properties":{"ACC_TYPE":"A2","YEAR":113,"DEAD_CNT":0,"INJ_CNT":2,"LOCATION":1},"geometry":{"type":"Point","coordinates":[120.2742278,22.7273202]}},
{"type":"Feature","properties":{"ACC_TYPE":"A2","YEAR":113,"DEAD_CNT":0,"INJ_CNT":3,"LOCATION":8},"geometry":{"type":"Point","coordinates":[120.3285894,22.6329494]}},
{"type":"Feature","properties":{"ACC_TYPE":"A2","YEAR":113,"DEAD_CNT":0,"INJ_CNT":2,"LOCATION":8},"geometry":{"type":"Point","coordinates":[120.3588436,22.59363907]}},
{"type":"Feature","properties":{"ACC_TYPE":"A2","YEAR":113,"DEAD_CNT":0,"INJ_CNT":2,"LOCATION":9},"geometry":{"type":"Point","coordinates":[120.2699,22.77939]}},
{"type":"Feature","properties":{"ACC_TYPE":"A2","YEAR":113,"DEAD_CNT":0,"INJ_CNT":1,"LOCATION":2},"geometry":{"type":"Point","coordinates":[120.3633232,22.6405974]}},
{"type":"Feature","properties":{"ACC_TYPE":"A2","YEAR":113,"DEAD_CNT":0,"INJ_CNT":1,"LOCATION":1},"geometry":{"type":"Point","coordinates":[120.3206453,22.6191765]}},
{"type":"Feature","properties":{"ACC_TYPE":"A2","YEAR":113,"DEAD_CNT":0,"INJ_CNT":1,"LOCATION":21},"geometry":{"type":"Point","coordinates":[120.3601568,22.6358907]}},
{"type":"Feature","properties":{"ACC_TYPE":"A2","YEAR":113,"DEAD_CNT":0,"INJ_CNT":1,"LOCATION":1},"geometry":{"type":"Point","coordinates":[120.3065573,22.61552844]}},
{"type":"Feature","properties":{"ACC_TYPE":"A2","YEAR":113,"DEAD_CNT":0,"INJ_CNT":2,"LOCATION":1},"geometry":{"type":"Point","coordinates":[120.3315289,22.7289414]}},
{"type":"Feature","properties":{"ACC_TYPE":"A2","YEAR":113,"DEAD_CNT":0,"INJ_CNT":1,"LOCATION":8},"geometry":{"type":"Point","coordinates":[120.326842,22.632771]}},
{"type":"Feature","properties":{"ACC_TYPE":"A2","YEAR":113,"DEAD_CNT":0,"INJ_CNT":2,"LOCATION":7},"geometry":{"type":"Point","coordinates":[120.286,22.6977]}},
{"type":"Feature","properties":{"ACC_TYPE":"A2","YEAR":113,"DEAD_CNT":0,"INJ_CNT":2,"LOCATION":1},"geometry":{"type":"Point","coordinates":[120.2706,22.60707]}},
{"type":"Feature","properties":{"ACC_TYPE":"A2","YEAR":113,"DEAD_CNT":0,"INJ_CNT":2,"LOCATION":24},"geometry":{"type":"Point","coordinates":[120.3110803,22.75387189]}},
{"type":"Feature","properties":{"ACC_TYPE":"A2","YEAR":113,"DEAD_CNT":0,"INJ_CNT":1,"LOCATION":9},"geometry":{"type":"Point","coordinates":[120.3236109,22.6306114]}},
{"type":"Feature","properties":{"ACC_TYPE":"A2","YEAR":113,"DEAD_CNT":0,"INJ_CNT":1,"LOCATION":1},"geometry":{"type":"Point","coordinates":[120.3039673,22.6612075]}},
{"type":"Feature","properties":{"ACC_TYPE":"A2","YEAR":113,"DEAD_CNT":0,"INJ_CNT":1,"LOCATION":1},"geometry":{"type":"Point","coordinates":[120.3084682,22.6650419]}},
{"type":"Feature","properties":{"ACC_TYPE":"A2","YEAR":113,"DEAD_CNT":0,"INJ_CNT":2,"LOCATION":8},"geometry":{"type":"Point","coordinates":[120.324955,22.72686]}},
{"type":"Feature","properties":{"ACC_TYPE":"A2","YEAR":113,"DEAD_CNT":0,"INJ_CNT":1,"LOCATION":2},"geometry":{"type":"Point","coordinates":[120.3109173,22.67908021]}},
{"type":"Feature","properties":{"ACC_TYPE":"A2","YEAR":113,"DEAD_CNT":0,"INJ_CNT":2,"LOCATION":1},"geometry":{"type":"Point","coordinates":[120.3371143,22.5993419]}},
{"type":"Feature","properties":{"ACC_TYPE":"A2","YEAR":113,"DEAD_CNT":0,"INJ_CNT":1,"LOCATION":1},"geometry":{"type":"Point","coordinates":[120.34524,22.5932821]}},
{"type":"Feature","properties":{"ACC_TYPE":"A2","YEAR":113,"DEAD_CNT":0,"INJ_CNT":1,"LOCATION":9},"geometry":{"type":"Point","coordinates":[120.41657,22.5920358]}},
{"type":"Feature","properties":{"ACC_TYPE":"A2","YEAR":113,"DEAD_CNT":0,"INJ_CNT":1,"LOCATION":1},"geometry":{"type":"Point","coordinates":[120.3148585,22.66680646]}},
{"type":"Feature","properties":{"ACC_TYPE":"A2","YEAR":113,"DEAD_CNT":0,"INJ_CNT":2,"LOCATION":9},"geometry":{"type":"Point","coordinates":[120.2844974,22.6249412]}},
{"type":"Feature","properties":{"ACC_TYPE":"A2","YEAR":113,"DEAD_CNT":0,"INJ_CNT":2,"LOCATION":9},"geometry":{"type":"Point","coordinates":[120.2884084,22.6279817]}},
{"type":"Feature","properties":{"ACC_TYPE":"A2","YEAR":113,"DEAD_CNT":0,"INJ_CNT":1,"LOCATION":2},"geometry":{"type":"Point","coordinates":[120.3322233,22.5960549]}},
{"type":"Feature","properties":{"ACC_TYPE":"A2","YEAR":113,"DEAD_CNT":0,"INJ_CNT":1,"LOCATION":2},"geometry":{"type":"Point","coordinates":[120.3153446,22.6320955]}},
{"type":"Feature","properties":{"ACC_TYPE":"A2","YEAR":113,"DEAD_CNT":0,"INJ_CNT":1,"LOCATION":1},"geometry":{"type":"Point","coordinates":[120.3091,22.62579185]}},
{"type":"Feature","properties":{"ACC_TYPE":"A2","YEAR":113,"DEAD_CNT":0,"INJ_CNT":1,"LOCATION":1},"geometry":{"type":"Point","coordinates":[120.3459,22.67815]}},
{"type":"Feature","properties":{"ACC_TYPE":"A2","YEAR":113,"DEAD_CNT":0,"INJ_CNT":1,"LOCATION":7},"geometry":{"type":"Point","coordinates":[120.30757,22.6206628]}},
{"type":"Feature","properties":{"ACC_TYPE":"A2","YEAR":113,"DEAD_CNT":0,"INJ_CNT":1,"LOCATION":1},"geometry":{"type":"Point","coordinates":[120.2973,22.61557]}},
{"type":"Feature","properties":{"ACC_TYPE":"A2","YEAR":113,"DEAD_CNT":0,"INJ_CNT":1,"LOCATION":9},"geometry":{"type":"Point","coordinates":[120.434243,22.6914527]}},
{"type":"Feature","properties":{"ACC_TYPE":"A2","YEAR":113,"DEAD_CNT":0,"INJ_CNT":1,"LOCATION":1},"geometry":{"type":"Point","coordinates":[120.278,22.6267]}},
{"type":"Feature","properties":{"ACC_TYPE":"A2","YEAR":113,"DEAD_CNT":0,"INJ_CNT":1,"LOCATION":1},"geometry":{"type":"Point","coordinates":[120.3348,22.60232]}},
{"type":"Feature","properties":{"ACC_TYPE":"A2","YEAR":113,"DEAD_CNT":0,"INJ_CNT":1,"LOCATION":9},"geometry":{"type":"Point","coordinates":[120.2247896,22.8528283]}},
{"type":"Feature","properties":{"ACC_TYPE":"A2","YEAR":113,"DEAD_CNT":0,"INJ_CNT":3,"LOCATION":2},"geometry":{"type":"Point","coordinates":[120.2838,22.63449]}},
{"type":"Feature","properties":{"ACC_TYPE":"A2","YEAR":113,"DEAD_CNT":0,"INJ_CNT":2,"LOCATION":1},"geometry":{"type":"Point","coordinates":[120.357097,22.6186658]}},
{"type":"Feature","properties":{"ACC_TYPE":"A2","YEAR":113,"DEAD_CNT":0,"INJ_CNT":2,"LOCATION":1},"geometry":{"type":"Point","coordinates":[120.2950358,22.7115853]}},
{"type":"Feature","properties":{"ACC_TYPE":"A2","YEAR":113,"DEAD_CNT":0,"INJ_CNT":1,"LOCATION":20},"geometry":{"type":"Point","coordinates":[120.32244,22.67279]}},
{"type":"Feature","properties":{"ACC_TYPE":"A2","YEAR":113,"DEAD_CNT":0,"INJ_CNT":1,"LOCATION":1},"geometry":{"type":"Point","coordinates":[120.34012,22.64592]}},
{"type":"Feature","properties":{"ACC_TYPE":"A2","YEAR":113,"DEAD_CNT":0,"INJ_CNT":2,"LOCATION":9},"geometry":{"type":"Point","coordinates":[120.3141635,22.64797111]}},
{"type":"Feature","properties":{"ACC_TYPE":"A2","YEAR":113,"DEAD_CNT":0,"INJ_CNT":2,"LOCATION":8},"geometry":{"type":"Point","coordinates":[120.3746157,22.58910308]}},
{"type":"Feature","properties":{"ACC_TYPE":"A2","YEAR":113,"DEAD_CNT":0,"INJ_CNT":1,"LOCATION":2},"geometry":{"type":"Point","coordinates":[120.3920298,22.6361601]}},
{"type":"Feature","properties":{"ACC_TYPE":"A2","YEAR":113,"DEAD_CNT":0,"INJ_CNT":1,"LOCATION":8},"geometry":{"type":"Point","coordinates":[120.3648,22.65536]}},
{"type":"Feature","properties":{"ACC_TYPE":"A2","YEAR":113,"DEAD_CNT":0,"INJ_CNT":2,"LOCATION":9},"geometry":{"type":"Point","coordinates":[120.3199016,22.7255011]}},
{"type":"Feature","properties":{"ACC_TYPE":"A2","YEAR":113,"DEAD_CNT":0,"INJ_CNT":1,"LOCATION":1},"geometry":{"type":"Point","coordinates":[120.3587,22.58858]}},
{"type":"Feature","properties":{"ACC_TYPE":"A2","YEAR":113,"DEAD_CNT":0,"INJ_CNT":1,"LOCATION":9},"geometry":{"type":"Point","coordinates":[120.422972,22.7274702]}},
{"type":"Feature","properties":{"ACC_TYPE":"A2","YEAR":113,"DEAD_CNT":0,"INJ_CNT":1,"LOCATION":1},"geometry":{"type":"Point","coordinates":[120.3719997,22.631032]}},
{"type":"Feature","properties":{"ACC_TYPE":"A2","YEAR":113,"DEAD_CNT":0,"INJ_CNT":1,"LOCATION":23},"geometry":{"type":"Point","coordinates":[120.3885926,22.6145451]}},
{"type":"Feature","properties":{"ACC_TYPE":"A2","YEAR":113,"DEAD_CNT":0,"INJ_CNT":2,"LOCATION":9},"geometry":{"type":"Point","coordinates":[120.3641,22.56762]}},
{"type":"Feature","properties":{"ACC_TYPE":"A2","YEAR":113,"DEAD_CNT":0,"INJ_CNT":2,"LOCATION":11},"geometry":{"type":"Point","coordinates":[120.2621238,22.7627665]}},
{"type":"Feature","properties":{"ACC_TYPE":"A2","YEAR":113,"DEAD_CNT":0,"INJ_CNT":2,"LOCATION":1},"geometry":{"type":"Point","coordinates":[120.3406,22.62635]}},
{"type":"Feature","properties":{"ACC_TYPE":"A2","YEAR":113,"DEAD_CNT":0,"INJ_CNT":2,"LOCATION":1},"geometry":{"type":"Point","coordinates":[120.3294164,22.641463]}},
{"type":"Feature","properties":{"ACC_TYPE":"A2","YEAR":113,"DEAD_CNT":0,"INJ_CNT":1,"LOCATION":8},"geometry":{"type":"Point","coordinates":[120.314346,22.632254]}},
{"type":"Feature","properties":{"ACC_TYPE":"A2","YEAR":113,"DEAD_CNT":0,"INJ_CNT":1,"LOCATION":9},"geometry":{"type":"Point","coordinates":[120.2629014,22.74311678]}},
{"type":"Feature","properties":{"ACC_TYPE":"A2","YEAR":113,"DEAD_CNT":0,"INJ_CNT":1,"LOCATION":1},"geometry":{"type":"Point","coordinates":[120.3051598,22.6375426]}},
{"type":"Feature","properties":{"ACC_TYPE":"A2","YEAR":113,"DEAD_CNT":0,"INJ_CNT":1,"LOCATION":9},"geometry":{"type":"Point","coordinates":[120.2907,22.65503]}},
{"type":"Feature","properties":{"ACC_TYPE":"A2","YEAR":113,"DEAD_CNT":0,"INJ_CNT":1,"LOCATION":1},"geometry":{"type":"Point","coordinates":[120.3668363,22.6390487]}},
{"type":"Feature","properties":{"ACC_TYPE":"A2","YEAR":113,"DEAD_CNT":0,"INJ_CNT":1,"LOCATION":7},"geometry":{"type":"Point","coordinates":[120.2959,22.66781]}},
{"type":"Feature","properties":{"ACC_TYPE":"A2","YEAR":113,"DEAD_CNT":0,"INJ_CNT":1,"LOCATION":9},"geometry":{"type":"Point","coordinates":[120.31232,22.65257]}},
{"type":"Feature","properties":{"ACC_TYPE":"A2","YEAR":113,"DEAD_CNT":0,"INJ_CNT":1,"LOCATION":1},"geometry":{"type":"Point","coordinates":[120.3946875,22.6127688]}},
{"type":"Feature","properties":{"ACC_TYPE":"A2","YEAR":113,"DEAD_CNT":0,"INJ_CNT":1,"LOCATION":1},"geometry":{"type":"Point","coordinates":[120.2916501,22.6295907]}},
{"type":"Feature","properties":{"ACC_TYPE":"A2","YEAR":113,"DEAD_CNT":0,"INJ_CNT":1,"LOCATION":1},"geometry":{"type":"Point","coordinates":[120.3199,22.6676]}},
{"type":"Feature","properties":{"ACC_TYPE":"A2","YEAR":113,"DEAD_CNT":0,"INJ_CNT":2,"LOCATION":1},"geometry":{"type":"Point","coordinates":[120.3512849,22.7277275]}},
{"type":"Feature","properties":{"ACC_TYPE":"A2","YEAR":113,"DEAD_CNT":0,"INJ_CNT":1,"LOCATION":9},"geometry":{"type":"Point","coordinates":[120.271,22.62021]}},
{"type":"Feature","properties":{"ACC_TYPE":"A2","YEAR":113,"DEAD_CNT":0,"INJ_CNT":2,"LOCATION":1},"geometry":{"type":"Point","coordinates":[120.3091388,22.6502897]}},
{"type":"Feature","properties":{"ACC_TYPE":"A2","YEAR":113,"DEAD_CNT":0,"INJ_CNT":2,"LOCATION":1},"geometry":{"type":"Point","coordinates":[120.3102583,22.75766884]}},
{"type":"Feature","properties":{"ACC_TYPE":"A2","YEAR":113,"DEAD_CNT":0,"INJ_CNT":1,"LOCATION":1},"geometry":{"type":"Point","coordinates":[120.5395,22.89938]}},
{"type":"Feature","properties":{"ACC_TYPE":"A2","YEAR":113,"DEAD_CNT":0,"INJ_CNT":1,"LOCATION":1},"geometry":{"type":"Point","coordinates":[120.2973,22.67315]}},
{"type":"Feature","properties":{"ACC_TYPE":"A2","YEAR":113,"DEAD_CNT":0,"INJ_CNT":2,"LOCATION":2},"geometry":{"type":"Point","coordinates":[120.2987,22.6897]}},
{"type":"Feature","properties":{"ACC_TYPE":"A2","YEAR":113,"DEAD_CNT":0,"INJ_CNT":1,"LOCATION":1},"geometry":{"type":"Point","coordinates":[120.3133068,22.67959305]}},
{"type":"Feature","properties":{"ACC_TYPE":"A2","YEAR":113,"DEAD_CNT":0,"INJ_CNT":2,"LOCATION":1},"geometry":{"type":"Point","coordinates":[120.3927047,22.6380175]}},
{"type":"Feature","properties":{"ACC_TYPE":"A2","YEAR":113,"DEAD_CNT":0,"INJ_CNT":1,"LOCATION":9},"geometry":{"type":"Point","coordinates":[120.3251396,22.5935833]}},
{"type":"Feature","properties":{"ACC_TYPE":"A2","YEAR":113,"DEAD_CNT":0,"INJ_CNT":2,"LOCATION":9},"geometry":{"type":"Point","coordinates":[120.2979028,22.62178206]}},
{"type":"Feature","properties":{"ACC_TYPE":"A2","YEAR":113,"DEAD_CNT":0,"INJ_CNT":2,"LOCATION":9},"geometry":{"type":"Point","coordinates":[120.2498,22.73162]}},
{"type":"Feature","properties":{"ACC_TYPE":"A2","YEAR":113,"DEAD_CNT":0,"INJ_CNT":1,"LOCATION":2},"geometry":{"type":"Point","coordinates":[120.3010801,22.6184237]}},
{"type":"Feature","properties":{"ACC_TYPE":"A2","YEAR":113,"DEAD_CNT":0,"INJ_CNT":2,"LOCATION":8},"geometry":{"type":"Point","coordinates":[120.3473004,22.64737554]}},
{"type":"Feature","properties":{"ACC_TYPE":"A2","YEAR":113,"DEAD_CNT":0,"INJ_CNT":2,"LOCATION":1},"geometry":{"type":"Point","coordinates":[120.2913865,22.6302872]}},
{"type":"Feature","properties":{"ACC_TYPE":"A2","YEAR":113,"DEAD_CNT":0,"INJ_CNT":2,"LOCATION":7},"geometry":{"type":"Point","coordinates":[120.4109,22.5925]}},
{"type":"Feature","properties":{"ACC_TYPE":"A2","YEAR":113,"DEAD_CNT":0,"INJ_CNT":2,"LOCATION":1},"geometry":{"type":"Point","coordinates":[120.3515,22.64635]}},
{"type":"Feature","properties":{"ACC_TYPE":"A2","YEAR":113,"DEAD_CNT":0,"INJ_CNT":2,"LOCATION":7},"geometry":{"type":"Point","coordinates":[120.3978,22.60431]}},
{"type":"Feature","properties":{"ACC_TYPE":"A2","YEAR":113,"DEAD_CNT":0,"INJ_CNT":1,"LOCATION":1},"geometry":{"type":"Point","coordinates":[120.3298108,22.736133]}},
{"type":"Feature","properties":{"ACC_TYPE":"A2","YEAR":113,"DEAD_CNT":0,"INJ_CNT":2,"LOCATION":1},"geometry":{"type":"Point","coordinates":[120.3454982,22.7321222]}},
{"type":"Feature","properties":{"ACC_TYPE":"A2","YEAR":113,"DEAD_CNT":0,"INJ_CNT":2,"LOCATION":7},"geometry":{"type":"Point","coordinates":[120.3306545,22.6316349]}},
{"type":"Feature","properties":{"ACC_TYPE":"A2","YEAR":113,"DEAD_CNT":0,"INJ_CNT":3,"LOCATION":9},"geometry":{"type":"Point","coordinates":[120.288693,22.72262275]}},
{"type":"Feature","properties":{"ACC_TYPE":"A2","YEAR":113,"DEAD_CNT":0,"INJ_CNT":1,"LOCATION":9},"geometry":{"type":"Point","coordinates":[120.3064,22.68791]}},
{"type":"Feature","properties":{"ACC_TYPE":"A2","YEAR":113,"DEAD_CNT":0,"INJ_CNT":2,"LOCATION":1},"geometry":{"type":"Point","coordinates":[120.3269839,22.62757]}},
{"type":"Feature","properties":{"ACC_TYPE":"A2","YEAR":113,"DEAD_CNT":0,"INJ_CNT":2,"LOCATION":9},"geometry":{"type":"Point","coordinates":[120.3528603,22.7277014]}},
{"type":"Feature","properties":{"ACC_TYPE":"A2","YEAR":113,"DEAD_CNT":0,"INJ_CNT":1,"LOCATION":1},"geometry":{"type":"Point","coordinates":[120.3532461,22.6914304]}},
{"type":"Feature","properties":{"ACC_TYPE":"A2","YEAR":113,"DEAD_CNT":0,"INJ_CNT":2,"LOCATION":1},"geometry":{"type":"Point","coordinates":[120.3012876,22.7259738]}},
{"type":"Feature","properties":{"ACC_TYPE":"A2","YEAR":113,"DEAD_CNT":0,"INJ_CNT":1,"LOCATION":1},"geometry":{"type":"Point","coordinates":[120.5342,22.88597]}},
{"type":"Feature","properties":{"ACC_TYPE":"A2","YEAR":113,"DEAD_CNT":0,"INJ_CNT":3,"LOCATION":7},"geometry":{"type":"Point","coordinates":[120.2965029,22.6883276]}},
{"type":"Feature","properties":{"ACC_TYPE":"A2","YEAR":113,"DEAD_CNT":0,"INJ_CNT":1,"LOCATION":2},"geometry":{"type":"Point","coordinates":[120.3032643,22.663032]}},
{"type":"Feature","properties":{"ACC_TYPE":"A2","YEAR":113,"DEAD_CNT":0,"INJ_CNT":1,"LOCATION":9},"geometry":{"type":"Point","coordinates":[120.3233571,22.5720994]}},
{"type":"Feature","properties":{"ACC_TYPE":"A2","YEAR":113,"DEAD_CNT":0,"INJ_CNT":1,"LOCATION":7},"geometry":{"type":"Point","coordinates":[120.2944,22.66921]}},
{"type":"Feature","properties":{"ACC_TYPE":"A2","YEAR":113,"DEAD_CNT":0,"INJ_CNT":2,"LOCATION":1},"geometry":{"type":"Point","coordinates":[120.2926568,22.673356]}},
{"type":"Feature","properties":{"ACC_TYPE":"A2","YEAR":113,"DEAD_CNT":0,"INJ_CNT":2,"LOCATION":8},"geometry":{"type":"Point","coordinates":[120.2919,22.65417]}},
{"type":"Feature","properties":{"ACC_TYPE":"A2","YEAR":113,"DEAD_CNT":0,"INJ_CNT":2,"LOCATION":8},"geometry":{"type":"Point","coordinates":[120.3,22.6]}},
{"type":"Feature","properties":{"ACC_TYPE":"A2","YEAR":113,"DEAD_CNT":0,"INJ_CNT":1,"LOCATION":1},"geometry":{"type":"Point","coordinates":[120.325,22.5936]}},
{"type":"Feature","properties":{"ACC_TYPE":"A2","YEAR":113,"DEAD_CNT":0,"INJ_CNT":1,"LOCATION":1},"geometry":{"type":"Point","coordinates":[120.3363005,22.7309739]}},
{"type":"Feature","properties":{"ACC_TYPE":"A2","YEAR":113,"DEAD_CNT":0,"INJ_CNT":2,"LOCATION":1},"geometry":{"type":"Point","coordinates":[120.3331,22.62424]}},
{"type":"Feature","properties":{"ACC_TYPE":"A2","YEAR":113,"DEAD_CNT":0,"INJ_CNT":1,"LOCATION":21},"geometry":{"type":"Point","coordinates":[120.2984016,22.633899]}},
{"type":"Feature","properties":{"ACC_TYPE":"A2","YEAR":113,"DEAD_CNT":0,"INJ_CNT":1,"LOCATION":19},"geometry":{"type":"Point","coordinates":[120.2946661,22.80010011]}},
{"type":"Feature","properties":{"ACC_TYPE":"A2","YEAR":113,"DEAD_CNT":0,"INJ_CNT":2,"LOCATION":1},"geometry":{"type":"Point","coordinates":[120.284486,22.6231598]}},
{"type":"Feature","properties":{"ACC_TYPE":"A2","YEAR":113,"DEAD_CNT":0,"INJ_CNT":2,"LOCATION":8},"geometry":{"type":"Point","coordinates":[120.3504347,22.73162938]}},
{"type":"Feature","properties":{"ACC_TYPE":"A2","YEAR":113,"DEAD_CNT":0,"INJ_CNT":2,"LOCATION":1},"geometry":{"type":"Point","coordinates":[120.3001,22.66328]}},
{"type":"Feature","properties":{"ACC_TYPE":"A2","YEAR":113,"DEAD_CNT":0,"INJ_CNT":1,"LOCATION":1},"geometry":{"type":"Point","coordinates":[120.3075422,22.7589644]}},
{"type":"Feature","properties":{"ACC_TYPE":"A2","YEAR":113,"DEAD_CNT":0,"INJ_CNT":2,"LOCATION":8},"geometry":{"type":"Point","coordinates":[120.3,22.6]}},
{"type":"Feature","properties":{"ACC_TYPE":"A2","YEAR":113,"DEAD_CNT":0,"INJ_CNT":1,"LOCATION":1},"geometry":{"type":"Point","coordinates":[120.3311646,22.69078362]}},
{"type":"Feature","properties":{"ACC_TYPE":"A2","YEAR":113,"DEAD_CNT":0,"INJ_CNT":1,"LOCATION":9},"geometry":{"type":"Point","coordinates":[120.3421,22.62879]}},
{"type":"Feature","properties":{"ACC_TYPE":"A2","YEAR":113,"DEAD_CNT":0,"INJ_CNT":1,"LOCATION":1},"geometry":{"type":"Point","coordinates":[120.299,22.57252]}},
{"type":"Feature","properties":{"ACC_TYPE":"A2","YEAR":113,"DEAD_CNT":0,"INJ_CNT":1,"LOCATION":1},"geometry":{"type":"Point","coordinates":[120.3482,22.61543]}},
{"type":"Feature","properties":{"ACC_TYPE":"A2","YEAR":113,"DEAD_CNT":0,"INJ_CNT":2,"LOCATION":7},"geometry":{"type":"Point","coordinates":[120.3702463,22.581183]}},
{"type":"Feature","properties":{"ACC_TYPE":"A2","YEAR":113,"DEAD_CNT":0,"INJ_CNT":1,"LOCATION":1},"geometry":{"type":"Point","coordinates":[120.3544558,22.5894883]}},
{"type":"Feature","properties":{"ACC_TYPE":"A2","YEAR":113,"DEAD_CNT":0,"INJ_CNT":1,"LOCATION":2},"geometry":{"type":"Point","coordinates":[120.3346803,22.6496853]}},
{"type":"Feature","properties":{"ACC_TYPE":"A2","YEAR":113,"DEAD_CNT":0,"INJ_CNT":2,"LOCATION":24},"geometry":{"type":"Point","coordinates":[120.3003029,22.73745031]}},
{"type":"Feature","properties":{"ACC_TYPE":"A2","YEAR":113,"DEAD_CNT":0,"INJ_CNT":3,"LOCATION":9},"geometry":{"type":"Point","coordinates":[120.3141,22.62302]}},
{"type":"Feature","properties":{"ACC_TYPE":"A2","YEAR":113,"DEAD_CNT":0,"INJ_CNT":2,"LOCATION":8},"geometry":{"type":"Point","coordinates":[120.3444644,22.70286941]}},
{"type":"Feature","properties":{"ACC_TYPE":"A2","YEAR":113,"DEAD_CNT":0,"INJ_CNT":1,"LOCATION":1},"geometry":{"type":"Point","coordinates":[120.3052,22.66991]}},
{"type":"Feature","properties":{"ACC_TYPE":"A2","YEAR":113,"DEAD_CNT":0,"INJ_CNT":2,"LOCATION":2},"geometry":{"type":"Point","coordinates":[120.341042,22.6466363]}},
{"type":"Feature","properties":{"ACC_TYPE":"A2","YEAR":113,"DEAD_CNT":0,"INJ_CNT":1,"LOCATION":2},"geometry":{"type":"Point","coordinates":[120.2939559,22.6287775]}},
{"type":"Feature","properties":{"ACC_TYPE":"A2","YEAR":113,"DEAD_CNT":0,"INJ_CNT":2,"LOCATION":14},"geometry":{"type":"Point","coordinates":[120.24314,22.8054414]}},
{"type":"Feature","properties":{"ACC_TYPE":"A2","YEAR":113,"DEAD_CNT":0,"INJ_CNT":1,"LOCATION":2},"geometry":{"type":"Point","coordinates":[120.3366343,22.62665297]}},
{"type":"Feature","properties":{"ACC_TYPE":"A2","YEAR":113,"DEAD_CNT":0,"INJ_CNT":1,"LOCATION":1},"geometry":{"type":"Point","coordinates":[120.337189,22.6126671]}},
{"type":"Feature","properties":{"ACC_TYPE":"A2","YEAR":113,"DEAD_CNT":0,"INJ_CNT":2,"LOCATION":2},"geometry":{"type":"Point","coordinates":[120.3325045,22.62863906]}},
{"type":"Feature","properties":{"ACC_TYPE":"A2","YEAR":113,"DEAD_CNT":0,"INJ_CNT":1,"LOCATION":1},"geometry":{"type":"Point","coordinates":[120.3119701,22.6738847]}},
{"type":"Feature","properties":{"ACC_TYPE":"A2","YEAR":113,"DEAD_CNT":0,"INJ_CNT":2,"LOCATION":2},"geometry":{"type":"Point","coordinates":[120.2995537,22.6361513]}},
{"type":"Feature","properties":{"ACC_TYPE":"A2","YEAR":113,"DEAD_CNT":0,"INJ_CNT":2,"LOCATION":9},"geometry":{"type":"Point","coordinates":[120.4252862,22.5551185]}},
{"type":"Feature","properties":{"ACC_TYPE":"A2","YEAR":113,"DEAD_CNT":0,"INJ_CNT":1,"LOCATION":2},"geometry":{"type":"Point","coordinates":[120.3133,22.67963]}},
{"type":"Feature","properties":{"ACC_TYPE":"A2","YEAR":113,"DEAD_CNT":0,"INJ_CNT":1,"LOCATION":1},"geometry":{"type":"Point","coordinates":[120.3192249,22.61411825]}},
{"type":"Feature","properties":{"ACC_TYPE":"A2","YEAR":113,"DEAD_CNT":0,"INJ_CNT":1,"LOCATION":1},"geometry":{"type":"Point","coordinates":[120.3177752,22.5824324]}},
{"type":"Feature","properties":{"ACC_TYPE":"A2","YEAR":113,"DEAD_CNT":0,"INJ_CNT":1,"LOCATION":1},"geometry":{"type":"Point","coordinates":[120.2813568,22.62467264]}},
{"type":"Feature","properties":{"ACC_TYPE":"A2","YEAR":113,"DEAD_CNT":0,"INJ_CNT":2,"LOCATION":9},"geometry":{"type":"Point","coordinates":[120.3062917,22.616028]}},
{"type":"Feature","properties":{"ACC_TYPE":"A2","YEAR":113,"DEAD_CNT":0,"INJ_CNT":1,"LOCATION":1},"geometry":{"type":"Point","coordinates":[120.3374621,22.5677608]}},
{"type":"Feature","properties":{"ACC_TYPE":"A2","YEAR":113,"DEAD_CNT":0,"INJ_CNT":1,"LOCATION":9},"geometry":{"type":"Point","coordinates":[120.3373547,22.5921394]}},
{"type":"Feature","properties":{"ACC_TYPE":"A2","YEAR":113,"DEAD_CNT":0,"INJ_CNT":2,"LOCATION":1},"geometry":{"type":"Point","coordinates":[120.3331776,22.6091283]}},
{"type":"Feature","properties":{"ACC_TYPE":"A2","YEAR":113,"DEAD_CNT":0,"INJ_CNT":1,"LOCATION":19},"geometry":{"type":"Point","coordinates":[120.3901466,22.6199007]}},
{"type":"Feature","properties":{"ACC_TYPE":"A2","YEAR":113,"DEAD_CNT":0,"INJ_CNT":2,"LOCATION":21},"geometry":{"type":"Point","coordinates":[120.2726166,22.7290139]}},
{"type":"Feature","properties":{"ACC_TYPE":"A2","YEAR":113,"DEAD_CNT":0,"INJ_CNT":1,"LOCATION":1},"geometry":{"type":"Point","coordinates":[120.3065333,22.6611322]}},
{"type":"Feature","properties":{"ACC_TYPE":"A2","YEAR":113,"DEAD_CNT":0,"INJ_CNT":1,"LOCATION":19},"geometry":{"type":"Point","coordinates":[120.2811604,22.6271725]}},
{"type":"Feature","properties":{"ACC_TYPE":"A2","YEAR":113,"DEAD_CNT":0,"INJ_CNT":2,"LOCATION":1},"geometry":{"type":"Point","coordinates":[120.3315,22.59906]}},
{"type":"Feature","properties":{"ACC_TYPE":"A2","YEAR":113,"DEAD_CNT":0,"INJ_CNT":2,"LOCATION":2},"geometry":{"type":"Point","coordinates":[120.3067,22.65709]}},
{"type":"Feature","properties":{"ACC_TYPE":"A2","YEAR":113,"DEAD_CNT":0,"INJ_CNT":1,"LOCATION":2},"geometry":{"type":"Point","coordinates":[120.3041388,22.665787]}},
{"type":"Feature","properties":{"ACC_TYPE":"A2","YEAR":113,"DEAD_CNT":0,"INJ_CNT":2,"LOCATION":8},"geometry":{"type":"Point","coordinates":[120.279808,22.721612]}},
{"type":"Feature","properties":{"ACC_TYPE":"A2","YEAR":113,"DEAD_CNT":0,"INJ_CNT":1,"LOCATION":3},"geometry":{"type":"Point","coordinates":[120.3279,22.72168]}},
{"type":"Feature","properties":{"ACC_TYPE":"A2","YEAR":113,"DEAD_CNT":0,"INJ_CNT":2,"LOCATION":7},"geometry":{"type":"Point","coordinates":[120.344108,22.5954549]}},
{"type":"Feature","properties":{"ACC_TYPE":"A2","YEAR":113,"DEAD_CNT":0,"INJ_CNT":2,"LOCATION":9},"geometry":{"type":"Point","coordinates":[120.4364627,22.7069368]}},
{"type":"Feature","properties":{"ACC_TYPE":"A2","YEAR":113,"DEAD_CNT":0,"INJ_CNT":3,"LOCATION":9},"geometry":{"type":"Point","coordinates":[120.3290687,22.77591694]}},
{"type":"Feature","properties":{"ACC_TYPE":"A2","YEAR":113,"DEAD_CNT":0,"INJ_CNT":3,"LOCATION":1},"geometry":{"type":"Point","coordinates":[120.2884,22.66757]}},
{"type":"Feature","properties":{"ACC_TYPE":"A2","YEAR":113,"DEAD_CNT":0,"INJ_CNT":1,"LOCATION":9},"geometry":{"type":"Point","coordinates":[120.3512,22.64594]}},
{"type":"Feature","properties":{"ACC_TYPE":"A2","YEAR":113,"DEAD_CNT":0,"INJ_CNT":1,"LOCATION":1},"geometry":{"type":"Point","coordinates":[120.3091098,22.7515424]}},
{"type":"Feature","properties":{"ACC_TYPE":"A2","YEAR":113,"DEAD_CNT":0,"INJ_CNT":1,"LOCATION":21},"geometry":{"type":"Point","coordinates":[120.302116,22.7079504]}},
{"type":"Feature","properties":{"ACC_TYPE":"A2","YEAR":113,"DEAD_CNT":0,"INJ_CNT":1,"LOCATION":1},"geometry":{"type":"Point","coordinates":[120.34878,22.5668542]}},
{"type":"Feature","properties":{"ACC_TYPE":"A2","YEAR":113,"DEAD_CNT":0,"INJ_CNT":2,"LOCATION":7},"geometry":{"type":"Point","coordinates":[120.390741,22.612574]}},
{"type":"Feature","properties":{"ACC_TYPE":"A2","YEAR":113,"DEAD_CNT":0,"INJ_CNT":1,"LOCATION":21},"geometry":{"type":"Point","coordinates":[120.302764,22.6184638]}},
{"type":"Feature","properties":{"ACC_TYPE":"A2","YEAR":113,"DEAD_CNT":0,"INJ_CNT":2,"LOCATION":9},"geometry":{"type":"Point","coordinates":[120.3255853,22.5882694]}},
{"type":"Feature","properties":{"ACC_TYPE":"A2","YEAR":113,"DEAD_CNT":0,"INJ_CNT":1,"LOCATION":9},"geometry":{"type":"Point","coordinates":[120.3022976,22.76114335]}},
{"type":"Feature","properties":{"ACC_TYPE":"A2","YEAR":113,"DEAD_CNT":0,"INJ_CNT":1,"LOCATION":21},"geometry":{"type":"Point","coordinates":[120.2802,22.65898]}},
{"type":"Feature","properties":{"ACC_TYPE":"A2","YEAR":113,"DEAD_CNT":0,"INJ_CNT":2,"LOCATION":8},"geometry":{"type":"Point","coordinates":[120.3540322,22.72909355]}},
{"type":"Feature","properties":{"ACC_TYPE":"A2","YEAR":113,"DEAD_CNT":0,"INJ_CNT":1,"LOCATION":1},"geometry":{"type":"Point","coordinates":[120.2889519,22.68374678]}},
{"type":"Feature","properties":{"ACC_TYPE":"A2","YEAR":113,"DEAD_CNT":0,"INJ_CNT":1,"LOCATION":8},"geometry":{"type":"Point","coordinates":[120.3584454,22.6728971]}},
{"type":"Feature","properties":{"ACC_TYPE":"A2","YEAR":113,"DEAD_CNT":0,"INJ_CNT":1,"LOCATION":1},"geometry":{"type":"Point","coordinates":[120.3196787,22.6174417]}},
{"type":"Feature","properties":{"ACC_TYPE":"A2","YEAR":113,"DEAD_CNT":0,"INJ_CNT":1,"LOCATION":1},"geometry":{"type":"Point","coordinates":[120.288277,22.66848309]}},
{"type":"Feature","properties":{"ACC_TYPE":"A2","YEAR":113,"DEAD_CNT":0,"INJ_CNT":1,"LOCATION":2},"geometry":{"type":"Point","coordinates":[120.3512,22.70002]}},
{"type":"Feature","properties":{"ACC_TYPE":"A2","YEAR":113,"DEAD_CNT":0,"INJ_CNT":1,"LOCATION":1},"geometry":{"type":"Point","coordinates":[120.2347086,22.83589158]}},
{"type":"Feature","properties":{"ACC_TYPE":"A2","YEAR":113,"DEAD_CNT":0,"INJ_CNT":2,"LOCATION":1},"geometry":{"type":"Point","coordinates":[120.294999,22.6211554]}},
{"type":"Feature","properties":{"ACC_TYPE":"A2","YEAR":113,"DEAD_CNT":0,"INJ_CNT":2,"LOCATION":8},"geometry":{"type":"Point","coordinates":[120.2968012,22.6164724]}},
{"type":"Feature","properties":{"ACC_TYPE":"A2","YEAR":113,"DEAD_CNT":0,"INJ_CNT":2,"LOCATION":2},"geometry":{"type":"Point","coordinates":[120.3320112,22.59882274]}},
{"type":"Feature","properties":{"ACC_TYPE":"A2","YEAR":113,"DEAD_CNT":0,"INJ_CNT":1,"LOCATION":9},"geometry":{"type":"Point","coordinates":[120.3465,22.61765]}},
{"type":"Feature","properties":{"ACC_TYPE":"A2","YEAR":113,"DEAD_CNT":0,"INJ_CNT":2,"LOCATION":21},"geometry":{"type":"Point","coordinates":[120.3001,22.63075]}},
{"type":"Feature","properties":{"ACC_TYPE":"A2","YEAR":113,"DEAD_CNT":0,"INJ_CNT":1,"LOCATION":2},"geometry":{"type":"Point","coordinates":[120.2943,22.66352]}},
{"type":"Feature","properties":{"ACC_TYPE":"A2","YEAR":113,"DEAD_CNT":0,"INJ_CNT":1,"LOCATION":1},"geometry":{"type":"Point","coordinates":[120.2966103,22.6274892]}},
{"type":"Feature","properties":{"ACC_TYPE":"A2","YEAR":113,"DEAD_CNT":0,"INJ_CNT":2,"LOCATION":9},"geometry":{"type":"Point","coordinates":[120.3561129,22.62350038]}},
{"type":"Feature","properties":{"ACC_TYPE":"A2","YEAR":113,"DEAD_CNT":0,"INJ_CNT":1,"LOCATION":1},"geometry":{"type":"Point","coordinates":[120.3368572,22.5857]}},
{"type":"Feature","properties":{"ACC_TYPE":"A2","YEAR":113,"DEAD_CNT":0,"INJ_CNT":1,"LOCATION":1},"geometry":{"type":"Point","coordinates":[120.3143,22.69107]}},
{"type":"Feature","properties":{"ACC_TYPE":"A2","YEAR":113,"DEAD_CNT":0,"INJ_CNT":1,"LOCATION":2},"geometry":{"type":"Point","coordinates":[120.3062648,22.64375319]}},
{"type":"Feature","properties":{"ACC_TYPE":"A2","YEAR":113,"DEAD_CNT":0,"INJ_CNT":3,"LOCATION":8},"geometry":{"type":"Point","coordinates":[120.255,22.87171]}},
{"type":"Feature","properties":{"ACC_TYPE":"A2","YEAR":113,"DEAD_CNT":0,"INJ_CNT":1,"LOCATION":1},"geometry":{"type":"Point","coordinates":[120.3512,22.64585]}},
{"type":"Feature","properties":{"ACC_TYPE":"A2","YEAR":113,"DEAD_CNT":0,"INJ_CNT":2,"LOCATION":7},"geometry":{"type":"Point","coordinates":[120.272,22.6087]}},
{"type":"Feature","properties":{"ACC_TYPE":"A2","YEAR":113,"DEAD_CNT":0,"INJ_CNT":3,"LOCATION":9},"geometry":{"type":"Point","coordinates":[120.3388,22.60189]}},
{"type":"Feature","properties":{"ACC_TYPE":"A2","YEAR":113,"DEAD_CNT":0,"INJ_CNT":2,"LOCATION":1},"geometry":{"type":"Point","coordinates":[120.3168,22.6335]}},
{"type":"Feature","properties":{"ACC_TYPE":"A2","YEAR":113,"DEAD_CNT":0,"INJ_CNT":2,"LOCATION":2},"geometry":{"type":"Point","coordinates":[120.294207,22.6841619]}},
{"type":"Feature","properties":{"ACC_TYPE":"A2","YEAR":113,"DEAD_CNT":0,"INJ_CNT":1,"LOCATION":1},"geometry":{"type":"Point","coordinates":[120.3171074,22.6509218]}},
{"type":"Feature","properties":{"ACC_TYPE":"A2","YEAR":113,"DEAD_CNT":0,"INJ_CNT":1,"LOCATION":9},"geometry":{"type":"Point","coordinates":[120.3509015,22.565485]}},
{"type":"Feature","properties":{"ACC_TYPE":"A2","YEAR":113,"DEAD_CNT":0,"INJ_CNT":1,"LOCATION":1},"geometry":{"type":"Point","coordinates":[120.2962223,22.631164]}},
{"type":"Feature","properties":{"ACC_TYPE":"A2","YEAR":113,"DEAD_CNT":0,"INJ_CNT":2,"LOCATION":8},"geometry":{"type":"Point","coordinates":[120.3128201,22.8288107]}},
{"type":"Feature","properties":{"ACC_TYPE":"A2","YEAR":113,"DEAD_CNT":0,"INJ_CNT":2,"LOCATION":7},"geometry":{"type":"Point","coordinates":[120.3291,22.72348]}},
{"type":"Feature","properties":{"ACC_TYPE":"A2","YEAR":113,"DEAD_CNT":0,"INJ_CNT":2,"LOCATION":1},"geometry":{"type":"Point","coordinates":[120.3253599,22.6088751]}},
{"type":"Feature","properties":{"ACC_TYPE":"A2","YEAR":113,"DEAD_CNT":0,"INJ_CNT":1,"LOCATION":2},"geometry":{"type":"Point","coordinates":[120.3099352,22.75961976]}},
{"type":"Feature","properties":{"ACC_TYPE":"A2","YEAR":113,"DEAD_CNT":0,"INJ_CNT":1,"LOCATION":2},"geometry":{"type":"Point","coordinates":[120.3348741,22.6087727]}},
{"type":"Feature","properties":{"ACC_TYPE":"A2","YEAR":113,"DEAD_CNT":0,"INJ_CNT":1,"LOCATION":1},"geometry":{"type":"Point","coordinates":[120.3320465,22.6056971]}},
{"type":"Feature","properties":{"ACC_TYPE":"A2","YEAR":113,"DEAD_CNT":0,"INJ_CNT":2,"LOCATION":8},"geometry":{"type":"Point","coordinates":[120.3492083,22.6110255]}},
{"type":"Feature","properties":{"ACC_TYPE":"A2","YEAR":113,"DEAD_CNT":0,"INJ_CNT":2,"LOCATION":8},"geometry":{"type":"Point","coordinates":[120.2603,22.85899]}},
{"type":"Feature","properties":{"ACC_TYPE":"A2","YEAR":113,"DEAD_CNT":0,"INJ_CNT":1,"LOCATION":1},"geometry":{"type":"Point","coordinates":[120.2858,22.78591]}},
{"type":"Feature","properties":{"ACC_TYPE":"A2","YEAR":113,"DEAD_CNT":0,"INJ_CNT":2,"LOCATION":1},"geometry":{"type":"Point","coordinates":[120.2956,22.79612]}},
{"type":"Feature","properties":{"ACC_TYPE":"A2","YEAR":113,"DEAD_CNT":0,"INJ_CNT":1,"LOCATION":9},"geometry":{"type":"Point","coordinates":[120.3515,22.62216]}},
{"type":"Feature","properties":{"ACC_TYPE":"A2","YEAR":113,"DEAD_CNT":0,"INJ_CNT":3,"LOCATION":7},"geometry":{"type":"Point","coordinates":[120.3215643,22.6300624]}},
{"type":"Feature","properties":{"ACC_TYPE":"A2","YEAR":113,"DEAD_CNT":0,"INJ_CNT":1,"LOCATION":9},"geometry":{"type":"Point","coordinates":[120.3343852,22.68007175]}},
{"type":"Feature","properties":{"ACC_TYPE":"A2","YEAR":113,"DEAD_CNT":0,"INJ_CNT":1,"LOCATION":2},"geometry":{"type":"Point","coordinates":[120.3163282,22.6401678]}},
{"type":"Feature","properties":{"ACC_TYPE":"A2","YEAR":113,"DEAD_CNT":0,"INJ_CNT":1,"LOCATION":2},"geometry":{"type":"Point","coordinates":[120.4820351,22.8864113]}},
{"type":"Feature","properties":{"ACC_TYPE":"A2","YEAR":113,"DEAD_CNT":0,"INJ_CNT":1,"LOCATION":9},"geometry":{"type":"Point","coordinates":[120.3462,22.72981]}},
{"type":"Feature","properties":{"ACC_TYPE":"A2","YEAR":113,"DEAD_CNT":0,"INJ_CNT":2,"LOCATION":1},"geometry":{"type":"Point","coordinates":[120.3354,22.59499]}},
{"type":"Feature","properties":{"ACC_TYPE":"A2","YEAR":113,"DEAD_CNT":0,"INJ_CNT":1,"LOCATION":9},"geometry":{"type":"Point","coordinates":[120.3221,22.68051]}},
{"type":"Feature","properties":{"ACC_TYPE":"A2","YEAR":113,"DEAD_CNT":0,"INJ_CNT":1,"LOCATION":9},"geometry":{"type":"Point","coordinates":[120.32117,22.577848]}},
{"type":"Feature","properties":{"ACC_TYPE":"A2","YEAR":113,"DEAD_CNT":0,"INJ_CNT":2,"LOCATION":1},"geometry":{"type":"Point","coordinates":[120.3041388,22.665787]}},
{"type":"Feature","properties":{"ACC_TYPE":"A2","YEAR":113,"DEAD_CNT":0,"INJ_CNT":2,"LOCATION":1},"geometry":{"type":"Point","coordinates":[120.2937038,22.6244689]}},
{"type":"Feature","properties":{"ACC_TYPE":"A2","YEAR":113,"DEAD_CNT":0,"INJ_CNT":2,"LOCATION":9},"geometry":{"type":"Point","coordinates":[120.3799054,22.6215196]}},
{"type":"Feature","properties":{"ACC_TYPE":"A2","YEAR":113,"DEAD_CNT":0,"INJ_CNT":2,"LOCATION":1},"geometry":{"type":"Point","coordinates":[120.3012876,22.7259738]}},
{"type":"Feature","properties":{"ACC_TYPE":"A2","YEAR":113,"DEAD_CNT":0,"INJ_CNT":1,"LOCATION":1},"geometry":{"type":"Point","coordinates":[120.3443,22.6363]}},
{"type":"Feature","properties":{"ACC_TYPE":"A2","YEAR":113,"DEAD_CNT":0,"INJ_CNT":1,"LOCATION":9},"geometry":{"type":"Point","coordinates":[120.3125277,22.6725845]}},
{"type":"Feature","properties":{"ACC_TYPE":"A2","YEAR":113,"DEAD_CNT":0,"INJ_CNT":1,"LOCATION":9},"geometry":{"type":"Point","coordinates":[120.2988,22.63346]}},
{"type":"Feature","properties":{"ACC_TYPE":"A2","YEAR":113,"DEAD_CNT":0,"INJ_CNT":1,"LOCATION":9},"geometry":{"type":"Point","coordinates":[120.3117724,22.6295864]}},
{"type":"Feature","properties":{"ACC_TYPE":"A2","YEAR":113,"DEAD_CNT":0,"INJ_CNT":2,"LOCATION":2},"geometry":{"type":"Point","coordinates":[120.2943374,22.61745047]}},
{"type":"Feature","properties":{"ACC_TYPE":"A2","YEAR":113,"DEAD_CNT":0,"INJ_CNT":1,"LOCATION":19},"geometry":{"type":"Point","coordinates":[120.3308983,22.5953715]}},
{"type":"Feature","properties":{"ACC_TYPE":"A2","YEAR":113,"DEAD_CNT":0,"INJ_CNT":1,"LOCATION":2},"geometry":{"type":"Point","coordinates":[120.2960372,22.61336154]}},
{"type":"Feature","properties":{"ACC_TYPE":"A2","YEAR":113,"DEAD_CNT":0,"INJ_CNT":1,"LOCATION":9},"geometry":{"type":"Point","coordinates":[120.2498,22.73388]}},
{"type":"Feature","properties":{"ACC_TYPE":"A2","YEAR":113,"DEAD_CNT":0,"INJ_CNT":1,"LOCATION":1},"geometry":{"type":"Point","coordinates":[120.4266,22.66242]}},
{"type":"Feature","properties":{"ACC_TYPE":"A2","YEAR":113,"DEAD_CNT":0,"INJ_CNT":1,"LOCATION":1},"geometry":{"type":"Point","coordinates":[120.3513,22.70017]}},
{"type":"Feature","properties":{"ACC_TYPE":"A2","YEAR":113,"DEAD_CNT":0,"INJ_CNT":2,"LOCATION":9},"geometry":{"type":"Point","coordinates":[120.3537,22.6437]}},
{"type":"Feature","properties":{"ACC_TYPE":"A2","YEAR":113,"DEAD_CNT":0,"INJ_CNT":2,"LOCATION":1},"geometry":{"type":"Point","coordinates":[120.2886034,22.672054]}},
{"type":"Feature","properties":{"ACC_TYPE":"A2","YEAR":113,"DEAD_CNT":0,"INJ_CNT":2,"LOCATION":1},"geometry":{"type":"Point","coordinates":[120.3233,22.59237]}},
{"type":"Feature","properties":{"ACC_TYPE":"A2","YEAR":113,"DEAD_CNT":0,"INJ_CNT":1,"LOCATION":1},"geometry":{"type":"Point","coordinates":[120.2934,22.63573]}},
{"type":"Feature","properties":{"ACC_TYPE":"A2","YEAR":113,"DEAD_CNT":0,"INJ_CNT":2,"LOCATION":9},"geometry":{"type":"Point","coordinates":[120.268,22.61205]}},
{"type":"Feature","properties":{"ACC_TYPE":"A2","YEAR":113,"DEAD_CNT":0,"INJ_CNT":2,"LOCATION":9},"geometry":{"type":"Point","coordinates":[120.3491986,22.7427217]}},
{"type":"Feature","properties":{"ACC_TYPE":"A2","YEAR":113,"DEAD_CNT":0,"INJ_CNT":2,"LOCATION":8},"geometry":{"type":"Point","coordinates":[120.319526,22.667779]}},
{"type":"Feature","properties":{"ACC_TYPE":"A2","YEAR":113,"DEAD_CNT":0,"INJ_CNT":1,"LOCATION":9},"geometry":{"type":"Point","coordinates":[120.3335296,22.607168]}},
{"type":"Feature","properties":{"ACC_TYPE":"A2","YEAR":113,"DEAD_CNT":0,"INJ_CNT":2,"LOCATION":8},"geometry":{"type":"Point","coordinates":[120.2909703,22.7846743]}},
{"type":"Feature","properties":{"ACC_TYPE":"A2","YEAR":113,"DEAD_CNT":0,"INJ_CNT":2,"LOCATION":9},"geometry":{"type":"Point","coordinates":[120.3979905,22.6327856]}},
{"type":"Feature","properties":{"ACC_TYPE":"A2","YEAR":113,"DEAD_CNT":0,"INJ_CNT":2,"LOCATION":8},"geometry":{"type":"Point","coordinates":[120.2911,22.7021]}},
{"type":"Feature","properties":{"ACC_TYPE":"A2","YEAR":113,"DEAD_CNT":0,"INJ_CNT":1,"LOCATION":1},"geometry":{"type":"Point","coordinates":[120.4209317,22.6479912]}},
{"type":"Feature","properties":{"ACC_TYPE":"A2","YEAR":113,"DEAD_CNT":0,"INJ_CNT":1,"LOCATION":9},"geometry":{"type":"Point","coordinates":[120.3343,22.66068]}},
{"type":"Feature","properties":{"ACC_TYPE":"A2","YEAR":113,"DEAD_CNT":0,"INJ_CNT":1,"LOCATION":2},"geometry":{"type":"Point","coordinates":[120.3504,22.63758]}},
{"type":"Feature","properties":{"ACC_TYPE":"A2","YEAR":113,"DEAD_CNT":0,"INJ_CNT":1,"LOCATION":2},"geometry":{"type":"Point","coordinates":[120.3002553,22.62280382]}},
{"type":"Feature","properties":{"ACC_TYPE":"A2","YEAR":113,"DEAD_CNT":0,"INJ_CNT":1,"LOCATION":1},"geometry":{"type":"Point","coordinates":[120.3426915,22.6434886]}},
{"type":"Feature","properties":{"ACC_TYPE":"A2","YEAR":113,"DEAD_CNT":0,"INJ_CNT":3,"LOCATION":1},"geometry":{"type":"Point","coordinates":[120.3026155,22.6543216]}},
{"type":"Feature","properties":{"ACC_TYPE":"A2","YEAR":113,"DEAD_CNT":0,"INJ_CNT":1,"LOCATION":8},"geometry":{"type":"Point","coordinates":[120.3319939,22.6301479]}},
{"type":"Feature","properties":{"ACC_TYPE":"A2","YEAR":113,"DEAD_CNT":0,"INJ_CNT":1,"LOCATION":1},"geometry":{"type":"Point","coordinates":[120.3584922,22.65040447]}},
{"type":"Feature","properties":{"ACC_TYPE":"A2","YEAR":113,"DEAD_CNT":0,"INJ_CNT":1,"LOCATION":1},"geometry":{"type":"Point","coordinates":[120.348391,22.6154791]}},
{"type":"Feature","properties":{"ACC_TYPE":"A2","YEAR":113,"DEAD_CNT":0,"INJ_CNT":1,"LOCATION":1},"geometry":{"type":"Point","coordinates":[120.3148,22.59337]}},
{"type":"Feature","properties":{"ACC_TYPE":"A2","YEAR":113,"DEAD_CNT":0,"INJ_CNT":1,"LOCATION":2},"geometry":{"type":"Point","coordinates":[120.3123,22.68534]}},
{"type":"Feature","properties":{"ACC_TYPE":"A2","YEAR":113,"DEAD_CNT":0,"INJ_CNT":1,"LOCATION":1},"geometry":{"type":"Point","coordinates":[120.3026699,22.66466239]}},
{"type":"Feature","properties":{"ACC_TYPE":"A2","YEAR":113,"DEAD_CNT":0,"INJ_CNT":1,"LOCATION":2},"geometry":{"type":"Point","coordinates":[120.3615937,22.79330557]}},
{"type":"Feature","properties":{"ACC_TYPE":"A2","YEAR":113,"DEAD_CNT":0,"INJ_CNT":1,"LOCATION":2},"geometry":{"type":"Point","coordinates":[120.3502251,22.6752335]}},
{"type":"Feature","properties":{"ACC_TYPE":"A2","YEAR":113,"DEAD_CNT":0,"INJ_CNT":1,"LOCATION":2},"geometry":{"type":"Point","coordinates":[120.3216,22.68181]}},
{"type":"Feature","properties":{"ACC_TYPE":"A2","YEAR":113,"DEAD_CNT":0,"INJ_CNT":2,"LOCATION":1},"geometry":{"type":"Point","coordinates":[120.3810397,22.62284841]}},
{"type":"Feature","properties":{"ACC_TYPE":"A2","YEAR":113,"DEAD_CNT":0,"INJ_CNT":1,"LOCATION":1},"geometry":{"type":"Point","coordinates":[120.3252098,22.62067387]}},
{"type":"Feature","properties":{"ACC_TYPE":"A2","YEAR":113,"DEAD_CNT":0,"INJ_CNT":1,"LOCATION":14},"geometry":{"type":"Point","coordinates":[120.3165516,22.6435084]}},
{"type":"Feature","properties":{"ACC_TYPE":"A2","YEAR":113,"DEAD_CNT":0,"INJ_CNT":1,"LOCATION":8},"geometry":{"type":"Point","coordinates":[120.4108,22.6411]}},
{"type":"Feature","properties":{"ACC_TYPE":"A2","YEAR":113,"DEAD_CNT":0,"INJ_CNT":2,"LOCATION":9},"geometry":{"type":"Point","coordinates":[120.3943,22.62212]}},
{"type":"Feature","properties":{"ACC_TYPE":"A2","YEAR":113,"DEAD_CNT":0,"INJ_CNT":2,"LOCATION":1},"geometry":{"type":"Point","coordinates":[120.299,22.69363]}},
{"type":"Feature","properties":{"ACC_TYPE":"A2","YEAR":113,"DEAD_CNT":0,"INJ_CNT":1,"LOCATION":7},"geometry":{"type":"Point","coordinates":[120.4609863,22.961851]}},
{"type":"Feature","properties":{"ACC_TYPE":"A2","YEAR":113,"DEAD_CNT":0,"INJ_CNT":1,"LOCATION":1},"geometry":{"type":"Point","coordinates":[120.3088,22.67516]}},
{"type":"Feature","properties":{"ACC_TYPE":"A2","YEAR":113,"DEAD_CNT":0,"INJ_CNT":1,"LOCATION":9},"geometry":{"type":"Point","coordinates":[120.2979593,22.7886018]}},
{"type":"Feature","properties":{"ACC_TYPE":"A2","YEAR":113,"DEAD_CNT":0,"INJ_CNT":2,"LOCATION":9},"geometry":{"type":"Point","coordinates":[120.4108975,22.5891522]}},
{"type":"Feature","properties":{"ACC_TYPE":"A2","YEAR":113,"DEAD_CNT":0,"INJ_CNT":1,"LOCATION":1},"geometry":{"type":"Point","coordinates":[120.3034,22.64782]}},
{"type":"Feature","properties":{"ACC_TYPE":"A2","YEAR":113,"DEAD_CNT":0,"INJ_CNT":1,"LOCATION":2},"geometry":{"type":"Point","coordinates":[120.289144,22.6361031]}},
{"type":"Feature","properties":{"ACC_TYPE":"A2","YEAR":113,"DEAD_CNT":0,"INJ_CNT":2,"LOCATION":8},"geometry":{"type":"Point","coordinates":[120.3206256,22.6556982]}},
{"type":"Feature","properties":{"ACC_TYPE":"A2","YEAR":113,"DEAD_CNT":0,"INJ_CNT":1,"LOCATION":1},"geometry":{"type":"Point","coordinates":[120.3355,22.59804]}},
{"type":"Feature","properties":{"ACC_TYPE":"A2","YEAR":113,"DEAD_CNT":0,"INJ_CNT":1,"LOCATION":1},"geometry":{"type":"Point","coordinates":[120.3066,22.67549]}},
{"type":"Feature","properties":{"ACC_TYPE":"A2","YEAR":113,"DEAD_CNT":0,"INJ_CNT":1,"LOCATION":1},"geometry":{"type":"Point","coordinates":[120.2849,22.65145]}},
{"type":"Feature","properties":{"ACC_TYPE":"A2","YEAR":113,"DEAD_CNT":0,"INJ_CNT":1,"LOCATION":9},"geometry":{"type":"Point","coordinates":[120.4842,22.8835]}},
{"type":"Feature","properties":{"ACC_TYPE":"A2","YEAR":113,"DEAD_CNT":0,"INJ_CNT":1,"LOCATION":9},"geometry":{"type":"Point","coordinates":[120.3146,22.64759]}},
{"type":"Feature","properties":{"ACC_TYPE":"A2","YEAR":113,"DEAD_CNT":0,"INJ_CNT":2,"LOCATION":2},"geometry":{"type":"Point","coordinates":[120.2919,22.65514]}},
{"type":"Feature","properties":{"ACC_TYPE":"A2","YEAR":113,"DEAD_CNT":0,"INJ_CNT":1,"LOCATION":1},"geometry":{"type":"Point","coordinates":[120.2576,22.85706]}},
{"type":"Feature","properties":{"ACC_TYPE":"A2","YEAR":113,"DEAD_CNT":0,"INJ_CNT":1,"LOCATION":1},"geometry":{"type":"Point","coordinates":[120.3922003,22.63608495]}},
{"type":"Feature","properties":{"ACC_TYPE":"A2","YEAR":113,"DEAD_CNT":0,"INJ_CNT":1,"LOCATION":1},"geometry":{"type":"Point","coordinates":[120.2829898,22.8143456]}},
{"type":"Feature","properties":{"ACC_TYPE":"A2","YEAR":113,"DEAD_CNT":0,"INJ_CNT":2,"LOCATION":9},"geometry":{"type":"Point","coordinates":[120.2925664,22.6826826]}},
{"type":"Feature","properties":{"ACC_TYPE":"A2","YEAR":113,"DEAD_CNT":0,"INJ_CNT":2,"LOCATION":9},"geometry":{"type":"Point","coordinates":[120.3101,22.7801]}},
{"type":"Feature","properties":{"ACC_TYPE":"A2","YEAR":113,"DEAD_CNT":0,"INJ_CNT":1,"LOCATION":1},"geometry":{"type":"Point","coordinates":[120.2949584,22.79180149]}},
{"type":"Feature","properties":{"ACC_TYPE":"A2","YEAR":113,"DEAD_CNT":0,"INJ_CNT":2,"LOCATION":1},"geometry":{"type":"Point","coordinates":[120.3117705,22.61635]}},
{"type":"Feature","properties":{"ACC_TYPE":"A2","YEAR":113,"DEAD_CNT":0,"INJ_CNT":2,"LOCATION":1},"geometry":{"type":"Point","coordinates":[120.2683,22.61773]}},
{"type":"Feature","properties":{"ACC_TYPE":"A2","YEAR":113,"DEAD_CNT":0,"INJ_CNT":2,"LOCATION":9},"geometry":{"type":"Point","coordinates":[120.3848,22.61763]}},
{"type":"Feature","properties":{"ACC_TYPE":"A2","YEAR":113,"DEAD_CNT":0,"INJ_CNT":2,"LOCATION":8},"geometry":{"type":"Point","coordinates":[120.3244036,22.66785753]}},
{"type":"Feature","properties":{"ACC_TYPE":"A2","YEAR":113,"DEAD_CNT":0,"INJ_CNT":1,"LOCATION":9},"geometry":{"type":"Point","coordinates":[120.298,22.75234]}},
{"type":"Feature","properties":{"ACC_TYPE":"A2","YEAR":113,"DEAD_CNT":0,"INJ_CNT":1,"LOCATION":2},"geometry":{"type":"Point","coordinates":[120.3170166,22.74290963]}},
{"type":"Feature","properties":{"ACC_TYPE":"A2","YEAR":113,"DEAD_CNT":0,"INJ_CNT":1,"LOCATION":1},"geometry":{"type":"Point","coordinates":[120.2901452,22.6335672]}},
{"type":"Feature","properties":{"ACC_TYPE":"A2","YEAR":113,"DEAD_CNT":0,"INJ_CNT":3,"LOCATION":1},"geometry":{"type":"Point","coordinates":[120.2951,22.63669]}},
{"type":"Feature","properties":{"ACC_TYPE":"A2","YEAR":113,"DEAD_CNT":0,"INJ_CNT":1,"LOCATION":9},"geometry":{"type":"Point","coordinates":[120.3833338,22.64454469]}},
{"type":"Feature","properties":{"ACC_TYPE":"A2","YEAR":113,"DEAD_CNT":0,"INJ_CNT":1,"LOCATION":2},"geometry":{"type":"Point","coordinates":[120.3192016,22.61871421]}},
{"type":"Feature","properties":{"ACC_TYPE":"A2","YEAR":113,"DEAD_CNT":0,"INJ_CNT":1,"LOCATION":19},"geometry":{"type":"Point","coordinates":[120.2881,22.66143]}},
{"type":"Feature","properties":{"ACC_TYPE":"A2","YEAR":113,"DEAD_CNT":0,"INJ_CNT":2,"LOCATION":9},"geometry":{"type":"Point","coordinates":[120.403035,22.513424]}},
{"type":"Feature","properties":{"ACC_TYPE":"A2","YEAR":113,"DEAD_CNT":0,"INJ_CNT":1,"LOCATION":1},"geometry":{"type":"Point","coordinates":[120.3321093,22.6434676]}},
{"type":"Feature","properties":{"ACC_TYPE":"A2","YEAR":113,"DEAD_CNT":0,"INJ_CNT":1,"LOCATION":19},"geometry":{"type":"Point","coordinates":[120.2793,22.65195]}},
{"type":"Feature","properties":{"ACC_TYPE":"A2","YEAR":113,"DEAD_CNT":0,"INJ_CNT":1,"LOCATION":8},"geometry":{"type":"Point","coordinates":[120.2972014,22.6262999]}},
{"type":"Feature","properties":{"ACC_TYPE":"A2","YEAR":113,"DEAD_CNT":0,"INJ_CNT":1,"LOCATION":1},"geometry":{"type":"Point","coordinates":[120.3342,22.59436]}},
{"type":"Feature","properties":{"ACC_TYPE":"A2","YEAR":113,"DEAD_CNT":0,"INJ_CNT":2,"LOCATION":9},"geometry":{"type":"Point","coordinates":[120.3245117,22.5939888]}},
{"type":"Feature","properties":{"ACC_TYPE":"A2","YEAR":113,"DEAD_CNT":0,"INJ_CNT":1,"LOCATION":1},"geometry":{"type":"Point","coordinates":[120.3488314,22.6412644]}},
{"type":"Feature","properties":{"ACC_TYPE":"A2","YEAR":113,"DEAD_CNT":0,"INJ_CNT":3,"LOCATION":1},"geometry":{"type":"Point","coordinates":[120.3600106,22.6203748]}},
{"type":"Feature","properties":{"ACC_TYPE":"A2","YEAR":113,"DEAD_CNT":0,"INJ_CNT":1,"LOCATION":1},"geometry":{"type":"Point","coordinates":[120.3174,22.63034]}},
{"type":"Feature","properties":{"ACC_TYPE":"A2","YEAR":113,"DEAD_CNT":0,"INJ_CNT":1,"LOCATION":1},"geometry":{"type":"Point","coordinates":[120.3204656,22.6108233]}},
{"type":"Feature","properties":{"ACC_TYPE":"A2","YEAR":113,"DEAD_CNT":0,"INJ_CNT":1,"LOCATION":9},"geometry":{"type":"Point","coordinates":[120.4188738,22.5889717]}},
{"type":"Feature","properties":{"ACC_TYPE":"A2","YEAR":113,"DEAD_CNT":0,"INJ_CNT":2,"LOCATION":21},"geometry":{"type":"Point","coordinates":[120.3366598,22.62491874]}},
{"type":"Feature","properties":{"ACC_TYPE":"A2","YEAR":113,"DEAD_CNT":0,"INJ_CNT":1,"LOCATION":19},"geometry":{"type":"Point","coordinates":[120.3049,22.65458]}},
{"type":"Feature","properties":{"ACC_TYPE":"A2","YEAR":113,"DEAD_CNT":0,"INJ_CNT":1,"LOCATION":8},"geometry":{"type":"Point","coordinates":[120.1875889,22.89742625]}},
{"type":"Feature","properties":{"ACC_TYPE":"A2","YEAR":113,"DEAD_CNT":0,"INJ_CNT":1,"LOCATION":1},"geometry":{"type":"Point","coordinates":[120.2902,22.65478]}},
{"type":"Feature","properties":{"ACC_TYPE":"A2","YEAR":113,"DEAD_CNT":0,"INJ_CNT":2,"LOCATION":1},"geometry":{"type":"Point","coordinates":[120.2978,22.6659]}},
{"type":"Feature","properties":{"ACC_TYPE":"A2","YEAR":113,"DEAD_CNT":0,"INJ_CNT":2,"LOCATION":8},"geometry":{"type":"Point","coordinates":[120.3053841,22.66566184]}},
{"type":"Feature","properties":{"ACC_TYPE":"A2","YEAR":113,"DEAD_CNT":0,"INJ_CNT":2,"LOCATION":9},"geometry":{"type":"Point","coordinates":[120.2956,22.6151]}},
{"type":"Feature","properties":{"ACC_TYPE":"A2","YEAR":113,"DEAD_CNT":0,"INJ_CNT":1,"LOCATION":9},"geometry":{"type":"Point","coordinates":[120.3266,22.72834]}},
{"type":"Feature","properties":{"ACC_TYPE":"A2","YEAR":113,"DEAD_CNT":0,"INJ_CNT":2,"LOCATION":1},"geometry":{"type":"Point","coordinates":[120.2939,22.61749]}},
{"type":"Feature","properties":{"ACC_TYPE":"A2","YEAR":113,"DEAD_CNT":0,"INJ_CNT":1,"LOCATION":1},"geometry":{"type":"Point","coordinates":[120.3221614,22.5839651]}},
{"type":"Feature","properties":{"ACC_TYPE":"A2","YEAR":113,"DEAD_CNT":0,"INJ_CNT":1,"LOCATION":14},"geometry":{"type":"Point","coordinates":[120.4327,22.92374]}},
{"type":"Feature","properties":{"ACC_TYPE":"A2","YEAR":113,"DEAD_CNT":0,"INJ_CNT":1,"LOCATION":1},"geometry":{"type":"Point","coordinates":[120.2911024,22.7928641]}},
{"type":"Feature","properties":{"ACC_TYPE":"A2","YEAR":113,"DEAD_CNT":0,"INJ_CNT":1,"LOCATION":2},"geometry":{"type":"Point","coordinates":[120.3618589,22.62546444]}},
{"type":"Feature","properties":{"ACC_TYPE":"A2","YEAR":113,"DEAD_CNT":0,"INJ_CNT":2,"LOCATION":1},"geometry":{"type":"Point","coordinates":[120.3290401,22.72351651]}},
{"type":"Feature","properties":{"ACC_TYPE":"A2","YEAR":113,"DEAD_CNT":0,"INJ_CNT":1,"LOCATION":2},"geometry":{"type":"Point","coordinates":[120.419426,22.592722]}},
{"type":"Feature","properties":{"ACC_TYPE":"A2","YEAR":113,"DEAD_CNT":0,"INJ_CNT":1,"LOCATION":9},"geometry":{"type":"Point","coordinates":[120.3166685,22.5967475]}},
{"type":"Feature","properties":{"ACC_TYPE":"A2","YEAR":113,"DEAD_CNT":0,"INJ_CNT":1,"LOCATION":9},"geometry":{"type":"Point","coordinates":[120.3233794,22.5968801]}},
{"type":"Feature","properties":{"ACC_TYPE":"A2","YEAR":113,"DEAD_CNT":0,"INJ_CNT":1,"LOCATION":8},"geometry":{"type":"Point","coordinates":[120.3218,22.6792]}},
{"type":"Feature","properties":{"ACC_TYPE":"A2","YEAR":113,"DEAD_CNT":0,"INJ_CNT":1,"LOCATION":9},"geometry":{"type":"Point","coordinates":[120.4231135,22.64853895]}},
{"type":"Feature","properties":{"ACC_TYPE":"A2","YEAR":113,"DEAD_CNT":0,"INJ_CNT":1,"LOCATION":1},"geometry":{"type":"Point","coordinates":[120.3374,22.60229]}},
{"type":"Feature","properties":{"ACC_TYPE":"A2","YEAR":113,"DEAD_CNT":0,"INJ_CNT":2,"LOCATION":9},"geometry":{"type":"Point","coordinates":[120.2857,22.78993]}},
{"type":"Feature","properties":{"ACC_TYPE":"A2","YEAR":113,"DEAD_CNT":0,"INJ_CNT":2,"LOCATION":1},"geometry":{"type":"Point","coordinates":[120.2667174,22.7633958]}},
{"type":"Feature","properties":{"ACC_TYPE":"A2","YEAR":113,"DEAD_CNT":0,"INJ_CNT":1,"LOCATION":1},"geometry":{"type":"Point","coordinates":[120.3069234,22.6654518]}},
{"type":"Feature","properties":{"ACC_TYPE":"A2","YEAR":113,"DEAD_CNT":0,"INJ_CNT":2,"LOCATION":9},"geometry":{"type":"Point","coordinates":[120.3246599,22.6167797]}},
{"type":"Feature","properties":{"ACC_TYPE":"A2","YEAR":113,"DEAD_CNT":0,"INJ_CNT":2,"LOCATION":1},"geometry":{"type":"Point","coordinates":[120.3031638,22.6345192]}},
{"type":"Feature","properties":{"ACC_TYPE":"A2","YEAR":113,"DEAD_CNT":0,"INJ_CNT":2,"LOCATION":9},"geometry":{"type":"Point","coordinates":[120.3344031,22.6467088]}},
{"type":"Feature","properties":{"ACC_TYPE":"A2","YEAR":113,"DEAD_CNT":0,"INJ_CNT":1,"LOCATION":1},"geometry":{"type":"Point","coordinates":[120.3080233,22.6293505]}},
{"type":"Feature","properties":{"ACC_TYPE":"A2","YEAR":113,"DEAD_CNT":0,"INJ_CNT":1,"LOCATION":9},"geometry":{"type":"Point","coordinates":[120.3302,22.59363]}},
{"type":"Feature","properties":{"ACC_TYPE":"A2","YEAR":113,"DEAD_CNT":0,"INJ_CNT":2,"LOCATION":9},"geometry":{"type":"Point","coordinates":[120.352846,22.67884117]}},
{"type":"Feature","properties":{"ACC_TYPE":"A2","YEAR":113,"DEAD_CNT":0,"INJ_CNT":1,"LOCATION":9},"geometry":{"type":"Point","coordinates":[120.2882598,22.62991121]}},
{"type":"Feature","properties":{"ACC_TYPE":"A2","YEAR":113,"DEAD_CNT":0,"INJ_CNT":1,"LOCATION":1},"geometry":{"type":"Point","coordinates":[120.3289818,22.6239534]}},
{"type":"Feature","properties":{"ACC_TYPE":"A2","YEAR":113,"DEAD_CNT":0,"INJ_CNT":2,"LOCATION":2},"geometry":{"type":"Point","coordinates":[120.316384,22.5895064]}},
{"type":"Feature","properties":{"ACC_TYPE":"A2","YEAR":113,"DEAD_CNT":0,"INJ_CNT":1,"LOCATION":1},"geometry":{"type":"Point","coordinates":[120.2958,22.79104]}},
{"type":"Feature","properties":{"ACC_TYPE":"A2","YEAR":113,"DEAD_CNT":0,"INJ_CNT":1,"LOCATION":1},"geometry":{"type":"Point","coordinates":[120.312582,22.7208987]}},
{"type":"Feature","properties":{"ACC_TYPE":"A2","YEAR":113,"DEAD_CNT":0,"INJ_CNT":1,"LOCATION":1},"geometry":{"type":"Point","coordinates":[120.3351,22.60079]}},
{"type":"Feature","properties":{"ACC_TYPE":"A2","YEAR":113,"DEAD_CNT":0,"INJ_CNT":1,"LOCATION":21},"geometry":{"type":"Point","coordinates":[120.2974278,22.7086724]}},
{"type":"Feature","properties":{"ACC_TYPE":"A2","YEAR":113,"DEAD_CNT":0,"INJ_CNT":1,"LOCATION":1},"geometry":{"type":"Point","coordinates":[120.3102693,22.6438352]}},
{"type":"Feature","properties":{"ACC_TYPE":"A2","YEAR":113,"DEAD_CNT":0,"INJ_CNT":1,"LOCATION":1},"geometry":{"type":"Point","coordinates":[120.282692,22.67993545]}},
{"type":"Feature","properties":{"ACC_TYPE":"A2","YEAR":113,"DEAD_CNT":0,"INJ_CNT":2,"LOCATION":19},"geometry":{"type":"Point","coordinates":[120.3001151,22.6658465]}},
{"type":"Feature","properties":{"ACC_TYPE":"A2","YEAR":113,"DEAD_CNT":0,"INJ_CNT":2,"LOCATION":7},"geometry":{"type":"Point","coordinates":[120.2989,22.66601]}},
{"type":"Feature","properties":{"ACC_TYPE":"A2","YEAR":113,"DEAD_CNT":0,"INJ_CNT":2,"LOCATION":1},"geometry":{"type":"Point","coordinates":[120.3912,22.61201]}},
{"type":"Feature","properties":{"ACC_TYPE":"A2","YEAR":113,"DEAD_CNT":0,"INJ_CNT":2,"LOCATION":1},"geometry":{"type":"Point","coordinates":[120.3081007,22.6123743]}},
{"type":"Feature","properties":{"ACC_TYPE":"A2","YEAR":113,"DEAD_CNT":0,"INJ_CNT":1,"LOCATION":24},"geometry":{"type":"Point","coordinates":[120.286497,22.67130386]}},
{"type":"Feature","properties":{"ACC_TYPE":"A2","YEAR":113,"DEAD_CNT":0,"INJ_CNT":1,"LOCATION":1},"geometry":{"type":"Point","coordinates":[120.3055075,22.61424265]}},
{"type":"Feature","properties":{"ACC_TYPE":"A2","YEAR":113,"DEAD_CNT":0,"INJ_CNT":1,"LOCATION":2},"geometry":{"type":"Point","coordinates":[120.3493606,22.6266566]}},
{"type":"Feature","properties":{"ACC_TYPE":"A2","YEAR":113,"DEAD_CNT":0,"INJ_CNT":1,"LOCATION":1},"geometry":{"type":"Point","coordinates":[120.3192137,22.6471441]}},
{"type":"Feature","properties":{"ACC_TYPE":"A2","YEAR":113,"DEAD_CNT":0,"INJ_CNT":2,"LOCATION":1},"geometry":{"type":"Point","coordinates":[120.3266,22.62659]}},
{"type":"Feature","properties":{"ACC_TYPE":"A2","YEAR":113,"DEAD_CNT":0,"INJ_CNT":2,"LOCATION":1},"geometry":{"type":"Point","coordinates":[120.3124,22.68748]}},
{"type":"Feature","properties":{"ACC_TYPE":"A2","YEAR":113,"DEAD_CNT":0,"INJ_CNT":2,"LOCATION":21},"geometry":{"type":"Point","coordinates":[120.2906,22.65493]}},
{"type":"Feature","properties":{"ACC_TYPE":"A2","YEAR":113,"DEAD_CNT":0,"INJ_CNT":2,"LOCATION":1},"geometry":{"type":"Point","coordinates":[120.3269537,22.63931148]}},
{"type":"Feature","properties":{"ACC_TYPE":"A2","YEAR":113,"DEAD_CNT":0,"INJ_CNT":1,"LOCATION":1},"geometry":{"type":"Point","coordinates":[120.3357791,22.62674643]}},
{"type":"Feature","properties":{"ACC_TYPE":"A2","YEAR":113,"DEAD_CNT":0,"INJ_CNT":1,"LOCATION":2},"geometry":{"type":"Point","coordinates":[120.303,22.65244]}},
{"type":"Feature","properties":{"ACC_TYPE":"A2","YEAR":113,"DEAD_CNT":0,"INJ_CNT":1,"LOCATION":1},"geometry":{"type":"Point","coordinates":[120.3213682,22.657277]}},
{"type":"Feature","properties":{"ACC_TYPE":"A2","YEAR":113,"DEAD_CNT":0,"INJ_CNT":1,"LOCATION":1},"geometry":{"type":"Point","coordinates":[120.351059,22.6856225]}},
{"type":"Feature","properties":{"ACC_TYPE":"A2","YEAR":113,"DEAD_CNT":0,"INJ_CNT":2,"LOCATION":12},"geometry":{"type":"Point","coordinates":[120.2675879,22.7351875]}},
{"type":"Feature","properties":{"ACC_TYPE":"A2","YEAR":113,"DEAD_CNT":0,"INJ_CNT":1,"LOCATION":9},"geometry":{"type":"Point","coordinates":[120.2867926,22.6310752]}},
{"type":"Feature","properties":{"ACC_TYPE":"A2","YEAR":113,"DEAD_CNT":0,"INJ_CNT":1,"LOCATION":9},"geometry":{"type":"Point","coordinates":[120.3474,22.61142]}},
{"type":"Feature","properties":{"ACC_TYPE":"A2","YEAR":113,"DEAD_CNT":0,"INJ_CNT":1,"LOCATION":2},"geometry":{"type":"Point","coordinates":[120.3496541,22.5707055]}},
{"type":"Feature","properties":{"ACC_TYPE":"A2","YEAR":113,"DEAD_CNT":0,"INJ_CNT":2,"LOCATION":1},"geometry":{"type":"Point","coordinates":[120.2992367,22.67823258]}},
{"type":"Feature","properties":{"ACC_TYPE":"A2","YEAR":113,"DEAD_CNT":0,"INJ_CNT":1,"LOCATION":1},"geometry":{"type":"Point","coordinates":[120.3050366,22.635799]}},
{"type":"Feature","properties":{"ACC_TYPE":"A2","YEAR":113,"DEAD_CNT":0,"INJ_CNT":1,"LOCATION":1},"geometry":{"type":"Point","coordinates":[120.3793424,22.6238289]}},
{"type":"Feature","properties":{"ACC_TYPE":"A2","YEAR":113,"DEAD_CNT":0,"INJ_CNT":1,"LOCATION":21},"geometry":{"type":"Point","coordinates":[120.3122533,22.68002618]}},
{"type":"Feature","properties":{"ACC_TYPE":"A2","YEAR":113,"DEAD_CNT":0,"INJ_CNT":1,"LOCATION":1},"geometry":{"type":"Point","coordinates":[120.411,22.59247]}},
{"type":"Feature","properties":{"ACC_TYPE":"A2","YEAR":113,"DEAD_CNT":0,"INJ_CNT":2,"LOCATION":1},"geometry":{"type":"Point","coordinates":[120.297,22.66453]}},
{"type":"Feature","properties":{"ACC_TYPE":"A2","YEAR":113,"DEAD_CNT":0,"INJ_CNT":2,"LOCATION":1},"geometry":{"type":"Point","coordinates":[120.3447,22.60662]}},
{"type":"Feature","properties":{"ACC_TYPE":"A2","YEAR":113,"DEAD_CNT":0,"INJ_CNT":2,"LOCATION":7},"geometry":{"type":"Point","coordinates":[120.3624,22.60744]}},
{"type":"Feature","properties":{"ACC_TYPE":"A2","YEAR":113,"DEAD_CNT":0,"INJ_CNT":1,"LOCATION":1},"geometry":{"type":"Point","coordinates":[120.304,22.61516]}},
{"type":"Feature","properties":{"ACC_TYPE":"A2","YEAR":113,"DEAD_CNT":0,"INJ_CNT":2,"LOCATION":9},"geometry":{"type":"Point","coordinates":[120.3335358,22.5938541]}},
{"type":"Feature","properties":{"ACC_TYPE":"A2","YEAR":113,"DEAD_CNT":0,"INJ_CNT":1,"LOCATION":9},"geometry":{"type":"Point","coordinates":[120.3118982,22.6900325]}},
{"type":"Feature","properties":{"ACC_TYPE":"A2","YEAR":113,"DEAD_CNT":0,"INJ_CNT":1,"LOCATION":1},"geometry":{"type":"Point","coordinates":[120.3265575,22.6172189]}},
{"type":"Feature","properties":{"ACC_TYPE":"A2","YEAR":113,"DEAD_CNT":0,"INJ_CNT":1,"LOCATION":1},"geometry":{"type":"Point","coordinates":[120.3682602,22.630806]}},
{"type":"Feature","properties":{"ACC_TYPE":"A2","YEAR":113,"DEAD_CNT":0,"INJ_CNT":1,"LOCATION":1},"geometry":{"type":"Point","coordinates":[120.3383084,22.67885627]}},
{"type":"Feature","properties":{"ACC_TYPE":"A2","YEAR":113,"DEAD_CNT":0,"INJ_CNT":1,"LOCATION":1},"geometry":{"type":"Point","coordinates":[120.3313908,22.6531954]}},
{"type":"Feature","properties":{"ACC_TYPE":"A2","YEAR":113,"DEAD_CNT":0,"INJ_CNT":1,"LOCATION":1},"geometry":{"type":"Point","coordinates":[120.2590128,22.7391401]}},
{"type":"Feature","properties":{"ACC_TYPE":"A2","YEAR":113,"DEAD_CNT":0,"INJ_CNT":3,"LOCATION":9},"geometry":{"type":"Point","coordinates":[120.3493656,22.61385871]}},
{"type":"Feature","properties":{"ACC_TYPE":"A2","YEAR":113,"DEAD_CNT":0,"INJ_CNT":1,"LOCATION":1},"geometry":{"type":"Point","coordinates":[120.3269,22.62706]}},
{"type":"Feature","properties":{"ACC_TYPE":"A2","YEAR":113,"DEAD_CNT":0,"INJ_CNT":1,"LOCATION":1},"geometry":{"type":"Point","coordinates":[120.3076922,22.685103]}},
{"type":"Feature","properties":{"ACC_TYPE":"A2","YEAR":113,"DEAD_CNT":0,"INJ_CNT":2,"LOCATION":2},"geometry":{"type":"Point","coordinates":[120.3157,22.59459]}},
{"type":"Feature","properties":{"ACC_TYPE":"A2","YEAR":113,"DEAD_CNT":0,"INJ_CNT":2,"LOCATION":8},"geometry":{"type":"Point","coordinates":[120.302069,22.6127064]}},
{"type":"Feature","properties":{"ACC_TYPE":"A2","YEAR":113,"DEAD_CNT":0,"INJ_CNT":2,"LOCATION":14},"geometry":{"type":"Point","coordinates":[120.3794,22.62201]}},
{"type":"Feature","properties":{"ACC_TYPE":"A2","YEAR":113,"DEAD_CNT":0,"INJ_CNT":2,"LOCATION":2},"geometry":{"type":"Point","coordinates":[120.3326343,22.6332435]}},
{"type":"Feature","properties":{"ACC_TYPE":"A2","YEAR":113,"DEAD_CNT":0,"INJ_CNT":1,"LOCATION":1},"geometry":{"type":"Point","coordinates":[120.2971,22.67285]}},
{"type":"Feature","properties":{"ACC_TYPE":"A2","YEAR":113,"DEAD_CNT":0,"INJ_CNT":3,"LOCATION":2},"geometry":{"type":"Point","coordinates":[120.3021517,22.6131471]}},
{"type":"Feature","properties":{"ACC_TYPE":"A2","YEAR":113,"DEAD_CNT":0,"INJ_CNT":1,"LOCATION":1},"geometry":{"type":"Point","coordinates":[120.3964294,22.50708614]}},
{"type":"Feature","properties":{"ACC_TYPE":"A2","YEAR":113,"DEAD_CNT":0,"INJ_CNT":1,"LOCATION":21},"geometry":{"type":"Point","coordinates":[120.3056135,22.6145]}},
{"type":"Feature","properties":{"ACC_TYPE":"A2","YEAR":113,"DEAD_CNT":0,"INJ_CNT":2,"LOCATION":1},"geometry":{"type":"Point","coordinates":[120.2999,22.6896684]}},
{"type":"Feature","properties":{"ACC_TYPE":"A2","YEAR":113,"DEAD_CNT":0,"INJ_CNT":2,"LOCATION":4},"geometry":{"type":"Point","coordinates":[120.3553986,22.68169714]}},
{"type":"Feature","properties":{"ACC_TYPE":"A2","YEAR":113,"DEAD_CNT":0,"INJ_CNT":1,"LOCATION":9},"geometry":{"type":"Point","coordinates":[120.3750045,22.6242655]}},
{"type":"Feature","properties":{"ACC_TYPE":"A2","YEAR":113,"DEAD_CNT":0,"INJ_CNT":3,"LOCATION":8},"geometry":{"type":"Point","coordinates":[120.2719,22.60886]}},
{"type":"Feature","properties":{"ACC_TYPE":"A2","YEAR":113,"DEAD_CNT":0,"INJ_CNT":2,"LOCATION":2},"geometry":{"type":"Point","coordinates":[120.2982416,22.62078909]}},
{"type":"Feature","properties":{"ACC_TYPE":"A2","YEAR":113,"DEAD_CNT":0,"INJ_CNT":1,"LOCATION":1},"geometry":{"type":"Point","coordinates":[120.3193,22.61871]}},
{"type":"Feature","properties":{"ACC_TYPE":"A2","YEAR":113,"DEAD_CNT":0,"INJ_CNT":2,"LOCATION":9},"geometry":{"type":"Point","coordinates":[120.309841,22.63066761]}},
{"type":"Feature","properties":{"ACC_TYPE":"A2","YEAR":113,"DEAD_CNT":0,"INJ_CNT":1,"LOCATION":1},"geometry":{"type":"Point","coordinates":[120.3442738,22.6248514]}},
{"type":"Feature","properties":{"ACC_TYPE":"A2","YEAR":113,"DEAD_CNT":0,"INJ_CNT":1,"LOCATION":1},"geometry":{"type":"Point","coordinates":[120.3077,22.66337]}},
{"type":"Feature","properties":{"ACC_TYPE":"A2","YEAR":113,"DEAD_CNT":0,"INJ_CNT":2,"LOCATION":9},"geometry":{"type":"Point","coordinates":[120.2486022,22.7817286]}},
{"type":"Feature","properties":{"ACC_TYPE":"A2","YEAR":113,"DEAD_CNT":0,"INJ_CNT":1,"LOCATION":9},"geometry":{"type":"Point","coordinates":[120.433,22.69098]}},
{"type":"Feature","properties":{"ACC_TYPE":"A2","YEAR":113,"DEAD_CNT":0,"INJ_CNT":2,"LOCATION":1},"geometry":{"type":"Point","coordinates":[120.3075114,22.60745051]}},
{"type":"Feature","properties":{"ACC_TYPE":"A2","YEAR":113,"DEAD_CNT":0,"INJ_CNT":1,"LOCATION":2},"geometry":{"type":"Point","coordinates":[120.4082409,22.672307]}},
{"type":"Feature","properties":{"ACC_TYPE":"A2","YEAR":113,"DEAD_CNT":0,"INJ_CNT":2,"LOCATION":9},"geometry":{"type":"Point","coordinates":[120.3235563,22.5855681]}},
{"type":"Feature","properties":{"ACC_TYPE":"A2","YEAR":113,"DEAD_CNT":0,"INJ_CNT":1,"LOCATION":8},"geometry":{"type":"Point","coordinates":[120.3531169,22.73123928]}},
{"type":"Feature","properties":{"ACC_TYPE":"A2","YEAR":113,"DEAD_CNT":0,"INJ_CNT":2,"LOCATION":14},"geometry":{"type":"Point","coordinates":[120.3651312,22.6206085]}},
{"type":"Feature","properties":{"ACC_TYPE":"A2","YEAR":113,"DEAD_CNT":0,"INJ_CNT":2,"LOCATION":1},"geometry":{"type":"Point","coordinates":[120.3047,22.6521]}},
{"type":"Feature","properties":{"ACC_TYPE":"A2","YEAR":113,"DEAD_CNT":0,"INJ_CNT":1,"LOCATION":2},"geometry":{"type":"Point","coordinates":[120.3218805,22.67891906]}},
{"type":"Feature","properties":{"ACC_TYPE":"A2","YEAR":113,"DEAD_CNT":0,"INJ_CNT":2,"LOCATION":1},"geometry":{"type":"Point","coordinates":[120.2943503,22.6845281]}},
{"type":"Feature","properties":{"ACC_TYPE":"A2","YEAR":113,"DEAD_CNT":0,"INJ_CNT":1,"LOCATION":7},"geometry":{"type":"Point","coordinates":[120.325091,22.6625572]}},
{"type":"Feature","properties":{"ACC_TYPE":"A2","YEAR":113,"DEAD_CNT":0,"INJ_CNT":1,"LOCATION":1},"geometry":{"type":"Point","coordinates":[120.2942283,22.7944733]}},
{"type":"Feature","properties":{"ACC_TYPE":"A2","YEAR":113,"DEAD_CNT":0,"INJ_CNT":1,"LOCATION":1},"geometry":{"type":"Point","coordinates":[120.3437,22.60482]}},
{"type":"Feature","properties":{"ACC_TYPE":"A2","YEAR":113,"DEAD_CNT":0,"INJ_CNT":2,"LOCATION":1},"geometry":{"type":"Point","coordinates":[120.3977778,22.6382133]}},
{"type":"Feature","properties":{"ACC_TYPE":"A2","YEAR":113,"DEAD_CNT":0,"INJ_CNT":1,"LOCATION":9},"geometry":{"type":"Point","coordinates":[120.3418,22.65722]}},
{"type":"Feature","properties":{"ACC_TYPE":"A2","YEAR":113,"DEAD_CNT":0,"INJ_CNT":1,"LOCATION":1},"geometry":{"type":"Point","coordinates":[120.3135351,22.589868]}},
{"type":"Feature","properties":{"ACC_TYPE":"A2","YEAR":113,"DEAD_CNT":0,"INJ_CNT":1,"LOCATION":9},"geometry":{"type":"Point","coordinates":[120.3361,22.60189]}},
{"type":"Feature","properties":{"ACC_TYPE":"A2","YEAR":113,"DEAD_CNT":0,"INJ_CNT":1,"LOCATION":9},"geometry":{"type":"Point","coordinates":[120.3113,22.61087]}},
{"type":"Feature","properties":{"ACC_TYPE":"A2","YEAR":113,"DEAD_CNT":0,"INJ_CNT":2,"LOCATION":9},"geometry":{"type":"Point","coordinates":[120.2458375,22.7867913]}},
{"type":"Feature","properties":{"ACC_TYPE":"A2","YEAR":113,"DEAD_CNT":0,"INJ_CNT":1,"LOCATION":8},"geometry":{"type":"Point","coordinates":[120.3285716,22.6051591]}},
{"type":"Feature","properties":{"ACC_TYPE":"A2","YEAR":113,"DEAD_CNT":0,"INJ_CNT":3,"LOCATION":9},"geometry":{"type":"Point","coordinates":[120.392668,22.511941]}},
{"type":"Feature","properties":{"ACC_TYPE":"A2","YEAR":113,"DEAD_CNT":0,"INJ_CNT":2,"LOCATION":1},"geometry":{"type":"Point","coordinates":[120.3101,22.62114]}},
{"type":"Feature","properties":{"ACC_TYPE":"A2","YEAR":113,"DEAD_CNT":0,"INJ_CNT":1,"LOCATION":9},"geometry":{"type":"Point","coordinates":[120.3962024,22.502744]}},
{"type":"Feature","properties":{"ACC_TYPE":"A2","YEAR":113,"DEAD_CNT":0,"INJ_CNT":2,"LOCATION":8},"geometry":{"type":"Point","coordinates":[120.3141927,22.6163275]}},
{"type":"Feature","properties":{"ACC_TYPE":"A2","YEAR":113,"DEAD_CNT":0,"INJ_CNT":2,"LOCATION":9},"geometry":{"type":"Point","coordinates":[120.3851675,22.6171828]}},
{"type":"Feature","properties":{"ACC_TYPE":"A2","YEAR":113,"DEAD_CNT":0,"INJ_CNT":2,"LOCATION":2},"geometry":{"type":"Point","coordinates":[120.3801765,22.58924278]}},
{"type":"Feature","properties":{"ACC_TYPE":"A2","YEAR":113,"DEAD_CNT":0,"INJ_CNT":1,"LOCATION":7},"geometry":{"type":"Point","coordinates":[120.3219,22.68081]}},
{"type":"Feature","properties":{"ACC_TYPE":"A2","YEAR":113,"DEAD_CNT":0,"INJ_CNT":1,"LOCATION":1},"geometry":{"type":"Point","coordinates":[120.2928643,22.7995339]}},
{"type":"Feature","properties":{"ACC_TYPE":"A2","YEAR":113,"DEAD_CNT":0,"INJ_CNT":2,"LOCATION":1},"geometry":{"type":"Point","coordinates":[120.3203,22.66734]}},
{"type":"Feature","properties":{"ACC_TYPE":"A2","YEAR":113,"DEAD_CNT":0,"INJ_CNT":2,"LOCATION":2},"geometry":{"type":"Point","coordinates":[120.3353,22.59459]}},
{"type":"Feature","properties":{"ACC_TYPE":"A2","YEAR":113,"DEAD_CNT":0,"INJ_CNT":1,"LOCATION":1},"geometry":{"type":"Point","coordinates":[120.3793,22.62751]}},
{"type":"Feature","properties":{"ACC_TYPE":"A2","YEAR":113,"DEAD_CNT":0,"INJ_CNT":1,"LOCATION":9},"geometry":{"type":"Point","coordinates":[120.3003148,22.7821898]}},
{"type":"Feature","properties":{"ACC_TYPE":"A2","YEAR":113,"DEAD_CNT":0,"INJ_CNT":2,"LOCATION":9},"geometry":{"type":"Point","coordinates":[120.2885,22.79525]}},
{"type":"Feature","properties":{"ACC_TYPE":"A2","YEAR":113,"DEAD_CNT":0,"INJ_CNT":1,"LOCATION":9},"geometry":{"type":"Point","coordinates":[120.4741409,22.8566772]}},
{"type":"Feature","properties":{"ACC_TYPE":"A2","YEAR":113,"DEAD_CNT":0,"INJ_CNT":2,"LOCATION":7},"geometry":{"type":"Point","coordinates":[120.3498721,22.58893909]}},
{"type":"Feature","properties":{"ACC_TYPE":"A2","YEAR":113,"DEAD_CNT":0,"INJ_CNT":2,"LOCATION":9},"geometry":{"type":"Point","coordinates":[120.2938399,22.79322365]}},
{"type":"Feature","properties":{"ACC_TYPE":"A2","YEAR":113,"DEAD_CNT":0,"INJ_CNT":1,"LOCATION":9},"geometry":{"type":"Point","coordinates":[120.3338,22.60467]}},
{"type":"Feature","properties":{"ACC_TYPE":"A2","YEAR":113,"DEAD_CNT":0,"INJ_CNT":1,"LOCATION":21},"geometry":{"type":"Point","coordinates":[120.3226,22.63955]}},
{"type":"Feature","properties":{"ACC_TYPE":"A2","YEAR":113,"DEAD_CNT":0,"INJ_CNT":1,"LOCATION":1},"geometry":{"type":"Point","coordinates":[120.3752,22.76509]}},
{"type":"Feature","properties":{"ACC_TYPE":"A2","YEAR":113,"DEAD_CNT":0,"INJ_CNT":2,"LOCATION":8},"geometry":{"type":"Point","coordinates":[120.359358,22.638431]}},
{"type":"Feature","properties":{"ACC_TYPE":"A2","YEAR":113,"DEAD_CNT":0,"INJ_CNT":1,"LOCATION":1},"geometry":{"type":"Point","coordinates":[120.4147477,22.5916213]}},
{"type":"Feature","properties":{"ACC_TYPE":"A2","YEAR":113,"DEAD_CNT":0,"INJ_CNT":1,"LOCATION":1},"geometry":{"type":"Point","coordinates":[120.3429443,22.593754]}},
{"type":"Feature","properties":{"ACC_TYPE":"A2","YEAR":113,"DEAD_CNT":0,"INJ_CNT":1,"LOCATION":2},"geometry":{"type":"Point","coordinates":[120.3097609,22.63065948]}},
{"type":"Feature","properties":{"ACC_TYPE":"A2","YEAR":113,"DEAD_CNT":0,"INJ_CNT":1,"LOCATION":1},"geometry":{"type":"Point","coordinates":[120.3517511,22.6406641]}},
{"type":"Feature","properties":{"ACC_TYPE":"A2","YEAR":113,"DEAD_CNT":0,"INJ_CNT":2,"LOCATION":2},"geometry":{"type":"Point","coordinates":[120.2782607,22.62655184]}},
{"type":"Feature","properties":{"ACC_TYPE":"A2","YEAR":113,"DEAD_CNT":0,"INJ_CNT":2,"LOCATION":1},"geometry":{"type":"Point","coordinates":[120.3334864,22.6314796]}},
{"type":"Feature","properties":{"ACC_TYPE":"A2","YEAR":113,"DEAD_CNT":0,"INJ_CNT":2,"LOCATION":9},"geometry":{"type":"Point","coordinates":[120.3183308,22.622284]}},
{"type":"Feature","properties":{"ACC_TYPE":"A2","YEAR":113,"DEAD_CNT":0,"INJ_CNT":1,"LOCATION":1},"geometry":{"type":"Point","coordinates":[120.3960985,22.5131886]}},
{"type":"Feature","properties":{"ACC_TYPE":"A2","YEAR":113,"DEAD_CNT":0,"INJ_CNT":1,"LOCATION":9},"geometry":{"type":"Point","coordinates":[120.3218216,22.6793754]}},
{"type":"Feature","properties":{"ACC_TYPE":"A2","YEAR":113,"DEAD_CNT":0,"INJ_CNT":1,"LOCATION":8},"geometry":{"type":"Point","coordinates":[120.3011218,22.6906058]}},
{"type":"Feature","properties":{"ACC_TYPE":"A2","YEAR":113,"DEAD_CNT":0,"INJ_CNT":1,"LOCATION":1},"geometry":{"type":"Point","coordinates":[120.2702049,22.6197329]}},
{"type":"Feature","properties":{"ACC_TYPE":"A2","YEAR":113,"DEAD_CNT":0,"INJ_CNT":1,"LOCATION":9},"geometry":{"type":"Point","coordinates":[120.2975,22.62755]}},
{"type":"Feature","properties":{"ACC_TYPE":"A2","YEAR":113,"DEAD_CNT":0,"INJ_CNT":1,"LOCATION":1},"geometry":{"type":"Point","coordinates":[120.3118027,22.6737021]}},
{"type":"Feature","properties":{"ACC_TYPE":"A2","YEAR":113,"DEAD_CNT":0,"INJ_CNT":1,"LOCATION":1},"geometry":{"type":"Point","coordinates":[120.3194769,22.68093345]}},
{"type":"Feature","properties":{"ACC_TYPE":"A2","YEAR":113,"DEAD_CNT":0,"INJ_CNT":1,"LOCATION":1},"geometry":{"type":"Point","coordinates":[120.2938,22.78202]}},
{"type":"Feature","properties":{"ACC_TYPE":"A2","YEAR":113,"DEAD_CNT":0,"INJ_CNT":1,"LOCATION":9},"geometry":{"type":"Point","coordinates":[120.3041075,22.6475468]}},
{"type":"Feature","properties":{"ACC_TYPE":"A2","YEAR":113,"DEAD_CNT":0,"INJ_CNT":1,"LOCATION":23},"geometry":{"type":"Point","coordinates":[120.3200162,22.6880146]}},
{"type":"Feature","properties":{"ACC_TYPE":"A2","YEAR":113,"DEAD_CNT":0,"INJ_CNT":2,"LOCATION":1},"geometry":{"type":"Point","coordinates":[120.2909746,22.70171413]}},
{"type":"Feature","properties":{"ACC_TYPE":"A2","YEAR":113,"DEAD_CNT":0,"INJ_CNT":1,"LOCATION":1},"geometry":{"type":"Point","coordinates":[120.3255,22.60024]}},
{"type":"Feature","properties":{"ACC_TYPE":"A2","YEAR":113,"DEAD_CNT":0,"INJ_CNT":1,"LOCATION":1},"geometry":{"type":"Point","coordinates":[120.3493606,22.6266566]}},
{"type":"Feature","properties":{"ACC_TYPE":"A2","YEAR":113,"DEAD_CNT":0,"INJ_CNT":1,"LOCATION":1},"geometry":{"type":"Point","coordinates":[120.3099089,22.63034086]}},
{"type":"Feature","properties":{"ACC_TYPE":"A2","YEAR":113,"DEAD_CNT":0,"INJ_CNT":2,"LOCATION":9},"geometry":{"type":"Point","coordinates":[120.3287,22.59235]}},
{"type":"Feature","properties":{"ACC_TYPE":"A2","YEAR":113,"DEAD_CNT":0,"INJ_CNT":1,"LOCATION":1},"geometry":{"type":"Point","coordinates":[120.3665952,22.6218875]}},
{"type":"Feature","properties":{"ACC_TYPE":"A2","YEAR":113,"DEAD_CNT":0,"INJ_CNT":1,"LOCATION":1},"geometry":{"type":"Point","coordinates":[120.3245212,22.7403059]}},
{"type":"Feature","properties":{"ACC_TYPE":"A2","YEAR":113,"DEAD_CNT":0,"INJ_CNT":1,"LOCATION":1},"geometry":{"type":"Point","coordinates":[120.2971,22.66583]}},
{"type":"Feature","properties":{"ACC_TYPE":"A2","YEAR":113,"DEAD_CNT":0,"INJ_CNT":1,"LOCATION":9},"geometry":{"type":"Point","coordinates":[120.2977738,22.7085756]}},
{"type":"Feature","properties":{"ACC_TYPE":"A2","YEAR":113,"DEAD_CNT":0,"INJ_CNT":1,"LOCATION":7},"geometry":{"type":"Point","coordinates":[120.2952556,22.63101693]}},
{"type":"Feature","properties":{"ACC_TYPE":"A2","YEAR":113,"DEAD_CNT":0,"INJ_CNT":1,"LOCATION":9},"geometry":{"type":"Point","coordinates":[120.3523638,22.6285061]}},
{"type":"Feature","properties":{"ACC_TYPE":"A2","YEAR":113,"DEAD_CNT":0,"INJ_CNT":1,"LOCATION":19},"geometry":{"type":"Point","coordinates":[120.3637359,22.7647725]}},
{"type":"Feature","properties":{"ACC_TYPE":"A2","YEAR":113,"DEAD_CNT":0,"INJ_CNT":1,"LOCATION":1},"geometry":{"type":"Point","coordinates":[120.4075865,22.6135762]}},
{"type":"Feature","properties":{"ACC_TYPE":"A2","YEAR":113,"DEAD_CNT":0,"INJ_CNT":1,"LOCATION":2},"geometry":{"type":"Point","coordinates":[120.3335896,22.6056626]}},
{"type":"Feature","properties":{"ACC_TYPE":"A2","YEAR":113,"DEAD_CNT":0,"INJ_CNT":1,"LOCATION":1},"geometry":{"type":"Point","coordinates":[120.298,22.61869]}},
{"type":"Feature","properties":{"ACC_TYPE":"A2","YEAR":113,"DEAD_CNT":0,"INJ_CNT":1,"LOCATION":1},"geometry":{"type":"Point","coordinates":[120.3141267,22.627537]}},
{"type":"Feature","properties":{"ACC_TYPE":"A2","YEAR":113,"DEAD_CNT":0,"INJ_CNT":3,"LOCATION":23},"geometry":{"type":"Point","coordinates":[120.3281,22.72352]}},
{"type":"Feature","properties":{"ACC_TYPE":"A2","YEAR":113,"DEAD_CNT":0,"INJ_CNT":2,"LOCATION":2},"geometry":{"type":"Point","coordinates":[120.2863031,22.7869248]}},
{"type":"Feature","properties":{"ACC_TYPE":"A2","YEAR":113,"DEAD_CNT":0,"INJ_CNT":1,"LOCATION":7},"geometry":{"type":"Point","coordinates":[120.3445514,22.6444781]}},
{"type":"Feature","properties":{"ACC_TYPE":"A2","YEAR":113,"DEAD_CNT":0,"INJ_CNT":1,"LOCATION":1},"geometry":{"type":"Point","coordinates":[120.3079,22.68543]}},
{"type":"Feature","properties":{"ACC_TYPE":"A2","YEAR":113,"DEAD_CNT":0,"INJ_CNT":1,"LOCATION":1},"geometry":{"type":"Point","coordinates":[120.3262535,22.6268814]}},
{"type":"Feature","properties":{"ACC_TYPE":"A2","YEAR":113,"DEAD_CNT":0,"INJ_CNT":2,"LOCATION":1},"geometry":{"type":"Point","coordinates":[120.3117705,22.61635]}},
{"type":"Feature","properties":{"ACC_TYPE":"A2","YEAR":113,"DEAD_CNT":0,"INJ_CNT":1,"LOCATION":9},"geometry":{"type":"Point","coordinates":[120.3553,22.64964]}},
{"type":"Feature","properties":{"ACC_TYPE":"A2","YEAR":113,"DEAD_CNT":0,"INJ_CNT":1,"LOCATION":9},"geometry":{"type":"Point","coordinates":[120.2939,22.63993]}},
{"type":"Feature","properties":{"ACC_TYPE":"A2","YEAR":113,"DEAD_CNT":0,"INJ_CNT":1,"LOCATION":2},"geometry":{"type":"Point","coordinates":[120.2631461,22.7483013]}},
{"type":"Feature","properties":{"ACC_TYPE":"A2","YEAR":113,"DEAD_CNT":0,"INJ_CNT":2,"LOCATION":9},"geometry":{"type":"Point","coordinates":[120.2656674,22.6214392]}},
{"type":"Feature","properties":{"ACC_TYPE":"A2","YEAR":113,"DEAD_CNT":0,"INJ_CNT":2,"LOCATION":9},"geometry":{"type":"Point","coordinates":[120.3356,22.59776]}},
{"type":"Feature","properties":{"ACC_TYPE":"A2","YEAR":113,"DEAD_CNT":0,"INJ_CNT":1,"LOCATION":1},"geometry":{"type":"Point","coordinates":[120.3304,22.62936]}},
{"type":"Feature","properties":{"ACC_TYPE":"A2","YEAR":113,"DEAD_CNT":0,"INJ_CNT":3,"LOCATION":2},"geometry":{"type":"Point","coordinates":[120.3703004,22.50438882]}},
{"type":"Feature","properties":{"ACC_TYPE":"A2","YEAR":113,"DEAD_CNT":0,"INJ_CNT":1,"LOCATION":1},"geometry":{"type":"Point","coordinates":[120.2966098,22.63342772]}},
{"type":"Feature","properties":{"ACC_TYPE":"A2","YEAR":113,"DEAD_CNT":0,"INJ_CNT":2,"LOCATION":9},"geometry":{"type":"Point","coordinates":[120.2721657,22.6232766]}},
{"type":"Feature","properties":{"ACC_TYPE":"A2","YEAR":113,"DEAD_CNT":0,"INJ_CNT":1,"LOCATION":2},"geometry":{"type":"Point","coordinates":[120.307451,22.6252346]}},
{"type":"Feature","properties":{"ACC_TYPE":"A2","YEAR":113,"DEAD_CNT":0,"INJ_CNT":2,"LOCATION":7},"geometry":{"type":"Point","coordinates":[120.3540626,22.6199136]}},
{"type":"Feature","properties":{"ACC_TYPE":"A2","YEAR":113,"DEAD_CNT":0,"INJ_CNT":2,"LOCATION":1},"geometry":{"type":"Point","coordinates":[120.3078863,22.6327067]}},
{"type":"Feature","properties":{"ACC_TYPE":"A2","YEAR":113,"DEAD_CNT":0,"INJ_CNT":2,"LOCATION":2},"geometry":{"type":"Point","coordinates":[120.3606013,22.62126936]}},
{"type":"Feature","properties":{"ACC_TYPE":"A2","YEAR":113,"DEAD_CNT":0,"INJ_CNT":1,"LOCATION":2},"geometry":{"type":"Point","coordinates":[120.4181,22.65809]}},
{"type":"Feature","properties":{"ACC_TYPE":"A2","YEAR":113,"DEAD_CNT":0,"INJ_CNT":1,"LOCATION":7},"geometry":{"type":"Point","coordinates":[120.3253898,22.61284254]}},
{"type":"Feature","properties":{"ACC_TYPE":"A2","YEAR":113,"DEAD_CNT":0,"INJ_CNT":1,"LOCATION":1},"geometry":{"type":"Point","coordinates":[120.3051,22.66581]}},
{"type":"Feature","properties":{"ACC_TYPE":"A2","YEAR":113,"DEAD_CNT":0,"INJ_CNT":2,"LOCATION":2},"geometry":{"type":"Point","coordinates":[120.319771,22.6094022]}},
{"type":"Feature","properties":{"ACC_TYPE":"A2","YEAR":113,"DEAD_CNT":0,"INJ_CNT":1,"LOCATION":2},"geometry":{"type":"Point","coordinates":[120.300198,22.66485543]}},
{"type":"Feature","properties":{"ACC_TYPE":"A2","YEAR":113,"DEAD_CNT":0,"INJ_CNT":2,"LOCATION":2},"geometry":{"type":"Point","coordinates":[120.3867558,22.5037636]}},
{"type":"Feature","properties":{"ACC_TYPE":"A2","YEAR":113,"DEAD_CNT":0,"INJ_CNT":1,"LOCATION":23},"geometry":{"type":"Point","coordinates":[120.307341,22.6150422]}},
{"type":"Feature","properties":{"ACC_TYPE":"A2","YEAR":113,"DEAD_CNT":0,"INJ_CNT":1,"LOCATION":1},"geometry":{"type":"Point","coordinates":[120.3301863,22.6365784]}},
{"type":"Feature","properties":{"ACC_TYPE":"A2","YEAR":113,"DEAD_CNT":0,"INJ_CNT":1,"LOCATION":8},"geometry":{"type":"Point","coordinates":[120.3087023,22.72747069]}},
{"type":"Feature","properties":{"ACC_TYPE":"A2","YEAR":113,"DEAD_CNT":0,"INJ_CNT":1,"LOCATION":1},"geometry":{"type":"Point","coordinates":[22.6294082,120.3437099]}},
{"type":"Feature","properties":{"ACC_TYPE":"A2","YEAR":113,"DEAD_CNT":0,"INJ_CNT":1,"LOCATION":8},"geometry":{"type":"Point","coordinates":[22.6270185,120.3571413]}},
{"type":"Feature","properties":{"ACC_TYPE":"A2","YEAR":113,"DEAD_CNT":0,"INJ_CNT":1,"LOCATION":8},"geometry":{"type":"Point","coordinates":[22.6273476,120.3738344]}},
{"type":"Feature","properties":{"ACC_TYPE":"A2","YEAR":113,"DEAD_CNT":0,"INJ_CNT":1,"LOCATION":2},"geometry":{"type":"Point","coordinates":[22.6864011,120.3444695]}},
{"type":"Feature","properties":{"ACC_TYPE":"A2","YEAR":113,"DEAD_CNT":0,"INJ_CNT":2,"LOCATION":21},"geometry":{"type":"Point","coordinates":[22.60856396,120.3173515]}},
{"type":"Feature","properties":{"ACC_TYPE":"A2","YEAR":113,"DEAD_CNT":0,"INJ_CNT":1,"LOCATION":1},"geometry":{"type":"Point","coordinates":[22.63047304,120.309842]}},
{"type":"Feature","properties":{"ACC_TYPE":"A2","YEAR":113,"DEAD_CNT":0,"INJ_CNT":1,"LOCATION":1},"geometry":{"type":"Point","coordinates":[22.61367,120.3471]}},
{"type":"Feature","properties":{"ACC_TYPE":"A2","YEAR":113,"DEAD_CNT":0,"INJ_CNT":2,"LOCATION":9},"geometry":{"type":"Point","coordinates":[22.70180233,120.3490861]}},
{"type":"Feature","properties":{"ACC_TYPE":"A2","YEAR":113,"DEAD_CNT":0,"INJ_CNT":2,"LOCATION":2},"geometry":{"type":"Point","coordinates":[22.89858268,120.5422186]}},
{"type":"Feature","properties":{"ACC_TYPE":"A2","YEAR":113,"DEAD_CNT":0,"INJ_CNT":2,"LOCATION":8},"geometry":{"type":"Point","coordinates":[22.61964609,120.3825379]}},
{"type":"Feature","properties":{"ACC_TYPE":"A2","YEAR":113,"DEAD_CNT":0,"INJ_CNT":1,"LOCATION":9},"geometry":{"type":"Point","coordinates":[22.60675024,120.3059446]}},
{"type":"Feature","properties":{"ACC_TYPE":"A2","YEAR":113,"DEAD_CNT":0,"INJ_CNT":1,"LOCATION":2},"geometry":{"type":"Point","coordinates":[22.7231345,120.2890237]}},
{"type":"Feature","properties":{"ACC_TYPE":"A2","YEAR":113,"DEAD_CNT":0,"INJ_CNT":1,"LOCATION":7},"geometry":{"type":"Point","coordinates":[22.7434239,120.299017]}},
{"type":"Feature","properties":{"ACC_TYPE":"A2","YEAR":113,"DEAD_CNT":0,"INJ_CNT":1,"LOCATION":1},"geometry":{"type":"Point","coordinates":[22.6354497,120.3005039]}},
{"type":"Feature","properties":{"ACC_TYPE":"A2","YEAR":113,"DEAD_CNT":0,"INJ_CNT":1,"LOCATION":21},"geometry":{"type":"Point","coordinates":[22.62735,120.316]}},
{"type":"Feature","properties":{"ACC_TYPE":"A2","YEAR":113,"DEAD_CNT":0,"INJ_CNT":1,"LOCATION":9},"geometry":{"type":"Point","coordinates":[22.77904,120.301]}},
{"type":"Feature","properties":{"ACC_TYPE":"A2","YEAR":113,"DEAD_CNT":0,"INJ_CNT":1,"LOCATION":21},"geometry":{"type":"Point","coordinates":[22.6704335,120.2967308]}},
{"type":"Feature","properties":{"ACC_TYPE":"A2","YEAR":113,"DEAD_CNT":0,"INJ_CNT":1,"LOCATION":1},"geometry":{"type":"Point","coordinates":[22.759629,120.3090053]}},
{"type":"Feature","properties":{"ACC_TYPE":"A2","YEAR":113,"DEAD_CNT":0,"INJ_CNT":3,"LOCATION":8},"geometry":{"type":"Point","coordinates":[22.63671,120.2923]}},
{"type":"Feature","properties":{"ACC_TYPE":"A2","YEAR":113,"DEAD_CNT":0,"INJ_CNT":1,"LOCATION":7},"geometry":{"type":"Point","coordinates":[22.72351822,120.3291202]}},
{"type":"Feature","properties":{"ACC_TYPE":"A2","YEAR":113,"DEAD_CNT":0,"INJ_CNT":1,"LOCATION":9},"geometry":{"type":"Point","coordinates":[22.6038928,120.3338221]}},
{"type":"Feature","properties":{"ACC_TYPE":"A2","YEAR":113,"DEAD_CNT":0,"INJ_CNT":2,"LOCATION":9},"geometry":{"type":"Point","coordinates":[22.9131505,120.1844804]}},
{"type":"Feature","properties":{"ACC_TYPE":"A2","YEAR":113,"DEAD_CNT":0,"INJ_CNT":2,"LOCATION":9},"geometry":{"type":"Point","coordinates":[22.738822,120.2871872]}},
{"type":"Feature","properties":{"ACC_TYPE":"A2","YEAR":113,"DEAD_CNT":0,"INJ_CNT":2,"LOCATION":9},"geometry":{"type":"Point","coordinates":[22.72594893,120.3515217]}},
{"type":"Feature","properties":{"ACC_TYPE":"A2","YEAR":113,"DEAD_CNT":0,"INJ_CNT":1,"LOCATION":2},"geometry":{"type":"Point","coordinates":[22.7937609,120.2881552]}},
{"type":"Feature","properties":{"ACC_TYPE":"A2","YEAR":113,"DEAD_CNT":0,"INJ_CNT":1,"LOCATION":9},"geometry":{"type":"Point","coordinates":[22.60270815,120.3360701]}},
{"type":"Feature","properties":{"ACC_TYPE":"A2","YEAR":113,"DEAD_CNT":0,"INJ_CNT":1,"LOCATION":9},"geometry":{"type":"Point","coordinates":[22.6698242,120.3100907]}},
{"type":"Feature","properties":{"ACC_TYPE":"A2","YEAR":113,"DEAD_CNT":0,"INJ_CNT":1,"LOCATION":1},"geometry":{"type":"Point","coordinates":[22.5274069,120.3454552]}},
{"type":"Feature","properties":{"ACC_TYPE":"A2","YEAR":113,"DEAD_CNT":0,"INJ_CNT":2,"LOCATION":1},"geometry":{"type":"Point","coordinates":[22.632087,120.3584049]}},
{"type":"Feature","properties":{"ACC_TYPE":"A2","YEAR":113,"DEAD_CNT":0,"INJ_CNT":1,"LOCATION":9},"geometry":{"type":"Point","coordinates":[22.8171297,120.3091643]}},
{"type":"Feature","properties":{"ACC_TYPE":"A2","YEAR":113,"DEAD_CNT":0,"INJ_CNT":1,"LOCATION":8},"geometry":{"type":"Point","coordinates":[22.64628,120.33017]}},
{"type":"Feature","properties":{"ACC_TYPE":"A2","YEAR":113,"DEAD_CNT":0,"INJ_CNT":1,"LOCATION":9},"geometry":{"type":"Point","coordinates":[22.87895735,120.3289987]}},
{"type":"Feature","properties":{"ACC_TYPE":"A2","YEAR":113,"DEAD_CNT":0,"INJ_CNT":3,"LOCATION":2},"geometry":{"type":"Point","coordinates":[22.79395,120.2908]}},
{"type":"Feature","properties":{"ACC_TYPE":"A2","YEAR":113,"DEAD_CNT":0,"INJ_CNT":1,"LOCATION":1},"geometry":{"type":"Point","coordinates":[22.5824324,120.3177752]}},
{"type":"Feature","properties":{"ACC_TYPE":"A2","YEAR":113,"DEAD_CNT":0,"INJ_CNT":2,"LOCATION":7},"geometry":{"type":"Point","coordinates":[22.60116,120.3528]}},
{"type":"Feature","properties":{"ACC_TYPE":"A2","YEAR":113,"DEAD_CNT":0,"INJ_CNT":1,"LOCATION":9},"geometry":{"type":"Point","coordinates":[22.8078064,120.2613448]}},
{"type":"Feature","properties":{"ACC_TYPE":"A2","YEAR":113,"DEAD_CNT":0,"INJ_CNT":1,"LOCATION":7},"geometry":{"type":"Point","coordinates":[22.68895781,120.3077757]}},
{"type":"Feature","properties":{"ACC_TYPE":"A2","YEAR":113,"DEAD_CNT":0,"INJ_CNT":2,"LOCATION":19},"geometry":{"type":"Point","coordinates":[22.6469436,120.308901]}},
{"type":"Feature","properties":{"ACC_TYPE":"A2","YEAR":113,"DEAD_CNT":0,"INJ_CNT":1,"LOCATION":8},"geometry":{"type":"Point","coordinates":[22.60601989,120.3048204]}},
{"type":"Feature","properties":{"ACC_TYPE":"A2","YEAR":113,"DEAD_CNT":0,"INJ_CNT":1,"LOCATION":9},"geometry":{"type":"Point","coordinates":[22.6869983,120.3011874]}},
{"type":"Feature","properties":{"ACC_TYPE":"A2","YEAR":113,"DEAD_CNT":0,"INJ_CNT":1,"LOCATION":8},"geometry":{"type":"Point","coordinates":[22.6702321,120.301646]}},
{"type":"Feature","properties":{"ACC_TYPE":"A2","YEAR":113,"DEAD_CNT":0,"INJ_CNT":1,"LOCATION":1},"geometry":{"type":"Point","coordinates":[22.76845,120.3147]}},
{"type":"Feature","properties":{"ACC_TYPE":"A2","YEAR":113,"DEAD_CNT":0,"INJ_CNT":1,"LOCATION":9},"geometry":{"type":"Point","coordinates":[22.80952313,120.3337509]}},
{"type":"Feature","properties":{"ACC_TYPE":"A2","YEAR":113,"DEAD_CNT":0,"INJ_CNT":2,"LOCATION":20},"geometry":{"type":"Point","coordinates":[22.61448,120.3453]}},
{"type":"Feature","properties":{"ACC_TYPE":"A2","YEAR":113,"DEAD_CNT":0,"INJ_CNT":1,"LOCATION":1},"geometry":{"type":"Point","coordinates":[22.6239534,120.3289818]}},
{"type":"Feature","properties":{"ACC_TYPE":"A2","YEAR":113,"DEAD_CNT":0,"INJ_CNT":2,"LOCATION":1},"geometry":{"type":"Point","coordinates":[22.62779,120.3108]}},
{"type":"Feature","properties":{"ACC_TYPE":"A2","YEAR":113,"DEAD_CNT":0,"INJ_CNT":1,"LOCATION":1},"geometry":{"type":"Point","coordinates":[22.6154057,120.308914]}},
{"type":"Feature","properties":{"ACC_TYPE":"A2","YEAR":113,"DEAD_CNT":0,"INJ_CNT":3,"LOCATION":1},"geometry":{"type":"Point","coordinates":[22.7832076,120.2890612]}},
{"type":"Feature","properties":{"ACC_TYPE":"A2","YEAR":113,"DEAD_CNT":0,"INJ_CNT":1,"LOCATION":2},"geometry":{"type":"Point","coordinates":[22.68093,120.3217]}},
{"type":"Feature","properties":{"ACC_TYPE":"A2","YEAR":113,"DEAD_CNT":0,"INJ_CNT":2,"LOCATION":8},"geometry":{"type":"Point","coordinates":[22.86076,120.2591]}},
{"type":"Feature","properties":{"ACC_TYPE":"A2","YEAR":113,"DEAD_CNT":0,"INJ_CNT":4,"LOCATION":24},"geometry":{"type":"Point","coordinates":[22.6197905,120.3900059]}},
{"type":"Feature","properties":{"ACC_TYPE":"A2","YEAR":113,"DEAD_CNT":0,"INJ_CNT":1,"LOCATION":21},"geometry":{"type":"Point","coordinates":[22.6596351,120.3065528]}},
{"type":"Feature","properties":{"ACC_TYPE":"A2","YEAR":113,"DEAD_CNT":0,"INJ_CNT":2,"LOCATION":1},"geometry":{"type":"Point","coordinates":[22.6551,120.2908]}},
{"type":"Feature","properties":{"ACC_TYPE":"A2","YEAR":113,"DEAD_CNT":0,"INJ_CNT":1,"LOCATION":1},"geometry":{"type":"Point","coordinates":[22.6843433,120.3168939]}},
{"type":"Feature","properties":{"ACC_TYPE":"A2","YEAR":113,"DEAD_CNT":0,"INJ_CNT":2,"LOCATION":1},"geometry":{"type":"Point","coordinates":[22.5881645,120.3218113]}},
{"type":"Feature","properties":{"ACC_TYPE":"A2","YEAR":113,"DEAD_CNT":0,"INJ_CNT":1,"LOCATION":2},"geometry":{"type":"Point","coordinates":[22.63079455,120.3099436]}},
{"type":"Feature","properties":{"ACC_TYPE":"A2","YEAR":113,"DEAD_CNT":0,"INJ_CNT":1,"LOCATION":2},"geometry":{"type":"Point","coordinates":[22.62465745,120.2863595]}},
{"type":"Feature","properties":{"ACC_TYPE":"A2","YEAR":113,"DEAD_CNT":0,"INJ_CNT":1,"LOCATION":8},"geometry":{"type":"Point","coordinates":[22.68609549,120.3380583]}},
{"type":"Feature","properties":{"ACC_TYPE":"A2","YEAR":113,"DEAD_CNT":0,"INJ_CNT":1,"LOCATION":9},"geometry":{"type":"Point","coordinates":[22.5930193,120.3300902]}},
{"type":"Feature","properties":{"ACC_TYPE":"A2","YEAR":113,"DEAD_CNT":0,"INJ_CNT":1,"LOCATION":7},"geometry":{"type":"Point","coordinates":[22.6814609,120.2877799]}},
{"type":"Feature","properties":{"ACC_TYPE":"A2","YEAR":113,"DEAD_CNT":0,"INJ_CNT":1,"LOCATION":1},"geometry":{"type":"Point","coordinates":[22.66032886,120.3332617]}},
{"type":"Feature","properties":{"ACC_TYPE":"A2","YEAR":113,"DEAD_CNT":0,"INJ_CNT":1,"LOCATION":1},"geometry":{"type":"Point","coordinates":[22.65784,120.3197]}},
{"type":"Feature","properties":{"ACC_TYPE":"A2","YEAR":113,"DEAD_CNT":0,"INJ_CNT":1,"LOCATION":1},"geometry":{"type":"Point","coordinates":[22.6058409,120.3359118]}},
{"type":"Feature","properties":{"ACC_TYPE":"A2","YEAR":113,"DEAD_CNT":0,"INJ_CNT":2,"LOCATION":1},"geometry":{"type":"Point","coordinates":[22.6341113,120.3444013]}},
{"type":"Feature","properties":{"ACC_TYPE":"A2","YEAR":113,"DEAD_CNT":0,"INJ_CNT":1,"LOCATION":9},"geometry":{"type":"Point","coordinates":[22.6089918,120.3141827]}},
{"type":"Feature","properties":{"ACC_TYPE":"A2","YEAR":113,"DEAD_CNT":0,"INJ_CNT":2,"LOCATION":9},"geometry":{"type":"Point","coordinates":[22.6638022,120.30948]}},
{"type":"Feature","properties":{"ACC_TYPE":"A2","YEAR":113,"DEAD_CNT":0,"INJ_CNT":2,"LOCATION":9},"geometry":{"type":"Point","coordinates":[22.56755153,120.3642197]}},
{"type":"Feature","properties":{"ACC_TYPE":"A2","YEAR":113,"DEAD_CNT":0,"INJ_CNT":1,"LOCATION":1},"geometry":{"type":"Point","coordinates":[22.6121166,120.3109836]}},
{"type":"Feature","properties":{"ACC_TYPE":"A2","YEAR":113,"DEAD_CNT":0,"INJ_CNT":2,"LOCATION":8},"geometry":{"type":"Point","coordinates":[22.489554,120.398553]}},
{"type":"Feature","properties":{"ACC_TYPE":"A2","YEAR":113,"DEAD_CNT":0,"INJ_CNT":1,"LOCATION":9},"geometry":{"type":"Point","coordinates":[22.64453446,120.3440658]}},
{"type":"Feature","properties":{"ACC_TYPE":"A2","YEAR":113,"DEAD_CNT":0,"INJ_CNT":1,"LOCATION":9},"geometry":{"type":"Point","coordinates":[22.6030207,120.339114]}},
{"type":"Feature","properties":{"ACC_TYPE":"A2","YEAR":113,"DEAD_CNT":0,"INJ_CNT":1,"LOCATION":1},"geometry":{"type":"Point","coordinates":[22.6248503,120.2866452]}},
{"type":"Feature","properties":{"ACC_TYPE":"A2","YEAR":113,"DEAD_CNT":0,"INJ_CNT":1,"LOCATION":1},"geometry":{"type":"Point","coordinates":[22.6055953,120.3326424]}},
{"type":"Feature","properties":{"ACC_TYPE":"A2","YEAR":113,"DEAD_CNT":0,"INJ_CNT":2,"LOCATION":8},"geometry":{"type":"Point","coordinates":[22.6456082,120.3493274]}},
{"type":"Feature","properties":{"ACC_TYPE":"A2","YEAR":113,"DEAD_CNT":0,"INJ_CNT":1,"LOCATION":1},"geometry":{"type":"Point","coordinates":[22.6007631,120.3396037]}},
{"type":"Feature","properties":{"ACC_TYPE":"A2","YEAR":113,"DEAD_CNT":0,"INJ_CNT":1,"LOCATION":1},"geometry":{"type":"Point","coordinates":[22.67244248,120.2979712]}},
{"type":"Feature","properties":{"ACC_TYPE":"A2","YEAR":113,"DEAD_CNT":0,"INJ_CNT":3,"LOCATION":9},"geometry":{"type":"Point","coordinates":[22.59582,120.3276]}},
{"type":"Feature","properties":{"ACC_TYPE":"A2","YEAR":113,"DEAD_CNT":0,"INJ_CNT":2,"LOCATION":8},"geometry":{"type":"Point","coordinates":[22.6044608,120.3219844]}},
{"type":"Feature","properties":{"ACC_TYPE":"A2","YEAR":113,"DEAD_CNT":0,"INJ_CNT":1,"LOCATION":1},"geometry":{"type":"Point","coordinates":[22.6038928,120.3338221]}},
{"type":"Feature","properties":{"ACC_TYPE":"A2","YEAR":113,"DEAD_CNT":0,"INJ_CNT":1,"LOCATION":21},"geometry":{"type":"Point","coordinates":[22.6355525,120.3614028]}},
{"type":"Feature","properties":{"ACC_TYPE":"A2","YEAR":113,"DEAD_CNT":0,"INJ_CNT":2,"LOCATION":1},"geometry":{"type":"Point","coordinates":[120.2676002,22.611433]}},
{"type":"Feature","properties":{"ACC_TYPE":"A2","YEAR":113,"DEAD_CNT":0,"INJ_CNT":1,"LOCATION":1},"geometry":{"type":"Point","coordinates":[120.3205276,22.7288253]}},
{"type":"Feature","properties":{"ACC_TYPE":"A2","YEAR":113,"DEAD_CNT":0,"INJ_CNT":1,"LOCATION":2},"geometry":{"type":"Point","coordinates":[120.3183238,22.6497889]}},
{"type":"Feature","properties":{"ACC_TYPE":"A2","YEAR":113,"DEAD_CNT":0,"INJ_CNT":2,"LOCATION":2},"geometry":{"type":"Point","coordinates":[120.3596,22.56995]}},
{"type":"Feature","properties":{"ACC_TYPE":"A2","YEAR":113,"DEAD_CNT":0,"INJ_CNT":2,"LOCATION":1},"geometry":{"type":"Point","coordinates":[120.3355777,22.6356466]}},
{"type":"Feature","properties":{"ACC_TYPE":"A2","YEAR":113,"DEAD_CNT":0,"INJ_CNT":1,"LOCATION":1},"geometry":{"type":"Point","coordinates":[120.354776,22.639461]}},
{"type":"Feature","properties":{"ACC_TYPE":"A2","YEAR":113,"DEAD_CNT":0,"INJ_CNT":2,"LOCATION":9},"geometry":{"type":"Point","coordinates":[120.3924194,22.50936147]}},
{"type":"Feature","properties":{"ACC_TYPE":"A2","YEAR":113,"DEAD_CNT":0,"INJ_CNT":2,"LOCATION":9},"geometry":{"type":"Point","coordinates":[120.3199532,22.62371073]}},
{"type":"Feature","properties":{"ACC_TYPE":"A2","YEAR":113,"DEAD_CNT":0,"INJ_CNT":1,"LOCATION":21},"geometry":{"type":"Point","coordinates":[120.2782564,22.6563582]}},
{"type":"Feature","properties":{"ACC_TYPE":"A2","YEAR":113,"DEAD_CNT":0,"INJ_CNT":1,"LOCATION":1},"geometry":{"type":"Point","coordinates":[120.3319562,22.64553106]}},
{"type":"Feature","properties":{"ACC_TYPE":"A2","YEAR":113,"DEAD_CNT":0,"INJ_CNT":1,"LOCATION":1},"geometry":{"type":"Point","coordinates":[120.3023603,22.63618329]}},
{"type":"Feature","properties":{"ACC_TYPE":"A2","YEAR":113,"DEAD_CNT":0,"INJ_CNT":1,"LOCATION":9},"geometry":{"type":"Point","coordinates":[120.3958,22.50325]}},
{"type":"Feature","properties":{"ACC_TYPE":"A2","YEAR":113,"DEAD_CNT":0,"INJ_CNT":1,"LOCATION":2},"geometry":{"type":"Point","coordinates":[120.3105,22.65254]}},
{"type":"Feature","properties":{"ACC_TYPE":"A2","YEAR":113,"DEAD_CNT":0,"INJ_CNT":1,"LOCATION":1},"geometry":{"type":"Point","coordinates":[120.3268178,22.63112771]}},
{"type":"Feature","properties":{"ACC_TYPE":"A2","YEAR":113,"DEAD_CNT":0,"INJ_CNT":1,"LOCATION":1},"geometry":{"type":"Point","coordinates":[120.2891821,22.68429163]}},
{"type":"Feature","properties":{"ACC_TYPE":"A2","YEAR":113,"DEAD_CNT":0,"INJ_CNT":1,"LOCATION":9},"geometry":{"type":"Point","coordinates":[120.3054864,22.7270821]}},
{"type":"Feature","properties":{"ACC_TYPE":"A2","YEAR":113,"DEAD_CNT":0,"INJ_CNT":2,"LOCATION":1},"geometry":{"type":"Point","coordinates":[120.3047061,22.6320413]}},
{"type":"Feature","properties":{"ACC_TYPE":"A2","YEAR":113,"DEAD_CNT":0,"INJ_CNT":2,"LOCATION":9},"geometry":{"type":"Point","coordinates":[120.3011,22.66136]}},
{"type":"Feature","properties":{"ACC_TYPE":"A2","YEAR":113,"DEAD_CNT":0,"INJ_CNT":1,"LOCATION":9},"geometry":{"type":"Point","coordinates":[120.3815,22.60611]}},
{"type":"Feature","properties":{"ACC_TYPE":"A2","YEAR":113,"DEAD_CNT":0,"INJ_CNT":1,"LOCATION":9},"geometry":{"type":"Point","coordinates":[120.3196211,22.6079335]}},
{"type":"Feature","properties":{"ACC_TYPE":"A2","YEAR":113,"DEAD_CNT":0,"INJ_CNT":1,"LOCATION":1},"geometry":{"type":"Point","coordinates":[120.3616867,22.7933706]}},
{"type":"Feature","properties":{"ACC_TYPE":"A2","YEAR":113,"DEAD_CNT":0,"INJ_CNT":1,"LOCATION":1},"geometry":{"type":"Point","coordinates":[120.321669,22.6647549]}},
{"type":"Feature","properties":{"ACC_TYPE":"A2","YEAR":113,"DEAD_CNT":0,"INJ_CNT":2,"LOCATION":2},"geometry":{"type":"Point","coordinates":[120.2973943,22.62765238]}},
{"type":"Feature","properties":{"ACC_TYPE":"A2","YEAR":113,"DEAD_CNT":0,"INJ_CNT":1,"LOCATION":9},"geometry":{"type":"Point","coordinates":[120.2985387,22.6171059]}},
{"type":"Feature","properties":{"ACC_TYPE":"A2","YEAR":113,"DEAD_CNT":0,"INJ_CNT":1,"LOCATION":1},"geometry":{"type":"Point","coordinates":[120.4320358,22.5828878]}},
{"type":"Feature","properties":{"ACC_TYPE":"A2","YEAR":113,"DEAD_CNT":0,"INJ_CNT":1,"LOCATION":2},"geometry":{"type":"Point","coordinates":[120.343,22.60492]}},
{"type":"Feature","properties":{"ACC_TYPE":"A2","YEAR":113,"DEAD_CNT":0,"INJ_CNT":1,"LOCATION":1},"geometry":{"type":"Point","coordinates":[120.3331309,22.569671]}},
{"type":"Feature","properties":{"ACC_TYPE":"A2","YEAR":113,"DEAD_CNT":0,"INJ_CNT":1,"LOCATION":9},"geometry":{"type":"Point","coordinates":[120.3959,22.50299]}},
{"type":"Feature","properties":{"ACC_TYPE":"A2","YEAR":113,"DEAD_CNT":0,"INJ_CNT":1,"LOCATION":1},"geometry":{"type":"Point","coordinates":[120.302125,22.6345907]}},
{"type":"Feature","properties":{"ACC_TYPE":"A2","YEAR":113,"DEAD_CNT":0,"INJ_CNT":1,"LOCATION":9},"geometry":{"type":"Point","coordinates":[120.317686,22.63109152]}},
{"type":"Feature","properties":{"ACC_TYPE":"A2","YEAR":113,"DEAD_CNT":0,"INJ_CNT":1,"LOCATION":9},"geometry":{"type":"Point","coordinates":[120.2579846,22.85757318]}},
{"type":"Feature","properties":{"ACC_TYPE":"A2","YEAR":113,"DEAD_CNT":0,"INJ_CNT":1,"LOCATION":1},"geometry":{"type":"Point","coordinates":[120.365685,22.5901044]}},
{"type":"Feature","properties":{"ACC_TYPE":"A2","YEAR":113,"DEAD_CNT":0,"INJ_CNT":1,"LOCATION":2},"geometry":{"type":"Point","coordinates":[120.311363,22.63063574]}},
{"type":"Feature","properties":{"ACC_TYPE":"A2","YEAR":113,"DEAD_CNT":0,"INJ_CNT":1,"LOCATION":8},"geometry":{"type":"Point","coordinates":[120.3203,22.7263]}},
{"type":"Feature","properties":{"ACC_TYPE":"A2","YEAR":113,"DEAD_CNT":0,"INJ_CNT":2,"LOCATION":8},"geometry":{"type":"Point","coordinates":[120.3175504,22.6639584]}},
{"type":"Feature","properties":{"ACC_TYPE":"A2","YEAR":113,"DEAD_CNT":0,"INJ_CNT":1,"LOCATION":9},"geometry":{"type":"Point","coordinates":[120.295938,22.6668031]}},
{"type":"Feature","properties":{"ACC_TYPE":"A2","YEAR":113,"DEAD_CNT":0,"INJ_CNT":1,"LOCATION":9},"geometry":{"type":"Point","coordinates":[120.2939615,22.7965325]}},
{"type":"Feature","properties":{"ACC_TYPE":"A2","YEAR":113,"DEAD_CNT":0,"INJ_CNT":2,"LOCATION":7},"geometry":{"type":"Point","coordinates":[120.2910006,22.70176979]}},
{"type":"Feature","properties":{"ACC_TYPE":"A2","YEAR":113,"DEAD_CNT":0,"INJ_CNT":1,"LOCATION":1},"geometry":{"type":"Point","coordinates":[120.3414,22.68493]}},
{"type":"Feature","properties":{"ACC_TYPE":"A2","YEAR":113,"DEAD_CNT":0,"INJ_CNT":2,"LOCATION":8},"geometry":{"type":"Point","coordinates":[120.3899,22.49981]}},
{"type":"Feature","properties":{"ACC_TYPE":"A2","YEAR":113,"DEAD_CNT":0,"INJ_CNT":1,"LOCATION":21},"geometry":{"type":"Point","coordinates":[120.3075569,22.66530135]}},
{"type":"Feature","properties":{"ACC_TYPE":"A2","YEAR":113,"DEAD_CNT":0,"INJ_CNT":1,"LOCATION":8},"geometry":{"type":"Point","coordinates":[120.349544,22.6313855]}},
{"type":"Feature","properties":{"ACC_TYPE":"A2","YEAR":113,"DEAD_CNT":0,"INJ_CNT":1,"LOCATION":1},"geometry":{"type":"Point","coordinates":[120.3095591,22.63062552]}},
{"type":"Feature","properties":{"ACC_TYPE":"A2","YEAR":113,"DEAD_CNT":0,"INJ_CNT":2,"LOCATION":2},"geometry":{"type":"Point","coordinates":[120.3488,22.60958]}},
{"type":"Feature","properties":{"ACC_TYPE":"A2","YEAR":113,"DEAD_CNT":0,"INJ_CNT":1,"LOCATION":23},"geometry":{"type":"Point","coordinates":[120.3883818,22.6188018]}},
{"type":"Feature","properties":{"ACC_TYPE":"A2","YEAR":113,"DEAD_CNT":0,"INJ_CNT":1,"LOCATION":1},"geometry":{"type":"Point","coordinates":[120.2900323,22.71057581]}},
{"type":"Feature","properties":{"ACC_TYPE":"A2","YEAR":113,"DEAD_CNT":0,"INJ_CNT":1,"LOCATION":2},"geometry":{"type":"Point","coordinates":[120.3348399,22.59735404]}},
{"type":"Feature","properties":{"ACC_TYPE":"A2","YEAR":113,"DEAD_CNT":0,"INJ_CNT":2,"LOCATION":9},"geometry":{"type":"Point","coordinates":[120.3552958,22.64962796]}},
{"type":"Feature","properties":{"ACC_TYPE":"A2","YEAR":113,"DEAD_CNT":0,"INJ_CNT":2,"LOCATION":1},"geometry":{"type":"Point","coordinates":[120.364,22.63589]}},
{"type":"Feature","properties":{"ACC_TYPE":"A2","YEAR":113,"DEAD_CNT":0,"INJ_CNT":2,"LOCATION":1},"geometry":{"type":"Point","coordinates":[120.3951,22.50744]}},
{"type":"Feature","properties":{"ACC_TYPE":"A2","YEAR":113,"DEAD_CNT":0,"INJ_CNT":1,"LOCATION":1},"geometry":{"type":"Point","coordinates":[120.3140119,22.61709223]}},
{"type":"Feature","properties":{"ACC_TYPE":"A2","YEAR":113,"DEAD_CNT":0,"INJ_CNT":1,"LOCATION":9},"geometry":{"type":"Point","coordinates":[120.3163749,22.61346918]}},
{"type":"Feature","properties":{"ACC_TYPE":"A2","YEAR":113,"DEAD_CNT":0,"INJ_CNT":2,"LOCATION":1},"geometry":{"type":"Point","coordinates":[120.3001271,22.7180921]}},
{"type":"Feature","properties":{"ACC_TYPE":"A2","YEAR":113,"DEAD_CNT":0,"INJ_CNT":1,"LOCATION":1},"geometry":{"type":"Point","coordinates":[120.378,22.62744]}},
{"type":"Feature","properties":{"ACC_TYPE":"A2","YEAR":113,"DEAD_CNT":0,"INJ_CNT":1,"LOCATION":9},"geometry":{"type":"Point","coordinates":[120.3611,22.83956]}},
{"type":"Feature","properties":{"ACC_TYPE":"A2","YEAR":113,"DEAD_CNT":0,"INJ_CNT":1,"LOCATION":9},"geometry":{"type":"Point","coordinates":[120.3315522,22.5939235]}},
{"type":"Feature","properties":{"ACC_TYPE":"A2","YEAR":113,"DEAD_CNT":0,"INJ_CNT":1,"LOCATION":9},"geometry":{"type":"Point","coordinates":[120.3151033,22.64869364]}},
{"type":"Feature","properties":{"ACC_TYPE":"A2","YEAR":113,"DEAD_CNT":0,"INJ_CNT":2,"LOCATION":9},"geometry":{"type":"Point","coordinates":[120.2154,22.90874]}},
{"type":"Feature","properties":{"ACC_TYPE":"A2","YEAR":113,"DEAD_CNT":0,"INJ_CNT":2,"LOCATION":9},"geometry":{"type":"Point","coordinates":[120.3967476,22.6014576]}},
{"type":"Feature","properties":{"ACC_TYPE":"A2","YEAR":113,"DEAD_CNT":0,"INJ_CNT":1,"LOCATION":2},"geometry":{"type":"Point","coordinates":[120.3083,22.68673]}},
{"type":"Feature","properties":{"ACC_TYPE":"A2","YEAR":113,"DEAD_CNT":0,"INJ_CNT":2,"LOCATION":9},"geometry":{"type":"Point","coordinates":[120.3538,22.70397]}},
{"type":"Feature","properties":{"ACC_TYPE":"A2","YEAR":113,"DEAD_CNT":0,"INJ_CNT":1,"LOCATION":2},"geometry":{"type":"Point","coordinates":[120.3391413,22.61414278]}},
{"type":"Feature","properties":{"ACC_TYPE":"A2","YEAR":113,"DEAD_CNT":0,"INJ_CNT":1,"LOCATION":23},"geometry":{"type":"Point","coordinates":[120.3370407,22.6033781]}},
{"type":"Feature","properties":{"ACC_TYPE":"A2","YEAR":113,"DEAD_CNT":0,"INJ_CNT":1,"LOCATION":1},"geometry":{"type":"Point","coordinates":[120.3157,22.59459]}},
{"type":"Feature","properties":{"ACC_TYPE":"A2","YEAR":113,"DEAD_CNT":0,"INJ_CNT":1,"LOCATION":1},"geometry":{"type":"Point","coordinates":[120.2944333,22.7233365]}},
{"type":"Feature","properties":{"ACC_TYPE":"A2","YEAR":113,"DEAD_CNT":0,"INJ_CNT":1,"LOCATION":2},"geometry":{"type":"Point","coordinates":[120.2544235,22.7291775]}},
{"type":"Feature","properties":{"ACC_TYPE":"A2","YEAR":113,"DEAD_CNT":0,"INJ_CNT":3,"LOCATION":9},"geometry":{"type":"Point","coordinates":[120.2531702,22.6452295]}},
{"type":"Feature","properties":{"ACC_TYPE":"A2","YEAR":113,"DEAD_CNT":0,"INJ_CNT":1,"LOCATION":1},"geometry":{"type":"Point","coordinates":[120.3546074,22.56907057]}},
{"type":"Feature","properties":{"ACC_TYPE":"A2","YEAR":113,"DEAD_CNT":0,"INJ_CNT":1,"LOCATION":1},"geometry":{"type":"Point","coordinates":[120.3146571,22.6089382]}},
{"type":"Feature","properties":{"ACC_TYPE":"A2","YEAR":113,"DEAD_CNT":0,"INJ_CNT":1,"LOCATION":9},"geometry":{"type":"Point","coordinates":[120.3063,22.62368]}},
{"type":"Feature","properties":{"ACC_TYPE":"A2","YEAR":113,"DEAD_CNT":0,"INJ_CNT":2,"LOCATION":1},"geometry":{"type":"Point","coordinates":[120.3353,22.59459]}},
{"type":"Feature","properties":{"ACC_TYPE":"A2","YEAR":113,"DEAD_CNT":0,"INJ_CNT":1,"LOCATION":7},"geometry":{"type":"Point","coordinates":[120.1866658,22.89148136]}},
{"type":"Feature","properties":{"ACC_TYPE":"A2","YEAR":113,"DEAD_CNT":0,"INJ_CNT":1,"LOCATION":1},"geometry":{"type":"Point","coordinates":[120.2266509,22.969052]}},
{"type":"Feature","properties":{"ACC_TYPE":"A2","YEAR":113,"DEAD_CNT":0,"INJ_CNT":1,"LOCATION":9},"geometry":{"type":"Point","coordinates":[120.5665,22.86786]}},
{"type":"Feature","properties":{"ACC_TYPE":"A2","YEAR":113,"DEAD_CNT":0,"INJ_CNT":2,"LOCATION":9},"geometry":{"type":"Point","coordinates":[120.3099642,22.7277815]}},
{"type":"Feature","properties":{"ACC_TYPE":"A2","YEAR":113,"DEAD_CNT":0,"INJ_CNT":1,"LOCATION":19},"geometry":{"type":"Point","coordinates":[120.3153972,22.6385288]}},
{"type":"Feature","properties":{"ACC_TYPE":"A2","YEAR":113,"DEAD_CNT":0,"INJ_CNT":2,"LOCATION":8},"geometry":{"type":"Point","coordinates":[120.3526895,22.7312381]}},
{"type":"Feature","properties":{"ACC_TYPE":"A2","YEAR":113,"DEAD_CNT":0,"INJ_CNT":2,"LOCATION":1},"geometry":{"type":"Point","coordinates":[120.3232343,22.6620058]}},
{"type":"Feature","properties":{"ACC_TYPE":"A2","YEAR":113,"DEAD_CNT":0,"INJ_CNT":2,"LOCATION":9},"geometry":{"type":"Point","coordinates":[120.2719559,22.84605744]}},
{"type":"Feature","properties":{"ACC_TYPE":"A2","YEAR":113,"DEAD_CNT":0,"INJ_CNT":1,"LOCATION":1},"geometry":{"type":"Point","coordinates":[120.349088,22.6134887]}},
{"type":"Feature","properties":{"ACC_TYPE":"A2","YEAR":113,"DEAD_CNT":0,"INJ_CNT":2,"LOCATION":8},"geometry":{"type":"Point","coordinates":[120.2191279,22.90715336]}},
{"type":"Feature","properties":{"ACC_TYPE":"A2","YEAR":113,"DEAD_CNT":0,"INJ_CNT":2,"LOCATION":9},"geometry":{"type":"Point","coordinates":[120.3036422,22.61871759]}},
{"type":"Feature","properties":{"ACC_TYPE":"A2","YEAR":113,"DEAD_CNT":0,"INJ_CNT":3,"LOCATION":1},"geometry":{"type":"Point","coordinates":[120.3218941,22.6101355]}},
{"type":"Feature","properties":{"ACC_TYPE":"A2","YEAR":113,"DEAD_CNT":0,"INJ_CNT":1,"LOCATION":2},"geometry":{"type":"Point","coordinates":[120.2974,22.72496]}},
{"type":"Feature","properties":{"ACC_TYPE":"A2","YEAR":113,"DEAD_CNT":0,"INJ_CNT":1,"LOCATION":1},"geometry":{"type":"Point","coordinates":[120.3009,22.77914]}},
{"type":"Feature","properties":{"ACC_TYPE":"A2","YEAR":113,"DEAD_CNT":0,"INJ_CNT":1,"LOCATION":9},"geometry":{"type":"Point","coordinates":[120.3753,22.76486]}},
{"type":"Feature","properties":{"ACC_TYPE":"A2","YEAR":113,"DEAD_CNT":0,"INJ_CNT":2,"LOCATION":1},"geometry":{"type":"Point","coordinates":[120.3552705,22.64966735]}},
{"type":"Feature","properties":{"ACC_TYPE":"A2","YEAR":113,"DEAD_CNT":0,"INJ_CNT":2,"LOCATION":9},"geometry":{"type":"Point","coordinates":[120.3435,22.61532]}},
{"type":"Feature","properties":{"ACC_TYPE":"A2","YEAR":113,"DEAD_CNT":0,"INJ_CNT":1,"LOCATION":9},"geometry":{"type":"Point","coordinates":[120.336,22.56313]}},
{"type":"Feature","properties":{"ACC_TYPE":"A2","YEAR":113,"DEAD_CNT":0,"INJ_CNT":2,"LOCATION":9},"geometry":{"type":"Point","coordinates":[120.3331,22.60969]}},
{"type":"Feature","properties":{"ACC_TYPE":"A2","YEAR":113,"DEAD_CNT":0,"INJ_CNT":2,"LOCATION":2},"geometry":{"type":"Point","coordinates":[120.2952962,22.62030964]}},
{"type":"Feature","properties":{"ACC_TYPE":"A2","YEAR":113,"DEAD_CNT":0,"INJ_CNT":1,"LOCATION":9},"geometry":{"type":"Point","coordinates":[120.3150647,22.62290133]}},
{"type":"Feature","properties":{"ACC_TYPE":"A2","YEAR":113,"DEAD_CNT":0,"INJ_CNT":1,"LOCATION":2},"geometry":{"type":"Point","coordinates":[120.3566818,22.6223554]}},
{"type":"Feature","properties":{"ACC_TYPE":"A2","YEAR":113,"DEAD_CNT":0,"INJ_CNT":1,"LOCATION":1},"geometry":{"type":"Point","coordinates":[120.3196512,22.6484116]}},
{"type":"Feature","properties":{"ACC_TYPE":"A2","YEAR":113,"DEAD_CNT":0,"INJ_CNT":2,"LOCATION":8},"geometry":{"type":"Point","coordinates":[120.2806567,22.62619611]}},
{"type":"Feature","properties":{"ACC_TYPE":"A2","YEAR":113,"DEAD_CNT":0,"INJ_CNT":1,"LOCATION":1},"geometry":{"type":"Point","coordinates":[120.3048571,22.63438233]}},
{"type":"Feature","properties":{"ACC_TYPE":"A2","YEAR":113,"DEAD_CNT":0,"INJ_CNT":1,"LOCATION":9},"geometry":{"type":"Point","coordinates":[120.3103934,22.75783367]}},
{"type":"Feature","properties":{"ACC_TYPE":"A2","YEAR":113,"DEAD_CNT":0,"INJ_CNT":1,"LOCATION":1},"geometry":{"type":"Point","coordinates":[120.2719822,22.623019]}},
{"type":"Feature","properties":{"ACC_TYPE":"A2","YEAR":113,"DEAD_CNT":0,"INJ_CNT":1,"LOCATION":9},"geometry":{"type":"Point","coordinates":[120.3216334,22.6488008]}},
{"type":"Feature","properties":{"ACC_TYPE":"A2","YEAR":113,"DEAD_CNT":0,"INJ_CNT":1,"LOCATION":1},"geometry":{"type":"Point","coordinates":[120.3232729,22.6522799]}},
{"type":"Feature","properties":{"ACC_TYPE":"A2","YEAR":113,"DEAD_CNT":0,"INJ_CNT":1,"LOCATION":1},"geometry":{"type":"Point","coordinates":[120.2970876,22.63593185]}},
{"type":"Feature","properties":{"ACC_TYPE":"A2","YEAR":113,"DEAD_CNT":0,"INJ_CNT":1,"LOCATION":9},"geometry":{"type":"Point","coordinates":[120.3198,22.65782]}},
{"type":"Feature","properties":{"ACC_TYPE":"A2","YEAR":113,"DEAD_CNT":0,"INJ_CNT":1,"LOCATION":8},"geometry":{"type":"Point","coordinates":[120.3155,22.65906]}},
{"type":"Feature","properties":{"ACC_TYPE":"A2","YEAR":113,"DEAD_CNT":0,"INJ_CNT":1,"LOCATION":8},"geometry":{"type":"Point","coordinates":[120.3047471,22.6337557]}},
{"type":"Feature","properties":{"ACC_TYPE":"A2","YEAR":113,"DEAD_CNT":0,"INJ_CNT":1,"LOCATION":1},"geometry":{"type":"Point","coordinates":[120.3009726,22.6911076]}},
{"type":"Feature","properties":{"ACC_TYPE":"A2","YEAR":113,"DEAD_CNT":0,"INJ_CNT":3,"LOCATION":9},"geometry":{"type":"Point","coordinates":[120.288237,22.68382894]}},
{"type":"Feature","properties":{"ACC_TYPE":"A2","YEAR":113,"DEAD_CNT":0,"INJ_CNT":1,"LOCATION":9},"geometry":{"type":"Point","coordinates":[120.3472995,22.61131887]}},
{"type":"Feature","properties":{"ACC_TYPE":"A2","YEAR":113,"DEAD_CNT":0,"INJ_CNT":1,"LOCATION":2},"geometry":{"type":"Point","coordinates":[120.3202518,22.61957369]}},
{"type":"Feature","properties":{"ACC_TYPE":"A2","YEAR":113,"DEAD_CNT":0,"INJ_CNT":2,"LOCATION":1},"geometry":{"type":"Point","coordinates":[120.4955754,22.91894411]}},
{"type":"Feature","properties":{"ACC_TYPE":"A2","YEAR":113,"DEAD_CNT":0,"INJ_CNT":1,"LOCATION":9},"geometry":{"type":"Point","coordinates":[120.2508,22.73361]}},
{"type":"Feature","properties":{"ACC_TYPE":"A2","YEAR":113,"DEAD_CNT":0,"INJ_CNT":1,"LOCATION":9},"geometry":{"type":"Point","coordinates":[120.2972987,22.62772797]}},
{"type":"Feature","properties":{"ACC_TYPE":"A2","YEAR":113,"DEAD_CNT":0,"INJ_CNT":2,"LOCATION":9},"geometry":{"type":"Point","coordinates":[120.3269,22.73453]}},
{"type":"Feature","properties":{"ACC_TYPE":"A2","YEAR":113,"DEAD_CNT":0,"INJ_CNT":1,"LOCATION":1},"geometry":{"type":"Point","coordinates":[120.3049486,22.68481429]}},
{"type":"Feature","properties":{"ACC_TYPE":"A2","YEAR":113,"DEAD_CNT":0,"INJ_CNT":1,"LOCATION":9},"geometry":{"type":"Point","coordinates":[120.2662,22.85404]}},
{"type":"Feature","properties":{"ACC_TYPE":"A2","YEAR":113,"DEAD_CNT":0,"INJ_CNT":1,"LOCATION":9},"geometry":{"type":"Point","coordinates":[120.3810753,22.4984455]}},
{"type":"Feature","properties":{"ACC_TYPE":"A2","YEAR":113,"DEAD_CNT":0,"INJ_CNT":1,"LOCATION":7},"geometry":{"type":"Point","coordinates":[120.2948854,22.6305325]}},
{"type":"Feature","properties":{"ACC_TYPE":"A2","YEAR":113,"DEAD_CNT":0,"INJ_CNT":1,"LOCATION":1},"geometry":{"type":"Point","coordinates":[120.3917553,22.6362658]}},
{"type":"Feature","properties":{"ACC_TYPE":"A2","YEAR":113,"DEAD_CNT":0,"INJ_CNT":1,"LOCATION":2},"geometry":{"type":"Point","coordinates":[120.2919703,22.68210397]}},
{"type":"Feature","properties":{"ACC_TYPE":"A2","YEAR":113,"DEAD_CNT":0,"INJ_CNT":2,"LOCATION":8},"geometry":{"type":"Point","coordinates":[120.3214,22.65713]}},
{"type":"Feature","properties":{"ACC_TYPE":"A2","YEAR":113,"DEAD_CNT":0,"INJ_CNT":3,"LOCATION":2},"geometry":{"type":"Point","coordinates":[120.2972,22.62637]}},
{"type":"Feature","properties":{"ACC_TYPE":"A2","YEAR":113,"DEAD_CNT":0,"INJ_CNT":2,"LOCATION":1},"geometry":{"type":"Point","coordinates":[120.3356939,22.59781628]}},
{"type":"Feature","properties":{"ACC_TYPE":"A2","YEAR":113,"DEAD_CNT":0,"INJ_CNT":1,"LOCATION":1},"geometry":{"type":"Point","coordinates":[120.4110399,22.5924143]}},
{"type":"Feature","properties":{"ACC_TYPE":"A2","YEAR":113,"DEAD_CNT":0,"INJ_CNT":1,"LOCATION":1},"geometry":{"type":"Point","coordinates":[120.3270904,22.7269374]}},
{"type":"Feature","properties":{"ACC_TYPE":"A2","YEAR":113,"DEAD_CNT":0,"INJ_CNT":2,"LOCATION":9},"geometry":{"type":"Point","coordinates":[120.2864149,22.62475181]}},
{"type":"Feature","properties":{"ACC_TYPE":"A2","YEAR":113,"DEAD_CNT":0,"INJ_CNT":1,"LOCATION":9},"geometry":{"type":"Point","coordinates":[120.2936527,22.68545227]}},
{"type":"Feature","properties":{"ACC_TYPE":"A2","YEAR":113,"DEAD_CNT":0,"INJ_CNT":2,"LOCATION":1},"geometry":{"type":"Point","coordinates":[120.3026982,22.6877275]}},
{"type":"Feature","properties":{"ACC_TYPE":"A2","YEAR":113,"DEAD_CNT":0,"INJ_CNT":1,"LOCATION":9},"geometry":{"type":"Point","coordinates":[120.329601,22.87694818]}},
{"type":"Feature","properties":{"ACC_TYPE":"A2","YEAR":113,"DEAD_CNT":0,"INJ_CNT":2,"LOCATION":1},"geometry":{"type":"Point","coordinates":[120.3470847,22.6176693]}},
{"type":"Feature","properties":{"ACC_TYPE":"A2","YEAR":113,"DEAD_CNT":0,"INJ_CNT":2,"LOCATION":2},"geometry":{"type":"Point","coordinates":[120.402403,22.6133784]}},
{"type":"Feature","properties":{"ACC_TYPE":"A2","YEAR":113,"DEAD_CNT":0,"INJ_CNT":1,"LOCATION":2},"geometry":{"type":"Point","coordinates":[120.2915148,22.6350521]}},
{"type":"Feature","properties":{"ACC_TYPE":"A2","YEAR":113,"DEAD_CNT":0,"INJ_CNT":2,"LOCATION":2},"geometry":{"type":"Point","coordinates":[120.3444751,22.68187478]}},
{"type":"Feature","properties":{"ACC_TYPE":"A2","YEAR":113,"DEAD_CNT":0,"INJ_CNT":1,"LOCATION":1},"geometry":{"type":"Point","coordinates":[120.2975455,22.61494577]}},
{"type":"Feature","properties":{"ACC_TYPE":"A2","YEAR":113,"DEAD_CNT":0,"INJ_CNT":1,"LOCATION":9},"geometry":{"type":"Point","coordinates":[120.3285766,22.6120184]}},
{"type":"Feature","properties":{"ACC_TYPE":"A2","YEAR":113,"DEAD_CNT":0,"INJ_CNT":2,"LOCATION":21},"geometry":{"type":"Point","coordinates":[120.305033,22.6413045]}},
{"type":"Feature","properties":{"ACC_TYPE":"A2","YEAR":113,"DEAD_CNT":0,"INJ_CNT":1,"LOCATION":7},"geometry":{"type":"Point","coordinates":[120.3208033,22.6489056]}},
{"type":"Feature","properties":{"ACC_TYPE":"A2","YEAR":113,"DEAD_CNT":0,"INJ_CNT":1,"LOCATION":19},"geometry":{"type":"Point","coordinates":[120.2528571,22.85729048]}},
{"type":"Feature","properties":{"ACC_TYPE":"A2","YEAR":113,"DEAD_CNT":0,"INJ_CNT":1,"LOCATION":9},"geometry":{"type":"Point","coordinates":[120.3073819,22.6663252]}},
{"type":"Feature","properties":{"ACC_TYPE":"A2","YEAR":113,"DEAD_CNT":0,"INJ_CNT":1,"LOCATION":1},"geometry":{"type":"Point","coordinates":[120.3060706,22.6283893]}},
{"type":"Feature","properties":{"ACC_TYPE":"A2","YEAR":113,"DEAD_CNT":0,"INJ_CNT":1,"LOCATION":1},"geometry":{"type":"Point","coordinates":[120.2890938,22.62422147]}},
{"type":"Feature","properties":{"ACC_TYPE":"A2","YEAR":113,"DEAD_CNT":0,"INJ_CNT":1,"LOCATION":7},"geometry":{"type":"Point","coordinates":[120.3079318,22.62629528]}},
{"type":"Feature","properties":{"ACC_TYPE":"A2","YEAR":113,"DEAD_CNT":0,"INJ_CNT":1,"LOCATION":9},"geometry":{"type":"Point","coordinates":[120.4032,22.63849]}},
{"type":"Feature","properties":{"ACC_TYPE":"A2","YEAR":113,"DEAD_CNT":0,"INJ_CNT":1,"LOCATION":1},"geometry":{"type":"Point","coordinates":[120.3118089,22.60526907]}},
{"type":"Feature","properties":{"ACC_TYPE":"A2","YEAR":113,"DEAD_CNT":0,"INJ_CNT":1,"LOCATION":1},"geometry":{"type":"Point","coordinates":[120.3943599,22.6066007]}},
{"type":"Feature","properties":{"ACC_TYPE":"A2","YEAR":113,"DEAD_CNT":0,"INJ_CNT":1,"LOCATION":9},"geometry":{"type":"Point","coordinates":[120.2886069,22.6199903]}},
{"type":"Feature","properties":{"ACC_TYPE":"A2","YEAR":113,"DEAD_CNT":0,"INJ_CNT":2,"LOCATION":2},"geometry":{"type":"Point","coordinates":[120.3652,22.62446]}},
{"type":"Feature","properties":{"ACC_TYPE":"A2","YEAR":113,"DEAD_CNT":0,"INJ_CNT":3,"LOCATION":14},"geometry":{"type":"Point","coordinates":[120.4833,22.89326]}},
{"type":"Feature","properties":{"ACC_TYPE":"A2","YEAR":113,"DEAD_CNT":0,"INJ_CNT":1,"LOCATION":7},"geometry":{"type":"Point","coordinates":[120.2967671,22.6675093]}},
{"type":"Feature","properties":{"ACC_TYPE":"A2","YEAR":113,"DEAD_CNT":0,"INJ_CNT":2,"LOCATION":9},"geometry":{"type":"Point","coordinates":[120.3163,22.64964]}},
{"type":"Feature","properties":{"ACC_TYPE":"A2","YEAR":113,"DEAD_CNT":0,"INJ_CNT":1,"LOCATION":1},"geometry":{"type":"Point","coordinates":[120.3517974,22.5698657]}},
{"type":"Feature","properties":{"ACC_TYPE":"A2","YEAR":113,"DEAD_CNT":0,"INJ_CNT":1,"LOCATION":1},"geometry":{"type":"Point","coordinates":[120.3608,22.62565]}},
{"type":"Feature","properties":{"ACC_TYPE":"A2","YEAR":113,"DEAD_CNT":0,"INJ_CNT":2,"LOCATION":1},"geometry":{"type":"Point","coordinates":[120.3338359,22.5998399]}},
{"type":"Feature","properties":{"ACC_TYPE":"A2","YEAR":113,"DEAD_CNT":0,"INJ_CNT":1,"LOCATION":1},"geometry":{"type":"Point","coordinates":[120.2612,22.85392]}},
{"type":"Feature","properties":{"ACC_TYPE":"A2","YEAR":113,"DEAD_CNT":0,"INJ_CNT":2,"LOCATION":2},"geometry":{"type":"Point","coordinates":[120.3090801,22.648377]}},
{"type":"Feature","properties":{"ACC_TYPE":"A2","YEAR":113,"DEAD_CNT":0,"INJ_CNT":2,"LOCATION":1},"geometry":{"type":"Point","coordinates":[120.3200236,22.58539585]}},
{"type":"Feature","properties":{"ACC_TYPE":"A2","YEAR":113,"DEAD_CNT":0,"INJ_CNT":1,"LOCATION":1},"geometry":{"type":"Point","coordinates":[120.3425,22.62938]}},
{"type":"Feature","properties":{"ACC_TYPE":"A2","YEAR":113,"DEAD_CNT":0,"INJ_CNT":1,"LOCATION":2},"geometry":{"type":"Point","coordinates":[120.3927949,22.6350044]}},
{"type":"Feature","properties":{"ACC_TYPE":"A2","YEAR":113,"DEAD_CNT":0,"INJ_CNT":1,"LOCATION":1},"geometry":{"type":"Point","coordinates":[120.2974309,22.61562971]}},
{"type":"Feature","properties":{"ACC_TYPE":"A2","YEAR":113,"DEAD_CNT":0,"INJ_CNT":2,"LOCATION":9},"geometry":{"type":"Point","coordinates":[120.327469,22.6444486]}},
{"type":"Feature","properties":{"ACC_TYPE":"A2","YEAR":113,"DEAD_CNT":0,"INJ_CNT":1,"LOCATION":7},"geometry":{"type":"Point","coordinates":[120.3553995,22.6401477]}},
{"type":"Feature","properties":{"ACC_TYPE":"A2","YEAR":113,"DEAD_CNT":0,"INJ_CNT":1,"LOCATION":9},"geometry":{"type":"Point","coordinates":[120.1831,22.90416]}},
{"type":"Feature","properties":{"ACC_TYPE":"A2","YEAR":113,"DEAD_CNT":0,"INJ_CNT":1,"LOCATION":2},"geometry":{"type":"Point","coordinates":[120.2782273,22.62655928]}},
{"type":"Feature","properties":{"ACC_TYPE":"A2","YEAR":113,"DEAD_CNT":0,"INJ_CNT":1,"LOCATION":2},"geometry":{"type":"Point","coordinates":[120.2926231,22.7238695]}},
{"type":"Feature","properties":{"ACC_TYPE":"A2","YEAR":113,"DEAD_CNT":0,"INJ_CNT":2,"LOCATION":9},"geometry":{"type":"Point","coordinates":[120.2690585,22.613851]}},
{"type":"Feature","properties":{"ACC_TYPE":"A2","YEAR":113,"DEAD_CNT":0,"INJ_CNT":2,"LOCATION":8},"geometry":{"type":"Point","coordinates":[120.2924,22.69319]}},
{"type":"Feature","properties":{"ACC_TYPE":"A2","YEAR":113,"DEAD_CNT":0,"INJ_CNT":1,"LOCATION":1},"geometry":{"type":"Point","coordinates":[120.2983797,22.6415144]}},
{"type":"Feature","properties":{"ACC_TYPE":"A2","YEAR":113,"DEAD_CNT":0,"INJ_CNT":1,"LOCATION":9},"geometry":{"type":"Point","coordinates":[120.3253462,22.60039478]}},
{"type":"Feature","properties":{"ACC_TYPE":"A2","YEAR":113,"DEAD_CNT":0,"INJ_CNT":2,"LOCATION":1},"geometry":{"type":"Point","coordinates":[120.2872457,22.6785124]}},
{"type":"Feature","properties":{"ACC_TYPE":"A2","YEAR":113,"DEAD_CNT":0,"INJ_CNT":2,"LOCATION":7},"geometry":{"type":"Point","coordinates":[120.3353,22.59459]}},
{"type":"Feature","properties":{"ACC_TYPE":"A2","YEAR":113,"DEAD_CNT":0,"INJ_CNT":1,"LOCATION":1},"geometry":{"type":"Point","coordinates":[120.2809293,22.71598977]}},
{"type":"Feature","properties":{"ACC_TYPE":"A2","YEAR":113,"DEAD_CNT":0,"INJ_CNT":2,"LOCATION":9},"geometry":{"type":"Point","coordinates":[120.41689,22.6512328]}},
{"type":"Feature","properties":{"ACC_TYPE":"A2","YEAR":113,"DEAD_CNT":0,"INJ_CNT":1,"LOCATION":9},"geometry":{"type":"Point","coordinates":[120.3930936,22.6348546]}},
{"type":"Feature","properties":{"ACC_TYPE":"A2","YEAR":113,"DEAD_CNT":0,"INJ_CNT":1,"LOCATION":9},"geometry":{"type":"Point","coordinates":[120.4235726,22.6001897]}},
{"type":"Feature","properties":{"ACC_TYPE":"A2","YEAR":113,"DEAD_CNT":0,"INJ_CNT":2,"LOCATION":9},"geometry":{"type":"Point","coordinates":[120.324828,22.7624577]}},
{"type":"Feature","properties":{"ACC_TYPE":"A2","YEAR":113,"DEAD_CNT":0,"INJ_CNT":1,"LOCATION":8},"geometry":{"type":"Point","coordinates":[120.3118,22.64546]}},
{"type":"Feature","properties":{"ACC_TYPE":"A2","YEAR":113,"DEAD_CNT":0,"INJ_CNT":1,"LOCATION":9},"geometry":{"type":"Point","coordinates":[120.2875443,22.7820746]}},
{"type":"Feature","properties":{"ACC_TYPE":"A2","YEAR":113,"DEAD_CNT":0,"INJ_CNT":1,"LOCATION":1},"geometry":{"type":"Point","coordinates":[120.2723084,22.6080465]}},
{"type":"Feature","properties":{"ACC_TYPE":"A2","YEAR":113,"DEAD_CNT":0,"INJ_CNT":2,"LOCATION":1},"geometry":{"type":"Point","coordinates":[120.3053356,22.6747722]}},
{"type":"Feature","properties":{"ACC_TYPE":"A2","YEAR":113,"DEAD_CNT":0,"INJ_CNT":2,"LOCATION":1},"geometry":{"type":"Point","coordinates":[120.313599,22.6337907]}},
{"type":"Feature","properties":{"ACC_TYPE":"A2","YEAR":113,"DEAD_CNT":0,"INJ_CNT":1,"LOCATION":9},"geometry":{"type":"Point","coordinates":[120.3439749,22.5671054]}},
{"type":"Feature","properties":{"ACC_TYPE":"A2","YEAR":113,"DEAD_CNT":0,"INJ_CNT":3,"LOCATION":8},"geometry":{"type":"Point","coordinates":[120.3128,22.59155]}},
{"type":"Feature","properties":{"ACC_TYPE":"A2","YEAR":113,"DEAD_CNT":0,"INJ_CNT":2,"LOCATION":9},"geometry":{"type":"Point","coordinates":[120.2831055,22.7928767]}},
{"type":"Feature","properties":{"ACC_TYPE":"A2","YEAR":113,"DEAD_CNT":0,"INJ_CNT":2,"LOCATION":2},"geometry":{"type":"Point","coordinates":[120.3125,22.67585]}},
{"type":"Feature","properties":{"ACC_TYPE":"A2","YEAR":113,"DEAD_CNT":0,"INJ_CNT":2,"LOCATION":2},"geometry":{"type":"Point","coordinates":[120.3473,22.5976]}},
{"type":"Feature","properties":{"ACC_TYPE":"A2","YEAR":113,"DEAD_CNT":0,"INJ_CNT":1,"LOCATION":1},"geometry":{"type":"Point","coordinates":[120.2555,22.85785]}},
{"type":"Feature","properties":{"ACC_TYPE":"A2","YEAR":113,"DEAD_CNT":0,"INJ_CNT":1,"LOCATION":9},"geometry":{"type":"Point","coordinates":[120.3018888,22.62326975]}},
{"type":"Feature","properties":{"ACC_TYPE":"A2","YEAR":113,"DEAD_CNT":0,"INJ_CNT":2,"LOCATION":8},"geometry":{"type":"Point","coordinates":[120.3093,22.6376]}},
{"type":"Feature","properties":{"ACC_TYPE":"A2","YEAR":113,"DEAD_CNT":0,"INJ_CNT":1,"LOCATION":1},"geometry":{"type":"Point","coordinates":[120.3615,22.62564]}},
{"type":"Feature","properties":{"ACC_TYPE":"A2","YEAR":113,"DEAD_CNT":0,"INJ_CNT":1,"LOCATION":1},"geometry":{"type":"Point","coordinates":[120.3586662,22.56385293]}},
{"type":"Feature","properties":{"ACC_TYPE":"A2","YEAR":113,"DEAD_CNT":0,"INJ_CNT":1,"LOCATION":1},"geometry":{"type":"Point","coordinates":[120.3320263,22.6433417]}},
{"type":"Feature","properties":{"ACC_TYPE":"A2","YEAR":113,"DEAD_CNT":0,"INJ_CNT":1,"LOCATION":9},"geometry":{"type":"Point","coordinates":[120.392662,22.6355491]}},
{"type":"Feature","properties":{"ACC_TYPE":"A2","YEAR":113,"DEAD_CNT":0,"INJ_CNT":2,"LOCATION":24},"geometry":{"type":"Point","coordinates":[120.3164852,22.6445092]}},
{"type":"Feature","properties":{"ACC_TYPE":"A2","YEAR":113,"DEAD_CNT":0,"INJ_CNT":2,"LOCATION":9},"geometry":{"type":"Point","coordinates":[120.3003,22.62299]}},
{"type":"Feature","properties":{"ACC_TYPE":"A2","YEAR":113,"DEAD_CNT":0,"INJ_CNT":1,"LOCATION":9},"geometry":{"type":"Point","coordinates":[120.4206,22.65638]}},
{"type":"Feature","properties":{"ACC_TYPE":"A2","YEAR":113,"DEAD_CNT":0,"INJ_CNT":2,"LOCATION":1},"geometry":{"type":"Point","coordinates":[120.4959,22.91949]}},
{"type":"Feature","properties":{"ACC_TYPE":"A2","YEAR":113,"DEAD_CNT":0,"INJ_CNT":1,"LOCATION":9},"geometry":{"type":"Point","coordinates":[120.358257,22.622469]}},
{"type":"Feature","properties":{"ACC_TYPE":"A2","YEAR":113,"DEAD_CNT":0,"INJ_CNT":1,"LOCATION":1},"geometry":{"type":"Point","coordinates":[120.3291878,22.63087122]}},
{"type":"Feature","properties":{"ACC_TYPE":"A2","YEAR":113,"DEAD_CNT":0,"INJ_CNT":2,"LOCATION":9},"geometry":{"type":"Point","coordinates":[120.3119,22.62778]}},
{"type":"Feature","properties":{"ACC_TYPE":"A2","YEAR":113,"DEAD_CNT":0,"INJ_CNT":1,"LOCATION":1},"geometry":{"type":"Point","coordinates":[120.361,22.59292]}},
{"type":"Feature","properties":{"ACC_TYPE":"A2","YEAR":113,"DEAD_CNT":0,"INJ_CNT":2,"LOCATION":2},"geometry":{"type":"Point","coordinates":[120.2764349,22.6603517]}},
{"type":"Feature","properties":{"ACC_TYPE":"A2","YEAR":113,"DEAD_CNT":0,"INJ_CNT":2,"LOCATION":9},"geometry":{"type":"Point","coordinates":[120.405,22.6143]}},
{"type":"Feature","properties":{"ACC_TYPE":"A2","YEAR":113,"DEAD_CNT":0,"INJ_CNT":1,"LOCATION":24},"geometry":{"type":"Point","coordinates":[120.2930258,22.7086561]}},
{"type":"Feature","properties":{"ACC_TYPE":"A2","YEAR":113,"DEAD_CNT":0,"INJ_CNT":1,"LOCATION":1},"geometry":{"type":"Point","coordinates":[120.3482199,22.637787]}},
{"type":"Feature","properties":{"ACC_TYPE":"A2","YEAR":113,"DEAD_CNT":0,"INJ_CNT":1,"LOCATION":8},"geometry":{"type":"Point","coordinates":[120.3705,22.61261]}},
{"type":"Feature","properties":{"ACC_TYPE":"A2","YEAR":113,"DEAD_CNT":0,"INJ_CNT":1,"LOCATION":9},"geometry":{"type":"Point","coordinates":[120.349195,22.6172663]}},
{"type":"Feature","properties":{"ACC_TYPE":"A2","YEAR":113,"DEAD_CNT":0,"INJ_CNT":1,"LOCATION":2},"geometry":{"type":"Point","coordinates":[120.351,22.61261]}},
{"type":"Feature","properties":{"ACC_TYPE":"A2","YEAR":113,"DEAD_CNT":0,"INJ_CNT":1,"LOCATION":9},"geometry":{"type":"Point","coordinates":[120.3309798,22.6625205]}},
{"type":"Feature","properties":{"ACC_TYPE":"A2","YEAR":113,"DEAD_CNT":0,"INJ_CNT":1,"LOCATION":1},"geometry":{"type":"Point","coordinates":[120.3435,22.64865]}},
{"type":"Feature","properties":{"ACC_TYPE":"A2","YEAR":113,"DEAD_CNT":0,"INJ_CNT":2,"LOCATION":1},"geometry":{"type":"Point","coordinates":[120.3283891,22.645448]}},
{"type":"Feature","properties":{"ACC_TYPE":"A2","YEAR":113,"DEAD_CNT":0,"INJ_CNT":1,"LOCATION":1},"geometry":{"type":"Point","coordinates":[120.3365317,22.62669234]}},
{"type":"Feature","properties":{"ACC_TYPE":"A2","YEAR":113,"DEAD_CNT":0,"INJ_CNT":1,"LOCATION":9},"geometry":{"type":"Point","coordinates":[120.392732,22.512585]}},
{"type":"Feature","properties":{"ACC_TYPE":"A2","YEAR":113,"DEAD_CNT":0,"INJ_CNT":1,"LOCATION":1},"geometry":{"type":"Point","coordinates":[120.2862181,22.6379388]}},
{"type":"Feature","properties":{"ACC_TYPE":"A2","YEAR":113,"DEAD_CNT":0,"INJ_CNT":1,"LOCATION":1},"geometry":{"type":"Point","coordinates":[120.29231,22.6588024]}},
{"type":"Feature","properties":{"ACC_TYPE":"A2","YEAR":113,"DEAD_CNT":0,"INJ_CNT":1,"LOCATION":1},"geometry":{"type":"Point","coordinates":[120.2953603,22.71425494]}},
{"type":"Feature","properties":{"ACC_TYPE":"A2","YEAR":113,"DEAD_CNT":0,"INJ_CNT":2,"LOCATION":7},"geometry":{"type":"Point","coordinates":[120.3867398,22.6156411]}},
{"type":"Feature","properties":{"ACC_TYPE":"A2","YEAR":113,"DEAD_CNT":0,"INJ_CNT":2,"LOCATION":9},"geometry":{"type":"Point","coordinates":[120.3110568,22.6434358]}},
{"type":"Feature","properties":{"ACC_TYPE":"A2","YEAR":113,"DEAD_CNT":0,"INJ_CNT":2,"LOCATION":8},"geometry":{"type":"Point","coordinates":[120.3512,22.64101]}},
{"type":"Feature","properties":{"ACC_TYPE":"A2","YEAR":113,"DEAD_CNT":0,"INJ_CNT":1,"LOCATION":1},"geometry":{"type":"Point","coordinates":[120.3618042,22.6232668]}},
{"type":"Feature","properties":{"ACC_TYPE":"A2","YEAR":113,"DEAD_CNT":0,"INJ_CNT":2,"LOCATION":9},"geometry":{"type":"Point","coordinates":[120.2781423,22.62654409]}},
{"type":"Feature","properties":{"ACC_TYPE":"A2","YEAR":113,"DEAD_CNT":0,"INJ_CNT":2,"LOCATION":1},"geometry":{"type":"Point","coordinates":[120.3478223,22.6148715]}},
{"type":"Feature","properties":{"ACC_TYPE":"A2","YEAR":113,"DEAD_CNT":0,"INJ_CNT":1,"LOCATION":1},"geometry":{"type":"Point","coordinates":[120.3615,22.79433]}},
{"type":"Feature","properties":{"ACC_TYPE":"A2","YEAR":113,"DEAD_CNT":0,"INJ_CNT":2,"LOCATION":8},"geometry":{"type":"Point","coordinates":[120.3097,22.64544]}},
{"type":"Feature","properties":{"ACC_TYPE":"A2","YEAR":113,"DEAD_CNT":0,"INJ_CNT":1,"LOCATION":1},"geometry":{"type":"Point","coordinates":[120.3097983,22.63043966]}},
{"type":"Feature","properties":{"ACC_TYPE":"A2","YEAR":113,"DEAD_CNT":0,"INJ_CNT":2,"LOCATION":9},"geometry":{"type":"Point","coordinates":[120.2991958,22.6342806]}},
{"type":"Feature","properties":{"ACC_TYPE":"A2","YEAR":113,"DEAD_CNT":0,"INJ_CNT":1,"LOCATION":7},"geometry":{"type":"Point","coordinates":[120.3528,22.62894]}},
{"type":"Feature","properties":{"ACC_TYPE":"A2","YEAR":113,"DEAD_CNT":0,"INJ_CNT":2,"LOCATION":8},"geometry":{"type":"Point","coordinates":[120.2974,22.62796]}},
{"type":"Feature","properties":{"ACC_TYPE":"A2","YEAR":113,"DEAD_CNT":0,"INJ_CNT":2,"LOCATION":9},"geometry":{"type":"Point","coordinates":[120.3905992,22.6338564]}},
{"type":"Feature","properties":{"ACC_TYPE":"A2","YEAR":113,"DEAD_CNT":0,"INJ_CNT":1,"LOCATION":2},"geometry":{"type":"Point","coordinates":[120.4109,22.66248]}},
{"type":"Feature","properties":{"ACC_TYPE":"A2","YEAR":113,"DEAD_CNT":0,"INJ_CNT":1,"LOCATION":9},"geometry":{"type":"Point","coordinates":[120.3348,22.6044]}},
{"type":"Feature","properties":{"ACC_TYPE":"A2","YEAR":113,"DEAD_CNT":0,"INJ_CNT":1,"LOCATION":1},"geometry":{"type":"Point","coordinates":[120.3335,22.60146]}},
{"type":"Feature","properties":{"ACC_TYPE":"A2","YEAR":113,"DEAD_CNT":0,"INJ_CNT":2,"LOCATION":9},"geometry":{"type":"Point","coordinates":[120.3533,22.61183]}},
{"type":"Feature","properties":{"ACC_TYPE":"A2","YEAR":113,"DEAD_CNT":0,"INJ_CNT":1,"LOCATION":1},"geometry":{"type":"Point","coordinates":[120.2973,22.63175]}},
{"type":"Feature","properties":{"ACC_TYPE":"A2","YEAR":113,"DEAD_CNT":0,"INJ_CNT":1,"LOCATION":9},"geometry":{"type":"Point","coordinates":[120.3261,22.59917]}},
{"type":"Feature","properties":{"ACC_TYPE":"A2","YEAR":113,"DEAD_CNT":0,"INJ_CNT":1,"LOCATION":1},"geometry":{"type":"Point","coordinates":[120.2941421,22.6753602]}},
{"type":"Feature","properties":{"ACC_TYPE":"A2","YEAR":113,"DEAD_CNT":0,"INJ_CNT":1,"LOCATION":8},"geometry":{"type":"Point","coordinates":[120.3473,22.63063]}},
{"type":"Feature","properties":{"ACC_TYPE":"A2","YEAR":113,"DEAD_CNT":0,"INJ_CNT":1,"LOCATION":24},"geometry":{"type":"Point","coordinates":[120.3218512,22.6804026]}},
{"type":"Feature","properties":{"ACC_TYPE":"A2","YEAR":113,"DEAD_CNT":0,"INJ_CNT":2,"LOCATION":8},"geometry":{"type":"Point","coordinates":[120.3086404,22.6529827]}},
{"type":"Feature","properties":{"ACC_TYPE":"A2","YEAR":113,"DEAD_CNT":0,"INJ_CNT":1,"LOCATION":2},"geometry":{"type":"Point","coordinates":[120.3424,22.63008]}},
{"type":"Feature","properties":{"ACC_TYPE":"A2","YEAR":113,"DEAD_CNT":0,"INJ_CNT":2,"LOCATION":1},"geometry":{"type":"Point","coordinates":[120.2852929,22.6297055]}},
{"type":"Feature","properties":{"ACC_TYPE":"A2","YEAR":113,"DEAD_CNT":0,"INJ_CNT":1,"LOCATION":1},"geometry":{"type":"Point","coordinates":[120.3157,22.61851]}},
{"type":"Feature","properties":{"ACC_TYPE":"A2","YEAR":113,"DEAD_CNT":0,"INJ_CNT":1,"LOCATION":8},"geometry":{"type":"Point","coordinates":[120.3522534,22.62433051]}},
{"type":"Feature","properties":{"ACC_TYPE":"A2","YEAR":113,"DEAD_CNT":0,"INJ_CNT":2,"LOCATION":9},"geometry":{"type":"Point","coordinates":[120.3183541,22.723256]}},
{"type":"Feature","properties":{"ACC_TYPE":"A2","YEAR":113,"DEAD_CNT":0,"INJ_CNT":2,"LOCATION":9},"geometry":{"type":"Point","coordinates":[120.2842973,22.67364624]}},
{"type":"Feature","properties":{"ACC_TYPE":"A2","YEAR":113,"DEAD_CNT":0,"INJ_CNT":2,"LOCATION":2},"geometry":{"type":"Point","coordinates":[120.3094514,22.6224278]}},
{"type":"Feature","properties":{"ACC_TYPE":"A2","YEAR":113,"DEAD_CNT":0,"INJ_CNT":2,"LOCATION":7},"geometry":{"type":"Point","coordinates":[120.3413546,22.6288067]}},
{"type":"Feature","properties":{"ACC_TYPE":"A2","YEAR":113,"DEAD_CNT":0,"INJ_CNT":1,"LOCATION":2},"geometry":{"type":"Point","coordinates":[120.3505668,22.6374218]}},
{"type":"Feature","properties":{"ACC_TYPE":"A2","YEAR":113,"DEAD_CNT":0,"INJ_CNT":2,"LOCATION":9},"geometry":{"type":"Point","coordinates":[120.2685171,22.7602689]}},
{"type":"Feature","properties":{"ACC_TYPE":"A2","YEAR":113,"DEAD_CNT":0,"INJ_CNT":1,"LOCATION":9},"geometry":{"type":"Point","coordinates":[120.3977408,22.4885193]}},
{"type":"Feature","properties":{"ACC_TYPE":"A2","YEAR":113,"DEAD_CNT":0,"INJ_CNT":1,"LOCATION":21},"geometry":{"type":"Point","coordinates":[120.2977,22.67326]}},
{"type":"Feature","properties":{"ACC_TYPE":"A2","YEAR":113,"DEAD_CNT":0,"INJ_CNT":1,"LOCATION":1},"geometry":{"type":"Point","coordinates":[120.3266558,22.6018276]}},
{"type":"Feature","properties":{"ACC_TYPE":"A2","YEAR":113,"DEAD_CNT":0,"INJ_CNT":1,"LOCATION":2},"geometry":{"type":"Point","coordinates":[120.3104159,22.61072448]}},
{"type":"Feature","properties":{"ACC_TYPE":"A2","YEAR":113,"DEAD_CNT":0,"INJ_CNT":1,"LOCATION":2},"geometry":{"type":"Point","coordinates":[120.3098295,22.63029704]}},
{"type":"Feature","properties":{"ACC_TYPE":"A2","YEAR":113,"DEAD_CNT":0,"INJ_CNT":1,"LOCATION":9},"geometry":{"type":"Point","coordinates":[120.3183034,22.5923981]}},
{"type":"Feature","properties":{"ACC_TYPE":"A2","YEAR":113,"DEAD_CNT":0,"INJ_CNT":2,"LOCATION":1},"geometry":{"type":"Point","coordinates":[120.289215,22.631]}},
{"type":"Feature","properties":{"ACC_TYPE":"A2","YEAR":113,"DEAD_CNT":0,"INJ_CNT":2,"LOCATION":2},"geometry":{"type":"Point","coordinates":[120.2990104,22.61463656]}},
{"type":"Feature","properties":{"ACC_TYPE":"A2","YEAR":113,"DEAD_CNT":0,"INJ_CNT":1,"LOCATION":1},"geometry":{"type":"Point","coordinates":[120.289985,22.67073326]}},
{"type":"Feature","properties":{"ACC_TYPE":"A2","YEAR":113,"DEAD_CNT":0,"INJ_CNT":1,"LOCATION":9},"geometry":{"type":"Point","coordinates":[120.2923139,22.7933545]}},
{"type":"Feature","properties":{"ACC_TYPE":"A2","YEAR":113,"DEAD_CNT":0,"INJ_CNT":1,"LOCATION":1},"geometry":{"type":"Point","coordinates":[120.3050366,22.635799]}},
{"type":"Feature","properties":{"ACC_TYPE":"A2","YEAR":113,"DEAD_CNT":0,"INJ_CNT":2,"LOCATION":9},"geometry":{"type":"Point","coordinates":[120.563423,22.91248074]}},
{"type":"Feature","properties":{"ACC_TYPE":"A2","YEAR":113,"DEAD_CNT":0,"INJ_CNT":1,"LOCATION":2},"geometry":{"type":"Point","coordinates":[120.541349,22.90185509]}},
{"type":"Feature","properties":{"ACC_TYPE":"A2","YEAR":113,"DEAD_CNT":0,"INJ_CNT":1,"LOCATION":1},"geometry":{"type":"Point","coordinates":[120.2954862,22.7235048]}},
{"type":"Feature","properties":{"ACC_TYPE":"A2","YEAR":113,"DEAD_CNT":0,"INJ_CNT":1,"LOCATION":8},"geometry":{"type":"Point","coordinates":[120.3188544,22.61874713]}},
{"type":"Feature","properties":{"ACC_TYPE":"A2","YEAR":113,"DEAD_CNT":0,"INJ_CNT":2,"LOCATION":19},"geometry":{"type":"Point","coordinates":[120.3713,22.56596]}},
{"type":"Feature","properties":{"ACC_TYPE":"A2","YEAR":113,"DEAD_CNT":0,"INJ_CNT":2,"LOCATION":1},"geometry":{"type":"Point","coordinates":[120.2906,22.66111]}},
{"type":"Feature","properties":{"ACC_TYPE":"A2","YEAR":113,"DEAD_CNT":0,"INJ_CNT":1,"LOCATION":9},"geometry":{"type":"Point","coordinates":[120.3088,22.64486]}},
{"type":"Feature","properties":{"ACC_TYPE":"A2","YEAR":113,"DEAD_CNT":0,"INJ_CNT":2,"LOCATION":8},"geometry":{"type":"Point","coordinates":[120.2788,22.6555]}},
{"type":"Feature","properties":{"ACC_TYPE":"A2","YEAR":113,"DEAD_CNT":0,"INJ_CNT":3,"LOCATION":1},"geometry":{"type":"Point","coordinates":[120.2907,22.64075]}},
{"type":"Feature","properties":{"ACC_TYPE":"A2","YEAR":113,"DEAD_CNT":0,"INJ_CNT":1,"LOCATION":9},"geometry":{"type":"Point","coordinates":[120.3523,22.63921]}},
{"type":"Feature","properties":{"ACC_TYPE":"A2","YEAR":113,"DEAD_CNT":0,"INJ_CNT":1,"LOCATION":1},"geometry":{"type":"Point","coordinates":[120.3333158,22.6306499]}},
{"type":"Feature","properties":{"ACC_TYPE":"A2","YEAR":113,"DEAD_CNT":0,"INJ_CNT":1,"LOCATION":21},"geometry":{"type":"Point","coordinates":[120.37196,22.62482349]}},
{"type":"Feature","properties":{"ACC_TYPE":"A2","YEAR":113,"DEAD_CNT":0,"INJ_CNT":1,"LOCATION":9},"geometry":{"type":"Point","coordinates":[120.3486,22.62002]}},
{"type":"Feature","properties":{"ACC_TYPE":"A2","YEAR":113,"DEAD_CNT":0,"INJ_CNT":1,"LOCATION":9},"geometry":{"type":"Point","coordinates":[120.4236,22.66365]}},
{"type":"Feature","properties":{"ACC_TYPE":"A2","YEAR":113,"DEAD_CNT":0,"INJ_CNT":2,"LOCATION":1},"geometry":{"type":"Point","coordinates":[120.3118248,22.6150264]}}
]
}
